10%2F05%2F2026#12%3A07#Simjrn#000000000000#Project#Updated%20project%20metadata
10%2F05%2F2026#12%3A05#Simjrn#wdPjlhQXUNKx#Question#Deleted%20question%20'wdPjlhQXUNKx'%20from%20lesson%20'YqPbkKZcuErJ'
10%2F05%2F2026#12%3A05#Simjrn#kpjuwet3JFM6#Question#Deleted%20question%20'kpjuwet3JFM6'%20from%20lesson%20'hwuKxVBWusF7'
10%2F05%2F2026#12%3A05#Simjrn#8p1isiLvNwku#Question#Deleted%20question%20'8p1isiLvNwku'%20from%20lesson%20'kUsQOyrwFlHP'
10%2F05%2F2026#12%3A04#Simjrn#MnD0uCzE0HBY#Skill#Updated%20skill%20'To%20learn'%20details
10%2F05%2F2026#12%3A00#Simjrn#000000000000#Project#Updated%20project%20metadata
10%2F05%2F2026#12%3A00#Simjrn#MnD0uCzE0HBY#Sentences#Updated%20sentences%20for%20skill%20'To%20learn'
10%2F05%2F2026#11%3A52#Simjrn#MnD0uCzE0HBY#Vocab#Updated%20vocabulary%20for%20skill%20'To%20learn'
10%2F05%2F2026#11%3A27#Simjrn#MnD0uCzE0HBY#Notes#Updated%20notes%20for%20skill%20'To%20learn'
10%2F05%2F2026#11%3A27#Simjrn#MnD0uCzE0HBY#Vocab#Updated%20vocabulary%20for%20skill%20'To%20learn'
10%2F05%2F2026#11%3A19#Simjrn#MnD0uCzE0HBY#Skill#Updated%20skill%20'To%20learn'%20details
10%2F05%2F2026#11%3A19#Simjrn#BdJzfJqnx2O0#Skill#Updated%20skill%20'School'%20details
10%2F05%2F2026#11%3A19#Simjrn#MnD0uCzE0HBY#Skill#Updated%20skill%20'To%20learn'%20details
10%2F05%2F2026#11%3A19#Simjrn#MnD0uCzE0HBY#Skill#Updated%20skill%20'To%20learn'%20details
10%2F05%2F2026#11%3A19#Simjrn#MnD0uCzE0HBY#Skill#Updated%20skill%20'To%20learn'%20details
10%2F05%2F2026#11%3A19#Simjrn#MnD0uCzE0HBY#Skill#Updated%20skill%20'To%20learn'%20details
10%2F05%2F2026#11%3A18#Simjrn#MnD0uCzE0HBY#Skill#Updated%20skill%20'To%20learn'%20details
10%2F05%2F2026#11%3A18#Simjrn#MnD0uCzE0HBY#Skill#Added%20new%20skill%20'New%20Skill'%20to%20unit%204
10%2F05%2F2026#11%3A17#Simjrn#000000000000#Project#Updated%20project%20metadata
10%2F05%2F2026#11%3A17#Simjrn#xu4ABZ8oIeNX#Skill#Updated%20skill%20'Make%20indefinite%20sentences'%20details
10%2F05%2F2026#11%3A14#Simjrn#000000000000#Project#Updated%20project%20metadata
10%2F05%2F2026#11%3A14#Simjrn#xu4ABZ8oIeNX#Sentences#Updated%20sentences%20for%20skill%20'Make%20indefinite%20sentences'
09%2F05%2F2026#15%3A53#Simjrn#000000000000#Project#Updated%20project%20metadata
09%2F05%2F2026#15%3A53#Simjrn#xu4ABZ8oIeNX#Sentences#Updated%20sentences%20for%20skill%20'Make%20indefinite%20sentences'
09%2F05%2F2026#15%3A42#Simjrn#xu4ABZ8oIeNX#Notes#Updated%20notes%20for%20skill%20'Make%20indefinite%20sentences'
09%2F05%2F2026#15%3A40#Simjrn#xu4ABZ8oIeNX#Sentences#Updated%20sentences%20for%20skill%20'Make%20indefinite%20sentences'
01%2F05%2F2026#17%3A38#Simjrn#000000000000#Project#Updated%20project%20metadata
01%2F05%2F2026#17%3A35#Simjrn#spqeL2otntJD#Skill#Updated%20skill%20'To%20eat'%20details
01%2F05%2F2026#17%3A32#Simjrn#kYRNGNnR9Gd0#Skill#Updated%20skill%20'Pets'%20details
01%2F05%2F2026#17%3A29#Simjrn#f5M39bhnVnGI#Skill#Updated%20skill%20'Foods'%20details
01%2F05%2F2026#17%3A26#Simjrn#000000000000#Project#Updated%20project%20metadata
01%2F05%2F2026#17%3A25#Simjrn#spqeL2otntJD#Sentences#Updated%20sentences%20for%20skill%20'To%20eat'
01%2F05%2F2026#17%3A21#Simjrn#kYRNGNnR9Gd0#Sentences#Updated%20sentences%20for%20skill%20'Pets'
01%2F05%2F2026#17%3A13#Simjrn#f5M39bhnVnGI#Sentences#Updated%20sentences%20for%20skill%20'Foods'
01%2F05%2F2026#17%3A11#Simjrn#LMJskZwdHsKZ#Skill#Updated%20skill%20'Greetings'%20details
26%2F04%2F2026#17%3A45#Simjrn#000000000000#Project#Updated%20project%20metadata
26%2F04%2F2026#17%3A45#Simjrn#xu4ABZ8oIeNX#Skill#Updated%20skill%20'Make%20indefinite%20sentences'%20details
26%2F04%2F2026#17%3A45#Simjrn#xu4ABZ8oIeNX#Skill#Moved%20skill%20'Make%20indefinite%20sentences'%20to%20Unit%204
26%2F04%2F2026#17%3A44#Simjrn#xu4ABZ8oIeNX#Skill#Updated%20skill%20'Make%20indefinite%20sentences'%20details
26%2F04%2F2026#17%3A44#Simjrn#BdJzfJqnx2O0#Skill#Updated%20skill%20'School'%20details
26%2F04%2F2026#17%3A44#Simjrn#xu4ABZ8oIeNX#Skill#Updated%20skill%20'Make%20indefinite%20sentences'%20details
26%2F04%2F2026#17%3A44#Simjrn#xu4ABZ8oIeNX#Skill#Updated%20skill%20'Make%20indefinite%20sentences'%20details
26%2F04%2F2026#17%3A44#Simjrn#xu4ABZ8oIeNX#Skill#Updated%20skill%20'Make%20indefinite%20sentences'%20details
26%2F04%2F2026#17%3A43#Simjrn#xu4ABZ8oIeNX#Skill#Updated%20skill%20'Make%20indefinite%20sentences'%20details
26%2F04%2F2026#17%3A43#Simjrn#xu4ABZ8oIeNX#Skill#Updated%20skill%20'Make%20indefinite%20sentences'%20details
26%2F04%2F2026#17%3A42#Simjrn#xu4ABZ8oIeNX#Notes#Updated%20notes%20for%20skill%20'Make%20indefinite%20sentences'
26%2F04%2F2026#17%3A40#Simjrn#xu4ABZ8oIeNX#Vocab#Updated%20vocabulary%20for%20skill%20'Make%20indefinite%20sentences'
26%2F04%2F2026#17%3A36#Simjrn#xu4ABZ8oIeNX#Vocab#Updated%20vocabulary%20for%20skill%20'Make%20indefinite%20sentences'
26%2F04%2F2026#17%3A35#Simjrn#xu4ABZ8oIeNX#Vocab#Updated%20vocabulary%20for%20skill%20'Make%20indefinite%20sentences'
26%2F04%2F2026#17%3A35#Simjrn#xu4ABZ8oIeNX#Skill#Updated%20skill%20'Make%20indefinite%20sentences'%20details
26%2F04%2F2026#17%3A34#Simjrn#xu4ABZ8oIeNX#Skill#Updated%20skill%20'Describe%20someone's%20character'%20details
26%2F04%2F2026#17%3A34#Simjrn#xu4ABZ8oIeNX#Skill#Added%20new%20skill%20'New%20Skill'%20to%20unit%204
26%2F04%2F2026#17%3A32#Simjrn#BdJzfJqnx2O0#Sentences#Updated%20sentences%20for%20skill%20'School'
26%2F04%2F2026#17%3A31#Simjrn#BdJzfJqnx2O0#Vocab#Updated%20vocabulary%20for%20skill%20'School'
26%2F04%2F2026#17%3A31#Simjrn#BdJzfJqnx2O0#Vocab#Updated%20vocabulary%20for%20skill%20'School'
26%2F04%2F2026#17%3A27#Simjrn#unit0.nml#File#Edited%20unit0.nml%20from%20property%20viewer
26%2F04%2F2026#17%3A25#Simjrn#LMJskZwdHsKZ#Notes#Updated%20notes%20for%20skill%20'Greetings'
03%2F04%2F2026#17%3A38#Simjrn#000000000000#Project#Updated%20project%20metadata
03%2F04%2F2026#17%3A37#Simjrn#tMzWejvrJcQX#Vocab#Updated%20vocabulary%20for%20skill%20'In%20the%20supermarket'
03%2F04%2F2026#17%3A34#Simjrn#tMzWejvrJcQX#Skill#Updated%20skill%20'In%20the%20supermarket'%20details
03%2F04%2F2026#17%3A31#Simjrn#tMzWejvrJcQX#Skill#Updated%20skill%20'In%20the%20supermarket'%20details
03%2F04%2F2026#17%3A31#Simjrn#tMzWejvrJcQX#Skill#Updated%20skill%20'In%20the%20supermarket'%20details
03%2F04%2F2026#17%3A31#Simjrn#BdJzfJqnx2O0#Skill#Updated%20skill%20'School'%20details
03%2F04%2F2026#17%3A30#Simjrn#BdJzfJqnx2O0#Skill#Moved%20skill%20'School'%20to%20Unit%204
03%2F04%2F2026#17%3A30#Simjrn#000000000000#Project#Updated%20project%20metadata
03%2F04%2F2026#17%3A29#Simjrn#tMzWejvrJcQX#Sentences#Updated%20sentences%20for%20skill%20'In%20the%20supermarket'
03%2F04%2F2026#17%3A02#Simjrn#tMzWejvrJcQX#Vocab#Updated%20vocabulary%20for%20skill%20'In%20the%20supermarket'
03%2F04%2F2026#16%3A54#Simjrn#BdJzfJqnx2O0#Vocab#Updated%20vocabulary%20for%20skill%20'School'
03%2F04%2F2026#16%3A40#Simjrn#BdJzfJqnx2O0#Notes#Updated%20notes%20for%20skill%20'School'
03%2F04%2F2026#16%3A40#Simjrn#BdJzfJqnx2O0#Skill#Updated%20skill%20'School'%20details
03%2F04%2F2026#16%3A40#Simjrn#BdJzfJqnx2O0#Skill#Updated%20skill%20'School'%20details
03%2F04%2F2026#16%3A40#Simjrn#BdJzfJqnx2O0#Skill#Updated%20skill%20'New%20Skill'%20details
03%2F04%2F2026#16%3A39#Simjrn#BdJzfJqnx2O0#Skill#Updated%20skill%20'New%20Skill'%20details
03%2F04%2F2026#16%3A39#Simjrn#BdJzfJqnx2O0#Skill#Updated%20skill%20'New%20Skill'%20details
03%2F04%2F2026#16%3A39#Simjrn#BdJzfJqnx2O0#Skill#Updated%20skill%20'New%20Skill'%20details
03%2F04%2F2026#16%3A39#Simjrn#tMzWejvrJcQX#Skill#Moved%20skill%20'In%20the%20supermarket'%20to%20Unit%204
03%2F04%2F2026#16%3A39#Simjrn#mHgMTI7kzbvo#Skill#Updated%20skill%20'Body%20parts'%20details
03%2F04%2F2026#16%3A39#Simjrn#BdJzfJqnx2O0#Skill#Updated%20skill%20'New%20Skill'%20details
03%2F04%2F2026#16%3A39#Simjrn#BdJzfJqnx2O0#Skill#Moved%20skill%20'New%20Skill'%20to%20Unit%204
03%2F04%2F2026#16%3A38#Simjrn#tMzWejvrJcQX#Skill#Moved%20skill%20'In%20the%20supermarket'%20to%20Unit%204
03%2F04%2F2026#16%3A38#Simjrn#BdJzfJqnx2O0#Skill#Added%20new%20skill%20'New%20Skill'%20to%20unit%204
02%2F04%2F2026#15%3A19#Simjrn#000000000000#Project#Updated%20project%20metadata
02%2F04%2F2026#15%3A15#Simjrn#dqgfLiYs8jaW#Skill#Updated%20skill%20'Countries'%20details
02%2F04%2F2026#15%3A06#Simjrn#000000000000#Project#Updated%20project%20metadata
02%2F04%2F2026#14%3A58#Simjrn#EhbPefsmbOTH#Sentences#Updated%20sentences%20for%20skill%20'Imperative'
02%2F04%2F2026#13%3A16#Simjrn#000000000000#Project#Updated%20project%20metadata
02%2F04%2F2026#10%3A36#Simjrn#000000000000#Project#Updated%20project%20metadata
02%2F04%2F2026#10%3A36#Simjrn#EhbPefsmbOTH#Skill#Moved%20skill%20'Imperative'%20to%20Unit%204
02%2F04%2F2026#10%3A35#Simjrn#EhbPefsmbOTH#Skill#Updated%20skill%20'Imperative'%20details
02%2F04%2F2026#10%3A31#Simjrn#EhbPefsmbOTH#Skill#Moved%20skill%20'Imperative'%20to%20Unit%204
02%2F04%2F2026#10%3A31#Simjrn#tMzWejvrJcQX#Skill#Moved%20skill%20'In%20the%20supermarket'%20to%20Unit%204
02%2F04%2F2026#10%3A30#Simjrn#EhbPefsmbOTH#Sentences#Updated%20sentences%20for%20skill%20'Imperative'
02%2F04%2F2026#10%3A29#Simjrn#EhbPefsmbOTH#Skill#Updated%20skill%20'Imperative'%20details
02%2F04%2F2026#10%3A28#Simjrn#tMzWejvrJcQX#Skill#Updated%20skill%20'In%20the%20supermarket'%20details
02%2F04%2F2026#10%3A28#Simjrn#EhbPefsmbOTH#Skill#Updated%20skill%20'Imperitave'%20details
02%2F04%2F2026#10%3A28#Simjrn#EhbPefsmbOTH#Skill#Updated%20skill%20'Imperitave'%20details
02%2F04%2F2026#10%3A27#Simjrn#EhbPefsmbOTH#Skill#Updated%20skill%20'Imperitave'%20details
02%2F04%2F2026#10%3A27#Simjrn#EhbPefsmbOTH#Skill#Updated%20skill%20'Imperitave'%20details
02%2F04%2F2026#10%3A27#Simjrn#EhbPefsmbOTH#Skill#Updated%20skill%20'Imperitave'%20details
02%2F04%2F2026#10%3A25#Simjrn#000000000000#Project#Updated%20project%20metadata
02%2F04%2F2026#10%3A25#Simjrn#tMzWejvrJcQX#Vocab#Updated%20vocabulary%20for%20skill%20'In%20the%20supermarket'
02%2F04%2F2026#09%3A59#Simjrn#000000000000#Project#Updated%20project%20metadata
02%2F04%2F2026#09%3A47#Simjrn#000000000000#Project#Updated%20project%20metadata
02%2F04%2F2026#09%3A44#Simjrn#K232s0Cr6hZ3#Question#Deleted%20question%20'K232s0Cr6hZ3'%20from%20lesson%20'U3MlUQChapQt'
02%2F04%2F2026#09%3A44#Simjrn#JibSgdbHYxtd#Question#Deleted%20question%20'JibSgdbHYxtd'%20from%20lesson%20'U3MlUQChapQt'
02%2F04%2F2026#09%3A44#Simjrn#77PL4dcM4tHW#Question#Deleted%20question%20'77PL4dcM4tHW'%20from%20lesson%20'U3MlUQChapQt'
02%2F04%2F2026#09%3A44#Simjrn#AAS2vKh5gxCR#Question#Deleted%20question%20'AAS2vKh5gxCR'%20from%20lesson%20'19U63IYL1X4R'
02%2F04%2F2026#09%3A44#Simjrn#bTQAnzJ5k6Li#Question#Deleted%20question%20'bTQAnzJ5k6Li'%20from%20lesson%20'19U63IYL1X4R'
02%2F04%2F2026#09%3A44#Simjrn#2cDoDIZEoN9e#Question#Deleted%20question%20'2cDoDIZEoN9e'%20from%20lesson%20'19U63IYL1X4R'
02%2F04%2F2026#09%3A43#Simjrn#jRRICz0DoiNL#Question#Deleted%20question%20'jRRICz0DoiNL'%20from%20lesson%20'Yiz6r2e26hAz'
02%2F04%2F2026#09%3A43#Simjrn#E5AhqKiJdGrO#Question#Deleted%20question%20'E5AhqKiJdGrO'%20from%20lesson%20'Yiz6r2e26hAz'
02%2F04%2F2026#09%3A43#Simjrn#lQgrBkUPduQC#Question#Deleted%20question%20'lQgrBkUPduQC'%20from%20lesson%20'Yiz6r2e26hAz'
02%2F04%2F2026#09%3A43#Simjrn#SBuKBSmneMLf#Question#Deleted%20question%20'SBuKBSmneMLf'%20from%20lesson%20'Kc52W6gO3DUF'
02%2F04%2F2026#09%3A43#Simjrn#jhwGjYcufoLA#Question#Deleted%20question%20'jhwGjYcufoLA'%20from%20lesson%20'Kc52W6gO3DUF'
02%2F04%2F2026#09%3A41#Simjrn#mHgMTI7kzbvo#Skill#Updated%20skill%20'Body%20parts'%20details
02%2F04%2F2026#09%3A38#Simjrn#000000000000#Project#Updated%20project%20metadata
02%2F04%2F2026#09%3A37#Simjrn#mHgMTI7kzbvo#Sentences#Updated%20sentences%20for%20skill%20'Body%20parts'
01%2F04%2F2026#17%3A29#Simjrn#000000000000#Project#Updated%20project%20metadata
01%2F04%2F2026#17%3A28#Simjrn#LMJskZwdHsKZ#Notes#Updated%20notes%20for%20skill%20'Greetings'
01%2F04%2F2026#17%3A22#Simjrn#000000000000#Project#Updated%20project%20metadata
01%2F04%2F2026#17%3A21#Simjrn#mHgMTI7kzbvo#Sentences#Updated%20sentences%20for%20skill%20'Body%20parts'
01%2F04%2F2026#17%3A03#Simjrn#mHgMTI7kzbvo#Notes#Updated%20notes%20for%20skill%20'Body%20parts'
01%2F04%2F2026#17%3A02#Simjrn#mHgMTI7kzbvo#Notes#Updated%20notes%20for%20skill%20'Body%20parts'
01%2F04%2F2026#17%3A01#Simjrn#mHgMTI7kzbvo#Notes#Updated%20notes%20for%20skill%20'Body%20parts'
01%2F04%2F2026#17%3A01#Simjrn#mHgMTI7kzbvo#Notes#Updated%20notes%20for%20skill%20'Body%20parts'
01%2F04%2F2026#17%3A01#Simjrn#mHgMTI7kzbvo#Notes#Updated%20notes%20for%20skill%20'Body%20parts'
01%2F04%2F2026#17%3A00#Simjrn#mHgMTI7kzbvo#Notes#Updated%20notes%20for%20skill%20'Body%20parts'
01%2F04%2F2026#16%3A58#Simjrn#mHgMTI7kzbvo#Vocab#Updated%20vocabulary%20for%20skill%20'Body%20parts'
01%2F04%2F2026#10%3A47#Simjrn#000000000000#Project#Updated%20project%20metadata
01%2F04%2F2026#10%3A47#Simjrn#mHgMTI7kzbvo#Sentences#Updated%20sentences%20for%20skill%20'Body%20parts'
01%2F04%2F2026#10%3A39#Simjrn#mHgMTI7kzbvo#Vocab#Updated%20vocabulary%20for%20skill%20'Body%20parts'
01%2F04%2F2026#10%3A30#Simjrn#mHgMTI7kzbvo#Vocab#Updated%20vocabulary%20for%20skill%20'Body%20parts'
01%2F04%2F2026#10%3A29#Simjrn#mHgMTI7kzbvo#Skill#Moved%20skill%20'Body%20parts'%20to%20Unit%204
01%2F04%2F2026#10%3A28#Simjrn#mHgMTI7kzbvo#Skill#Updated%20skill%20'Body%20parts'%20details
01%2F04%2F2026#10%3A27#Simjrn#mHgMTI7kzbvo#Notes#Updated%20notes%20for%20skill%20'Body%20parts'
01%2F04%2F2026#10%3A27#Simjrn#mHgMTI7kzbvo#Skill#Updated%20skill%20'Body%20parts'%20details
01%2F04%2F2026#10%3A26#Simjrn#mHgMTI7kzbvo#Skill#Updated%20skill%20'Body%20parts'%20details
01%2F04%2F2026#10%3A25#Simjrn#mHgMTI7kzbvo#Skill#Updated%20skill%20'Body%20parts'%20details
01%2F04%2F2026#10%3A25#Simjrn#mHgMTI7kzbvo#Skill#Updated%20skill%20'Body%20parts'%20details
01%2F04%2F2026#10%3A25#Simjrn#EhbPefsmbOTH#Skill#Updated%20skill%20'Imperitave'%20details
01%2F04%2F2026#10%3A25#Simjrn#mHgMTI7kzbvo#Skill#Updated%20skill%20'Body%20parts'%20details
01%2F04%2F2026#10%3A25#Simjrn#mHgMTI7kzbvo#Skill#Updated%20skill%20'Body%20parts'%20details
01%2F04%2F2026#10%3A24#Simjrn#mHgMTI7kzbvo#Skill#Updated%20skill%20'Body%20parts'%20details
01%2F04%2F2026#10%3A20#Simjrn#cLNhdviz5evu#Skill#Updated%20skill%20'Geography'%20details
01%2F04%2F2026#10%3A20#Simjrn#Wj4zm1rulFlJ#Skill#Updated%20skill%20'In%20the%20restaurant'%20details
29%2F03%2F2026#15%3A38#Simjrn#000000000000#Project#Updated%20project%20metadata
29%2F03%2F2026#15%3A32#Simjrn#aArCGdww6hxm#Question#Deleted%20question%20'aArCGdww6hxm'%20from%20lesson%20'PLR2AuVLti5W'
29%2F03%2F2026#15%3A27#Simjrn#UB9pldXsjm2F#Question#Deleted%20question%20'UB9pldXsjm2F'%20from%20lesson%20'EkiYIKfBz3hI'
29%2F03%2F2026#11%3A12#Simjrn#000000000000#Project#Updated%20project%20metadata
29%2F03%2F2026#11%3A04#Simjrn#Wj4zm1rulFlJ#Skill#Updated%20skill%20'In%20the%20restaurant'%20details
29%2F03%2F2026#11%3A02#Simjrn#000000000000#Project#Updated%20project%20metadata
29%2F03%2F2026#11%3A02#Simjrn#Wj4zm1rulFlJ#Vocab#Updated%20vocabulary%20for%20skill%20'In%20the%20restaurant'
29%2F03%2F2026#10%3A53#Simjrn#000000000000#Project#Updated%20project%20metadata
29%2F03%2F2026#10%3A53#Simjrn#Wj4zm1rulFlJ#Sentences#Updated%20sentences%20for%20skill%20'In%20the%20restaurant'
29%2F03%2F2026#10%3A52#Simjrn#Wj4zm1rulFlJ#Sentences#Updated%20sentences%20for%20skill%20'In%20the%20restaurant'
29%2F03%2F2026#10%3A51#Simjrn#Wj4zm1rulFlJ#Notes#Updated%20notes%20for%20skill%20'In%20the%20restaurant'
29%2F03%2F2026#10%3A51#Simjrn#Wj4zm1rulFlJ#Notes#Updated%20notes%20for%20skill%20'In%20the%20restaurant'
29%2F03%2F2026#10%3A50#Simjrn#Wj4zm1rulFlJ#Vocab#Updated%20vocabulary%20for%20skill%20'In%20the%20restaurant'
29%2F03%2F2026#10%3A50#Simjrn#Wj4zm1rulFlJ#Sentences#Updated%20sentences%20for%20skill%20'In%20the%20restaurant'
29%2F03%2F2026#10%3A45#Simjrn#Wj4zm1rulFlJ#Sentences#Updated%20sentences%20for%20skill%20'In%20the%20restaurant'
29%2F03%2F2026#10%3A45#Simjrn#Wj4zm1rulFlJ#Vocab#Updated%20vocabulary%20for%20skill%20'In%20the%20restaurant'
29%2F03%2F2026#10%3A44#Simjrn#Wj4zm1rulFlJ#Sentences#Updated%20sentences%20for%20skill%20'In%20the%20restaurant'
15%2F03%2F2026#21%3A29#Simjrn#000000000000#Project#Updated%20project%20metadata
15%2F03%2F2026#21%3A29#Simjrn#Wj4zm1rulFlJ#Sentences#Updated%20sentences%20for%20skill%20'In%20the%20restaurant'
15%2F03%2F2026#21%3A17#Simjrn#LMJskZwdHsKZ#Notes#Updated%20notes%20for%20skill%20'Greetings'
28%2F01%2F2026#19%3A59#Simjrn#000000000000#Project#Updated%20project%20metadata
27%2F01%2F2026#17%3A50#Simjrn#000000000000#Project#Updated%20project%20metadata
27%2F01%2F2026#17%3A49#Simjrn#Wj4zm1rulFlJ#Vocab#Updated%20vocabulary%20for%20skill%20'In%20the%20restaurant'
27%2F01%2F2026#17%3A44#Simjrn#Wj4zm1rulFlJ#Notes#Updated%20notes%20for%20skill%20'In%20the%20restaurant'
27%2F01%2F2026#17%3A44#Simjrn#Wj4zm1rulFlJ#Skill#Updated%20skill%20'In%20the%20restaurant'%20details
27%2F01%2F2026#17%3A43#Simjrn#Wj4zm1rulFlJ#Skill#Updated%20skill%20'In%20the%20restaurant'%20details
27%2F01%2F2026#17%3A43#Simjrn#Wj4zm1rulFlJ#Skill#Updated%20skill%20'In%20the%20restaurant'%20details
27%2F01%2F2026#17%3A39#Simjrn#Wj4zm1rulFlJ#Skill#Updated%20skill%20'Getting%20around'%20details
27%2F01%2F2026#17%3A39#Simjrn#Wj4zm1rulFlJ#Skill#Updated%20skill%20'Getting%20around'%20details
27%2F01%2F2026#17%3A39#Simjrn#Wj4zm1rulFlJ#Skill#Updated%20skill%20'Breakfast'%20details
27%2F01%2F2026#17%3A37#Simjrn#Wj4zm1rulFlJ#Skill#Updated%20skill%20'Breakfast'%20details
27%2F01%2F2026#17%3A37#Simjrn#Wj4zm1rulFlJ#Skill#Updated%20skill%20'Breakfast'%20details
27%2F01%2F2026#17%3A36#Simjrn#Wj4zm1rulFlJ#Skill#Updated%20skill%20'Breakfast'%20details
27%2F01%2F2026#17%3A35#Simjrn#Wj4zm1rulFlJ#Skill#Updated%20skill%20'Space'%20details
27%2F01%2F2026#17%3A34#Simjrn#Wj4zm1rulFlJ#Skill#Updated%20skill%20'Space'%20details
27%2F01%2F2026#17%3A34#Simjrn#Wj4zm1rulFlJ#Skill#Updated%20skill%20'Space'%20details
27%2F01%2F2026#17%3A34#Simjrn#Wj4zm1rulFlJ#Skill#Updated%20skill%20'New%20Skill'%20details
27%2F01%2F2026#17%3A34#Simjrn#Wj4zm1rulFlJ#Skill#Updated%20skill%20'New%20Skill'%20details
27%2F01%2F2026#17%3A34#Simjrn#Wj4zm1rulFlJ#Skill#Updated%20skill%20'New%20Skill'%20details
27%2F01%2F2026#17%3A34#Simjrn#Wj4zm1rulFlJ#Skill#Updated%20skill%20'New%20Skill'%20details
27%2F01%2F2026#17%3A34#Simjrn#Wj4zm1rulFlJ#Skill#Updated%20skill%20'New%20Skill'%20details
27%2F01%2F2026#17%3A34#Simjrn#Wj4zm1rulFlJ#Skill#Updated%20skill%20'New%20Skill'%20details
27%2F01%2F2026#17%3A33#Simjrn#Wj4zm1rulFlJ#Skill#Updated%20skill%20'New%20Skill'%20details
27%2F01%2F2026#17%3A32#Simjrn#Wj4zm1rulFlJ#Skill#Added%20new%20skill%20'New%20Skill'%20to%20unit%203
22%2F01%2F2026#18%3A59#Simjrn#000000000000#Project#Updated%20project%20metadata
22%2F01%2F2026#18%3A56#Simjrn#DVptGqRBUsPl#Question#Deleted%20question%20'DVptGqRBUsPl'%20from%20lesson%20'kjfvBj0HsY6O'
22%2F01%2F2026#18%3A56#Simjrn#aj1YJ06KR6Jc#Question#Deleted%20question%20'aj1YJ06KR6Jc'%20from%20lesson%20'kjfvBj0HsY6O'
22%2F01%2F2026#18%3A54#Simjrn#cLNhdviz5evu#Skill#Updated%20skill%20'Geography'%20details
22%2F01%2F2026#18%3A51#Simjrn#000000000000#Project#Updated%20project%20metadata
22%2F01%2F2026#18%3A50#Simjrn#cLNhdviz5evu#Sentences#Updated%20sentences%20for%20skill%20'Geography'
19%2F01%2F2026#18%3A06#Simjrn#000000000000#Project#Updated%20project%20metadata
19%2F01%2F2026#18%3A06#Simjrn#cLNhdviz5evu#Skill#Updated%20skill%20'Geography'%20details
19%2F01%2F2026#18%3A06#Simjrn#cLNhdviz5evu#Skill#Updated%20skill%20'Geography'%20details
19%2F01%2F2026#18%3A05#Simjrn#cLNhdviz5evu#Skill#Updated%20skill%20'Geography'%20details
19%2F01%2F2026#18%3A05#Simjrn#cLNhdviz5evu#Vocab#Updated%20vocabulary%20for%20skill%20'Nature'
19%2F01%2F2026#17%3A54#Simjrn#cLNhdviz5evu#Notes#Updated%20notes%20for%20skill%20'Nature'
19%2F01%2F2026#17%3A54#Simjrn#cLNhdviz5evu#Skill#Updated%20skill%20'Nature'%20details
19%2F01%2F2026#17%3A54#Simjrn#cLNhdviz5evu#Skill#Updated%20skill%20'Nature'%20details
19%2F01%2F2026#17%3A54#Simjrn#cLNhdviz5evu#Skill#Updated%20skill%20'Nature'%20details
19%2F01%2F2026#17%3A54#Simjrn#cLNhdviz5evu#Skill#Updated%20skill%20'Nature'%20details
19%2F01%2F2026#17%3A53#Simjrn#cLNhdviz5evu#Skill#Updated%20skill%20'In%20the%20park'%20details
19%2F01%2F2026#17%3A53#Simjrn#cLNhdviz5evu#Skill#Updated%20skill%20'In%20the%20park'%20details
19%2F01%2F2026#17%3A52#Simjrn#cLNhdviz5evu#Skill#Updated%20skill%20'New%20Skill'%20details
19%2F01%2F2026#17%3A51#Simjrn#cLNhdviz5evu#Skill#Updated%20skill%20'New%20Skill'%20details
19%2F01%2F2026#17%3A51#Simjrn#tMzWejvrJcQX#Skill#Moved%20skill%20'In%20the%20supermarket'%20to%20Unit%204
19%2F01%2F2026#17%3A51#Simjrn#cLNhdviz5evu#Skill#Added%20new%20skill%20'New%20Skill'%20to%20unit%203
24%2F12%2F2025#16%3A34#Simjrn#000000000000#Project#Updated%20project%20metadata
24%2F12%2F2025#16%3A34#Simjrn#tMzWejvrJcQX#Vocab#Updated%20vocabulary%20for%20skill%20'In%20the%20supermarket'
24%2F12%2F2025#16%3A18#Simjrn#tMzWejvrJcQX#Notes#Updated%20notes%20for%20skill%20'In%20the%20supermarket'
24%2F12%2F2025#16%3A18#Simjrn#tMzWejvrJcQX#Skill#Updated%20skill%20'In%20the%20supermarket'%20details
24%2F12%2F2025#16%3A18#Simjrn#tMzWejvrJcQX#Skill#Updated%20skill%20'In%20the%20supermarket'%20details
24%2F12%2F2025#16%3A18#Simjrn#tMzWejvrJcQX#Skill#Updated%20skill%20'In%20the%20supermarket'%20details
24%2F12%2F2025#16%3A18#Simjrn#tMzWejvrJcQX#Skill#Updated%20skill%20'In%20the%20supermarket'%20details
24%2F12%2F2025#16%3A17#Simjrn#tMzWejvrJcQX#Skill#Updated%20skill%20'In%20the%20supermarket'%20details
24%2F12%2F2025#16%3A17#Simjrn#tMzWejvrJcQX#Skill#Updated%20skill%20'In%20the%20supermarket'%20details
24%2F12%2F2025#16%3A17#Simjrn#tMzWejvrJcQX#Skill#Added%20new%20skill%20'New%20Skill'%20to%20unit%203
24%2F12%2F2025#16%3A16#Simjrn#XUlOXcSEla3H#Skill#Deleted%20skill%20'Parts%20of%20the%20house'%20from%20unit%203
18%2F12%2F2025#17%3A36#Simjrn#000000000000#Project#Updated%20project%20metadata
18%2F12%2F2025#17%3A18#Simjrn#XUlOXcSEla3H#Notes#Updated%20notes%20for%20skill%20'Parts%20of%20the%20house'
18%2F12%2F2025#17%3A18#Simjrn#XUlOXcSEla3H#Skill#Updated%20skill%20'Parts%20of%20the%20house'%20details
18%2F12%2F2025#17%3A18#Simjrn#sdtAU84XUFyG#Skill#Updated%20skill%20'Around%20the%20house%20-%20furniture'%20details
18%2F12%2F2025#17%3A17#Simjrn#XUlOXcSEla3H#Skill#Added%20new%20skill%20'New%20Skill'%20to%20unit%203
18%2F12%2F2025#17%3A16#Simjrn#v9Ahl1t79ZkV#Skill#Deleted%20skill%20'Any%3B%20No%3B%20Some'%20from%20unit%203
18%2F12%2F2025#17%3A15#Simjrn#v9Ahl1t79ZkV#Notes#Updated%20notes%20for%20skill%20'Any%3B%20No%3B%20Some'
18%2F12%2F2025#17%3A14#Simjrn#v9Ahl1t79ZkV#Skill#Updated%20skill%20'Any%3B%20No%3B%20Some'%20details
18%2F12%2F2025#17%3A14#Simjrn#v9Ahl1t79ZkV#Skill#Updated%20skill%20'Any%3B%20No%3B%20Some'%20details
18%2F12%2F2025#17%3A13#Simjrn#v9Ahl1t79ZkV#Skill#Updated%20skill%20'Any%3B%20No%3B%20Some'%20details
18%2F12%2F2025#17%3A13#Simjrn#v9Ahl1t79ZkV#Skill#Updated%20skill%20'Any%3B%20No%3B%20some'%20details
18%2F12%2F2025#17%3A13#Simjrn#v9Ahl1t79ZkV#Skill#Added%20new%20skill%20'New%20Skill'%20to%20unit%203
18%2F12%2F2025#17%3A12#Simjrn#uzN10hFL7jvR#Skill#Updated%20skill%20'Politics'%20details
17%2F12%2F2025#17%3A13#Simjrn#000000000000#Project#Updated%20project%20metadata
17%2F12%2F2025#17%3A13#Simjrn#uzN10hFL7jvR#Sentences#Updated%20sentences%20for%20skill%20'Politics'
17%2F12%2F2025#17%3A09#Simjrn#uzN10hFL7jvR#Vocab#Updated%20vocabulary%20for%20skill%20'Politics'
17%2F12%2F2025#17%3A02#Simjrn#uzN10hFL7jvR#Vocab#Updated%20vocabulary%20for%20skill%20'Politics'
17%2F12%2F2025#17%3A00#Simjrn#uzN10hFL7jvR#Vocab#Updated%20vocabulary%20for%20skill%20'Politics'
17%2F12%2F2025#16%3A50#Simjrn#uzN10hFL7jvR#Notes#Updated%20notes%20for%20skill%20'Politics'
17%2F12%2F2025#16%3A49#Simjrn#PVI93lFgG96S#Skill#Updated%20skill%20'Possesion'%20details
17%2F12%2F2025#16%3A49#Simjrn#uzN10hFL7jvR#Skill#Updated%20skill%20'Politics'%20details
17%2F12%2F2025#16%3A49#Simjrn#uzN10hFL7jvR#Skill#Updated%20skill%20'Politics'%20details
17%2F12%2F2025#16%3A49#Simjrn#uzN10hFL7jvR#Skill#Updated%20skill%20'Politics'%20details
17%2F12%2F2025#16%3A49#Simjrn#uzN10hFL7jvR#Skill#Updated%20skill%20'Politics'%20details
17%2F12%2F2025#16%3A47#Simjrn#uzN10hFL7jvR#Skill#Updated%20skill%20'Politics'%20details
17%2F12%2F2025#16%3A47#Simjrn#uzN10hFL7jvR#Skill#Updated%20skill%20'Politics'%20details
17%2F12%2F2025#16%3A47#Simjrn#uzN10hFL7jvR#Skill#Added%20new%20skill%20'New%20Skill'%20to%20unit%203
17%2F12%2F2025#16%3A47#Simjrn#EhbPefsmbOTH#Skill#Moved%20skill%20'Imperitave'%20to%20Unit%204
17%2F12%2F2025#16%3A47#Simjrn#fZvFfwoHLsHy#Skill#Deleted%20skill%20'Cooking'%20from%20unit%203
07%2F12%2F2025#09%3A28#Simjrn#000000000000#Project#Updated%20project%20metadata
07%2F12%2F2025#09%3A28#Simjrn#fZvFfwoHLsHy#Notes#Updated%20notes%20for%20skill%20'Cooking'
07%2F12%2F2025#09%3A25#Simjrn#fZvFfwoHLsHy#Vocab#Updated%20vocabulary%20for%20skill%20'Cooking'
07%2F12%2F2025#09%3A08#Simjrn#fZvFfwoHLsHy#Skill#Updated%20skill%20'Cooking'%20details
07%2F12%2F2025#09%3A08#Simjrn#fZvFfwoHLsHy#Skill#Updated%20skill%20'Cooking'%20details
07%2F12%2F2025#09%3A08#Simjrn#fZvFfwoHLsHy#Skill#Updated%20skill%20'Weather'%20details
07%2F12%2F2025#09%3A06#Simjrn#fZvFfwoHLsHy#Skill#Updated%20skill%20'Weather'%20details
04%2F12%2F2025#17%3A16#Simjrn#000000000000#Project#Updated%20project%20metadata
01%2F12%2F2025#10%3A53#Simjrn#000000000000#Project#Updated%20project%20metadata
01%2F12%2F2025#10%3A53#Simjrn#EhbPefsmbOTH#Sentences#Updated%20sentences%20for%20skill%20'Imperitave'
01%2F12%2F2025#10%3A37#Simjrn#EhbPefsmbOTH#Vocab#Updated%20vocabulary%20for%20skill%20'Imperitave'
01%2F12%2F2025#10%3A21#Simjrn#EhbPefsmbOTH#Notes#Updated%20notes%20for%20skill%20'Imperitave'
30%2F11%2F2025#18%3A49#Simjrn#000000000000#Project#Updated%20project%20metadata
30%2F11%2F2025#18%3A49#Simjrn#EhbPefsmbOTH#Skill#Updated%20skill%20'Imperitave'%20details
30%2F11%2F2025#18%3A49#Simjrn#EhbPefsmbOTH#Skill#Updated%20skill%20'Imperitave'%20details
30%2F11%2F2025#18%3A48#Simjrn#EhbPefsmbOTH#Skill#Updated%20skill%20'Imperitave'%20details
30%2F11%2F2025#18%3A47#Simjrn#EhbPefsmbOTH#Skill#Updated%20skill%20'New%20Skill'%20details
30%2F11%2F2025#18%3A47#Simjrn#EhbPefsmbOTH#Skill#Updated%20skill%20'New%20Skill'%20details
30%2F11%2F2025#18%3A46#Simjrn#EhbPefsmbOTH#Skill#Updated%20skill%20'New%20Skill'%20details
30%2F11%2F2025#18%3A46#Simjrn#EhbPefsmbOTH#Skill#Added%20new%20skill%20'New%20Skill'%20to%20unit%203
30%2F11%2F2025#18%3A35#Simjrn#000000000000#Project#Updated%20project%20metadata
30%2F11%2F2025#18%3A35#Simjrn#000000000000#Project#Updated%20project%20metadata
30%2F11%2F2025#18%3A34#Simjrn#LMJskZwdHsKZ#Notes#Updated%20notes%20for%20skill%20'Greetings'
30%2F11%2F2025#18%3A17#Simjrn#000000000000#Project#Updated%20project%20metadata
30%2F11%2F2025#18%3A05#Simjrn#PVI93lFgG96S#Skill#Updated%20skill%20'Possesion'%20details
30%2F11%2F2025#18%3A05#Simjrn#PVI93lFgG96S#Skill#Moved%20skill%20'Possesion'%20to%20Unit%203
30%2F11%2F2025#12%3A01#Simjrn#000000000000#Project#Updated%20project%20metadata
30%2F11%2F2025#12%3A01#Simjrn#PVI93lFgG96S#Sentences#Updated%20sentences%20for%20skill%20'Possesion'
30%2F11%2F2025#11%3A46#Simjrn#PVI93lFgG96S#Vocab#Updated%20vocabulary%20for%20skill%20'Possesion'
30%2F11%2F2025#11%3A35#Simjrn#PVI93lFgG96S#Vocab#Updated%20vocabulary%20for%20skill%20'Possesion'
30%2F11%2F2025#11%3A34#Simjrn#PVI93lFgG96S#Skill#Updated%20skill%20'Possesion'%20details
30%2F11%2F2025#11%3A34#Simjrn#PVI93lFgG96S#Skill#Updated%20skill%20'Possesion'%20details
30%2F11%2F2025#11%3A33#Simjrn#PVI93lFgG96S#Notes#Updated%20notes%20for%20skill%20'Possesion'
30%2F11%2F2025#11%3A32#Simjrn#PVI93lFgG96S#Vocab#Updated%20vocabulary%20for%20skill%20'Possesion'
30%2F11%2F2025#11%3A21#Simjrn#PVI93lFgG96S#Notes#Updated%20notes%20for%20skill%20'Possesion'
30%2F11%2F2025#11%3A21#Simjrn#PVI93lFgG96S#Skill#Updated%20skill%20'Possesion'%20details
30%2F11%2F2025#11%3A21#Simjrn#PVI93lFgG96S#Skill#Updated%20skill%20'Possesion'%20details
30%2F11%2F2025#11%3A21#Simjrn#PVI93lFgG96S#Skill#Updated%20skill%20'Possesion'%20details
30%2F11%2F2025#11%3A21#Simjrn#PVI93lFgG96S#Skill#Updated%20skill%20'Possesion'%20details
30%2F11%2F2025#11%3A21#Simjrn#PVI93lFgG96S#Skill#Updated%20skill%20'Possesion'%20details
30%2F11%2F2025#11%3A20#Simjrn#PVI93lFgG96S#Skill#Updated%20skill%20'New%20Skill'%20details
30%2F11%2F2025#11%3A20#Simjrn#PVI93lFgG96S#Skill#Added%20new%20skill%20'New%20Skill'%20to%20unit%203
30%2F11%2F2025#09%3A49#Simjrn#000000000000#Project#Updated%20project%20metadata
30%2F11%2F2025#09%3A49#Simjrn#fZvFfwoHLsHy#Vocab#Updated%20vocabulary%20for%20skill%20'Weather'
30%2F11%2F2025#09%3A21#Simjrn#fZvFfwoHLsHy#Skill#Updated%20skill%20'Weather'%20details
30%2F11%2F2025#09%3A21#Simjrn#fZvFfwoHLsHy#Skill#Updated%20skill%20'Weather'%20details
30%2F11%2F2025#09%3A21#Simjrn#fZvFfwoHLsHy#Skill#Updated%20skill%20'New%20Skill'%20details
30%2F11%2F2025#09%3A20#Simjrn#fZvFfwoHLsHy#Skill#Updated%20skill%20'New%20Skill'%20details
30%2F11%2F2025#09%3A20#Simjrn#fZvFfwoHLsHy#Skill#Updated%20skill%20'New%20Skill'%20details
30%2F11%2F2025#09%3A20#Simjrn#fZvFfwoHLsHy#Skill#Updated%20skill%20'New%20Skill'%20details
30%2F11%2F2025#09%3A20#Simjrn#fZvFfwoHLsHy#Skill#Updated%20skill%20'New%20Skill'%20details
30%2F11%2F2025#09%3A19#Simjrn#fZvFfwoHLsHy#Notes#Updated%20notes%20for%20skill%20'New%20Skill'
30%2F11%2F2025#09%3A01#Simjrn#fZvFfwoHLsHy#Skill#Added%20new%20skill%20'New%20Skill'%20to%20unit%203
30%2F11%2F2025#09%3A01#Simjrn#4XqMIlNYNS2C#Skill#Updated%20skill%20'Clothes%20shopping'%20details
30%2F11%2F2025#09%3A01#Simjrn#4XqMIlNYNS2C#Skill#Updated%20skill%20'Clothes%20shopping'%20details
30%2F11%2F2025#09%3A00#Simjrn#4XqMIlNYNS2C#Skill#Updated%20skill%20'Clothes%20shopping'%20details
30%2F11%2F2025#09%3A00#Simjrn#4XqMIlNYNS2C#Skill#Updated%20skill%20'Clothes%20shopping'%20details
30%2F11%2F2025#09%3A00#Simjrn#4XqMIlNYNS2C#Skill#Updated%20skill%20'Clothes%20shopping'%20details
30%2F11%2F2025#08%3A59#Simjrn#000000000000#Project#Updated%20project%20metadata
30%2F11%2F2025#08%3A29#Simjrn#bn2eP978iUjP#Skill#Updated%20skill%20'Order%20in%20a%20cafe'%20details
30%2F11%2F2025#08%3A24#Simjrn#4XqMIlNYNS2C#Skill#Updated%20skill%20'Clothes%20shopping'%20details
30%2F11%2F2025#08%3A22#Simjrn#000000000000#Project#Updated%20project%20metadata
30%2F11%2F2025#08%3A22#Simjrn#4XqMIlNYNS2C#Sentences#Updated%20sentences%20for%20skill%20'Clothes%20shopping'
30%2F11%2F2025#08%3A09#Simjrn#t7ZanidZxbBw#Skill#Updated%20skill%20'Paste%20tense%20go%20and%20make'%20details
30%2F11%2F2025#08%3A08#Simjrn#000000000000#Project#Updated%20project%20metadata
30%2F11%2F2025#08%3A08#Simjrn#t7ZanidZxbBw#Skill#Updated%20skill%20'Paste%20tense%20go%20and%20make'%20details
30%2F11%2F2025#08%3A08#Simjrn#t7ZanidZxbBw#Sentences#Updated%20sentences%20for%20skill%20'Paste%20tense%20go%20and%20make%20UNFINISHED'
29%2F11%2F2025#17%3A33#Simjrn#000000000000#Project#Updated%20project%20metadata
29%2F11%2F2025#17%3A24#Simjrn#LMJskZwdHsKZ#Notes#Updated%20notes%20for%20skill%20'Greetings'
29%2F11%2F2025#17%3A23#Simjrn#LMJskZwdHsKZ#Notes#Updated%20notes%20for%20skill%20'Greetings'
29%2F11%2F2025#17%3A23#Simjrn#LMJskZwdHsKZ#Notes#Updated%20notes%20for%20skill%20'Greetings'
29%2F11%2F2025#17%3A23#Simjrn#LMJskZwdHsKZ#Notes#Updated%20notes%20for%20skill%20'Greetings'
29%2F11%2F2025#17%3A19#Simjrn#p011wpdca1ma#Vocab#Updated%20vocabulary%20for%20skill%20'Even%20more%20foods'
29%2F11%2F2025#16%3A14#Simjrn#000000000000#Project#Updated%20project%20metadata
29%2F11%2F2025#16%3A13#Simjrn#4XqMIlNYNS2C#Sentences#Updated%20sentences%20for%20skill%20'Clothes%20shopping'
29%2F11%2F2025#15%3A58#Simjrn#4XqMIlNYNS2C#Vocab#Updated%20vocabulary%20for%20skill%20'Clothes%20shopping'
29%2F11%2F2025#15%3A51#Simjrn#4XqMIlNYNS2C#Notes#Updated%20notes%20for%20skill%20'Clothes%20shopping'
29%2F11%2F2025#15%3A51#Simjrn#4XqMIlNYNS2C#Skill#Updated%20skill%20'Clothes%20shopping'%20details
29%2F11%2F2025#15%3A51#Simjrn#4XqMIlNYNS2C#Skill#Updated%20skill%20'Clothes%20shopping'%20details
29%2F11%2F2025#15%3A51#Simjrn#4XqMIlNYNS2C#Skill#Updated%20skill%20'Clothes%20shopping'%20details
29%2F11%2F2025#15%3A50#Simjrn#4XqMIlNYNS2C#Skill#Updated%20skill%20'Clothes%20shopping'%20details
29%2F11%2F2025#15%3A50#Simjrn#4XqMIlNYNS2C#Skill#Updated%20skill%20'Clothes%20shopping'%20details
29%2F11%2F2025#15%3A50#Simjrn#4XqMIlNYNS2C#Skill#Updated%20skill%20'Clothes%20shopping'%20details
29%2F11%2F2025#15%3A50#Simjrn#4XqMIlNYNS2C#Skill#Added%20new%20skill%20'New%20Skill'%20to%20unit%203
29%2F11%2F2025#15%3A50#Simjrn#t7ZanidZxbBw#Skill#Updated%20skill%20'Paste%20tense%20go%20and%20make%20UNFINISHED'%20details
29%2F11%2F2025#15%3A49#Simjrn#000000000000#Project#Updated%20project%20metadata
29%2F11%2F2025#15%3A49#Simjrn#t7ZanidZxbBw#Vocab#Updated%20vocabulary%20for%20skill%20'Paste%20tense%20go%20and%20make'
29%2F11%2F2025#15%3A46#Simjrn#t7ZanidZxbBw#Notes#Updated%20notes%20for%20skill%20'Paste%20tense%20go%20and%20make'
29%2F11%2F2025#15%3A46#Simjrn#t7ZanidZxbBw#Skill#Updated%20skill%20'Paste%20tense%20go%20and%20make'%20details
29%2F11%2F2025#15%3A46#Simjrn#t7ZanidZxbBw#Skill#Updated%20skill%20'Paste%20tense%20go%20and%20make'%20details
29%2F11%2F2025#15%3A46#Simjrn#t7ZanidZxbBw#Skill#Updated%20skill%20'Paste%20tense%20go%20and%20make'%20details
29%2F11%2F2025#15%3A46#Simjrn#t7ZanidZxbBw#Skill#Updated%20skill%20'Paste%20tense%20go%20and%20make'%20details
29%2F11%2F2025#15%3A45#Simjrn#t7ZanidZxbBw#Skill#Updated%20skill%20'Paste%20tense%20go%20and%20make'%20details
29%2F11%2F2025#15%3A45#Simjrn#t7ZanidZxbBw#Skill#Updated%20skill%20'Paste%20tense%20go%20and%20make'%20details
29%2F11%2F2025#15%3A45#Simjrn#t7ZanidZxbBw#Skill#Added%20new%20skill%20'New%20Skill'%20to%20unit%203
29%2F11%2F2025#15%3A09#Simjrn#000000000000#Project#Updated%20project%20metadata
29%2F11%2F2025#15%3A07#Simjrn#3M8cvLDTMtDE#Skill#Updated%20skill%20'Past%20tense%20want%20and%20eat'%20details
29%2F11%2F2025#14%3A38#Simjrn#000000000000#Project#Updated%20project%20metadata
29%2F11%2F2025#14%3A38#Simjrn#3M8cvLDTMtDE#Sentences#Updated%20sentences%20for%20skill%20'Past%20tense%20want%20and%20eat'
29%2F11%2F2025#14%3A20#Simjrn#000000000000#Project#Updated%20project%20metadata
29%2F11%2F2025#14%3A20#Simjrn#3M8cvLDTMtDE#Sentences#Updated%20sentences%20for%20skill%20'Past%20tense%20want%20and%20eat'
29%2F11%2F2025#14%3A18#Simjrn#3M8cvLDTMtDE#Sentences#Updated%20sentences%20for%20skill%20'Past%20tense%20want%20and%20eat'
29%2F11%2F2025#14%3A07#Simjrn#3M8cvLDTMtDE#Skill#Updated%20skill%20'Past%20tense%20want%20and%20eat'%20details
29%2F11%2F2025#14%3A06#Simjrn#3M8cvLDTMtDE#Skill#Updated%20skill%20'Past%20tense%20want%20and%20eat'%20details
29%2F11%2F2025#14%3A06#Simjrn#3M8cvLDTMtDE#Skill#Updated%20skill%20'Past%20tense%20want%20and%20eat'%20details
29%2F11%2F2025#14%3A06#Simjrn#3M8cvLDTMtDE#Skill#Updated%20skill%20'Past%20tense%20want%20and%20eat'%20details
29%2F11%2F2025#14%3A06#Simjrn#3M8cvLDTMtDE#Vocab#Updated%20vocabulary%20for%20skill%20'Past%20tense%20want%20and%20eat'
29%2F11%2F2025#14%3A03#Simjrn#3M8cvLDTMtDE#Notes#Updated%20notes%20for%20skill%20'Past%20tense%20want%20and%20eat'
29%2F11%2F2025#14%3A03#Simjrn#3M8cvLDTMtDE#Skill#Updated%20skill%20'Past%20tense%20want%20and%20eat'%20details
29%2F11%2F2025#14%3A03#Simjrn#3M8cvLDTMtDE#Skill#Updated%20skill%20'Past%20tense%20want%20and%20eat'%20details
29%2F11%2F2025#14%3A03#Simjrn#3M8cvLDTMtDE#Skill#Updated%20skill%20'Past%20tense%20want%20and%20eat'%20details
29%2F11%2F2025#14%3A03#Simjrn#3M8cvLDTMtDE#Skill#Updated%20skill%20'Past%20tense%20want%20and%20eat'%20details
29%2F11%2F2025#14%3A03#Simjrn#3M8cvLDTMtDE#Skill#Updated%20skill%20'Past%20tense%20want%20and%20eat'%20details
29%2F11%2F2025#14%3A03#Simjrn#3M8cvLDTMtDE#Skill#Updated%20skill%20'Past%20tense%20want%20and%20eat'%20details
29%2F11%2F2025#14%3A02#Simjrn#3M8cvLDTMtDE#Skill#Updated%20skill%20'Past%20tense%20want%20and%20eat'%20details
29%2F11%2F2025#14%3A02#Simjrn#bn2eP978iUjP#Skill#Updated%20skill%20'Order%20in%20a%20cafe'%20details
29%2F11%2F2025#14%3A02#Simjrn#3M8cvLDTMtDE#Skill#Added%20new%20skill%20'New%20Skill'%20to%20unit%203
29%2F11%2F2025#09%3A36#Simjrn#000000000000#Project#Updated%20project%20metadata
29%2F11%2F2025#09%3A35#Simjrn#p011wpdca1ma#Skill#Updated%20skill%20'Even%20more%20foods'%20details
29%2F11%2F2025#09%3A32#Simjrn#000000000000#Project#Updated%20project%20metadata
29%2F11%2F2025#09%3A17#Simjrn#000000000000#Project#Updated%20project%20metadata
29%2F11%2F2025#09%3A17#Simjrn#p011wpdca1ma#Sentences#Updated%20sentences%20for%20skill%20'Even%20more%20foods'
29%2F11%2F2025#09%3A13#Simjrn#p011wpdca1ma#Vocab#Updated%20vocabulary%20for%20skill%20'Even%20more%20foods'
29%2F11%2F2025#09%3A05#Simjrn#p011wpdca1ma#Vocab#Updated%20vocabulary%20for%20skill%20'Even%20more%20foods'
29%2F11%2F2025#09%3A04#Simjrn#p011wpdca1ma#Vocab#Updated%20vocabulary%20for%20skill%20'Even%20more%20foods'
29%2F11%2F2025#09%3A03#Simjrn#p011wpdca1ma#Vocab#Updated%20vocabulary%20for%20skill%20'Even%20more%20foods'
29%2F11%2F2025#09%3A03#Simjrn#p011wpdca1ma#Vocab#Updated%20vocabulary%20for%20skill%20'Even%20more%20foods'
29%2F11%2F2025#09%3A00#Simjrn#p011wpdca1ma#Vocab#Updated%20vocabulary%20for%20skill%20'Even%20more%20foods'
29%2F11%2F2025#08%3A52#Simjrn#p011wpdca1ma#Notes#Updated%20notes%20for%20skill%20'Even%20more%20foods'
29%2F11%2F2025#08%3A52#Simjrn#p011wpdca1ma#Skill#Updated%20skill%20'Even%20more%20foods'%20details
29%2F11%2F2025#08%3A52#Simjrn#p011wpdca1ma#Skill#Updated%20skill%20'Even%20more%20foods'%20details
29%2F11%2F2025#08%3A51#Simjrn#p011wpdca1ma#Skill#Updated%20skill%20'Even%20more%20foods'%20details
29%2F11%2F2025#08%3A51#Simjrn#p011wpdca1ma#Skill#Updated%20skill%20'New%20Skill'%20details
29%2F11%2F2025#08%3A49#Simjrn#p011wpdca1ma#Skill#Updated%20skill%20'New%20Skill'%20details
29%2F11%2F2025#08%3A48#Simjrn#p011wpdca1ma#Skill#Updated%20skill%20'New%20Skill'%20details
29%2F11%2F2025#08%3A48#Simjrn#p011wpdca1ma#Skill#Updated%20skill%20'New%20Skill'%20details
29%2F11%2F2025#08%3A48#Simjrn#bn2eP978iUjP#Skill#Updated%20skill%20'Order%20in%20a%20caf%C3%A9'%20details
29%2F11%2F2025#08%3A48#Simjrn#bn2eP978iUjP#Skill#Updated%20skill%20'Order%20in%20a%20caf%C3%A9'%20details
29%2F11%2F2025#08%3A48#Simjrn#YD0hSgj7Hua9#Skill#Updated%20skill%20'Are%20you%20sleeping%3F'%20details
29%2F11%2F2025#08%3A48#Simjrn#YD0hSgj7Hua9#Skill#Updated%20skill%20'Are%20you%20sleeping%3F'%20details
29%2F11%2F2025#08%3A48#Simjrn#sdtAU84XUFyG#Skill#Updated%20skill%20'Around%20the%20house'%20details
29%2F11%2F2025#08%3A48#Simjrn#sdtAU84XUFyG#Skill#Updated%20skill%20'Around%20the%20house'%20details
29%2F11%2F2025#08%3A48#Simjrn#dsT5c4SIEjIz#Skill#Updated%20skill%20'Past%20tense%20to%20be%20and%20to%20have'%20details
29%2F11%2F2025#08%3A48#Simjrn#dsT5c4SIEjIz#Skill#Updated%20skill%20'Past%20tense%20to%20be%20and%20to%20have'%20details
29%2F11%2F2025#08%3A47#Simjrn#9kiNsR776D35#Skill#Updated%20skill%20'Allowed%20and%20can'%20details
29%2F11%2F2025#08%3A47#Simjrn#9kiNsR776D35#Skill#Updated%20skill%20'Allowed%20and%20can'%20details
29%2F11%2F2025#08%3A47#Simjrn#p011wpdca1ma#Skill#Added%20new%20skill%20'New%20Skill'%20to%20unit%203
28%2F11%2F2025#16%3A49#Simjrn#000000000000#Project#Updated%20project%20metadata
28%2F11%2F2025#16%3A49#Simjrn#bn2eP978iUjP#Sentences#Updated%20sentences%20for%20skill%20'Order%20in%20a%20caf%C3%A9'
28%2F11%2F2025#16%3A49#Simjrn#bn2eP978iUjP#Notes#Updated%20notes%20for%20skill%20'Order%20in%20a%20caf%C3%A9'
28%2F11%2F2025#16%3A49#Simjrn#img_bn2eP978iUjP_1764348552602.png#Image#Added%20image%20to%20skill%20notes
28%2F11%2F2025#16%3A48#Simjrn#bn2eP978iUjP#Notes#Updated%20notes%20for%20skill%20'Order%20in%20a%20caf%C3%A9'
28%2F11%2F2025#16%3A48#Simjrn#img_bn2eP978iUjP_1764348505261.png#Image#Added%20image%20to%20skill%20notes
28%2F11%2F2025#16%3A43#Simjrn#bn2eP978iUjP#Notes#Updated%20notes%20for%20skill%20'Order%20in%20a%20caf%C3%A9'
28%2F11%2F2025#16%3A42#Simjrn#bn2eP978iUjP#Notes#Updated%20notes%20for%20skill%20'Order%20in%20a%20caf%C3%A9'
28%2F11%2F2025#16%3A37#Simjrn#bn2eP978iUjP#Vocab#Updated%20vocabulary%20for%20skill%20'Order%20in%20a%20caf%C3%A9'
28%2F11%2F2025#16%3A33#Simjrn#bn2eP978iUjP#Vocab#Updated%20vocabulary%20for%20skill%20'Order%20in%20a%20caf%C3%A9'
28%2F11%2F2025#16%3A31#Simjrn#bn2eP978iUjP#Vocab#Updated%20vocabulary%20for%20skill%20'Order%20in%20a%20caf%C3%A9'
28%2F11%2F2025#16%3A16#Simjrn#bn2eP978iUjP#Notes#Updated%20notes%20for%20skill%20'Order%20in%20a%20caf%C3%A9'
28%2F11%2F2025#16%3A15#Simjrn#bn2eP978iUjP#Skill#Updated%20skill%20'Order%20in%20a%20caf%C3%A9'%20details
28%2F11%2F2025#16%3A15#Simjrn#bn2eP978iUjP#Skill#Updated%20skill%20'Order%20in%20a%20caf%C3%A9'%20details
28%2F11%2F2025#16%3A14#Simjrn#bn2eP978iUjP#Skill#Updated%20skill%20'Order%20in%20a%20caf%C3%A9'%20details
28%2F11%2F2025#16%3A14#Simjrn#bn2eP978iUjP#Skill#Updated%20skill%20'Order%20in%20a%20caf%C3%A8'%20details
28%2F11%2F2025#16%3A14#Simjrn#bn2eP978iUjP#Skill#Updated%20skill%20'Order%20in%20a%20caf%C3%A8'%20details
28%2F11%2F2025#16%3A14#Simjrn#bn2eP978iUjP#Skill#Updated%20skill%20'New%20Skill'%20details
28%2F11%2F2025#16%3A13#Simjrn#bn2eP978iUjP#Skill#Added%20new%20skill%20'New%20Skill'%20to%20unit%203
28%2F11%2F2025#15%3A42#Simjrn#000000000000#Project#Updated%20project%20metadata
28%2F11%2F2025#15%3A42#Simjrn#YD0hSgj7Hua9#Notes#Updated%20notes%20for%20skill%20'Are%20you%20sleeping%3F'
28%2F11%2F2025#15%3A42#Simjrn#YD0hSgj7Hua9#Notes#Updated%20notes%20for%20skill%20'Are%20you%20sleeping%3F'
28%2F11%2F2025#15%3A37#Simjrn#sdtAU84XUFyG#Skill#Updated%20skill%20'Around%20the%20house'%20details
28%2F11%2F2025#15%3A36#Simjrn#sdtAU84XUFyG#Skill#Moved%20skill%20'Around%20the%20house'%20to%20Unit%203
28%2F11%2F2025#15%3A35#Simjrn#000000000000#Project#Updated%20project%20metadata
28%2F11%2F2025#15%3A35#Simjrn#sdtAU84XUFyG#Sentences#Updated%20sentences%20for%20skill%20'Around%20the%20house'
28%2F11%2F2025#15%3A20#Simjrn#sdtAU84XUFyG#Vocab#Updated%20vocabulary%20for%20skill%20'Around%20the%20house'
28%2F11%2F2025#15%3A17#Simjrn#sdtAU84XUFyG#Notes#Updated%20notes%20for%20skill%20'Around%20the%20house'
28%2F11%2F2025#15%3A16#Simjrn#sdtAU84XUFyG#Notes#Updated%20notes%20for%20skill%20'Around%20the%20house'
28%2F11%2F2025#15%3A15#Simjrn#sdtAU84XUFyG#Notes#Updated%20notes%20for%20skill%20'Around%20the%20house'
28%2F11%2F2025#15%3A15#Simjrn#sdtAU84XUFyG#Notes#Updated%20notes%20for%20skill%20'Around%20the%20house'
28%2F11%2F2025#15%3A13#Simjrn#sdtAU84XUFyG#Notes#Updated%20notes%20for%20skill%20'Around%20the%20house'
28%2F11%2F2025#15%3A13#Simjrn#sdtAU84XUFyG#Notes#Updated%20notes%20for%20skill%20'Around%20the%20house'
28%2F11%2F2025#15%3A05#Simjrn#sdtAU84XUFyG#Notes#Updated%20notes%20for%20skill%20'Around%20the%20house'
28%2F11%2F2025#15%3A04#Simjrn#sdtAU84XUFyG#Skill#Updated%20skill%20'Around%20the%20house'%20details
28%2F11%2F2025#15%3A04#Simjrn#sdtAU84XUFyG#Skill#Updated%20skill%20'Around%20the%20house'%20details
28%2F11%2F2025#15%3A04#Simjrn#sdtAU84XUFyG#Skill#Updated%20skill%20'Around%20the%20house'%20details
28%2F11%2F2025#15%3A04#Simjrn#sdtAU84XUFyG#Skill#Updated%20skill%20'Around%20the%20house'%20details
28%2F11%2F2025#15%3A04#Simjrn#sdtAU84XUFyG#Skill#Updated%20skill%20'Around%20the%20house'%20details
28%2F11%2F2025#15%3A04#Simjrn#sdtAU84XUFyG#Skill#Updated%20skill%20'Around%20the%20house'%20details
28%2F11%2F2025#15%3A04#Simjrn#sdtAU84XUFyG#Skill#Updated%20skill%20'Around%20the%20house'%20details
28%2F11%2F2025#15%3A02#Simjrn#LMJskZwdHsKZ#Notes#Updated%20notes%20for%20skill%20'Greetings'
28%2F11%2F2025#15%3A02#Simjrn#LMJskZwdHsKZ#Notes#Updated%20notes%20for%20skill%20'Greetings'
28%2F11%2F2025#15%3A02#Simjrn#LMJskZwdHsKZ#Notes#Updated%20notes%20for%20skill%20'Greetings'
28%2F11%2F2025#15%3A01#Simjrn#dsT5c4SIEjIz#Notes#Updated%20notes%20for%20skill%20'Past%20tense%20to%20be%20and%20to%20have'
28%2F11%2F2025#15%3A00#Simjrn#9kiNsR776D35#Notes#Updated%20notes%20for%20skill%20'Allowed%20and%20can'
28%2F11%2F2025#14%3A59#Simjrn#9kiNsR776D35#Notes#Updated%20notes%20for%20skill%20'Allowed%20and%20can'
28%2F11%2F2025#14%3A58#Simjrn#9kiNsR776D35#Notes#Updated%20notes%20for%20skill%20'Allowed%20and%20can'
28%2F11%2F2025#14%3A58#Simjrn#9kiNsR776D35#Notes#Updated%20notes%20for%20skill%20'Allowed%20and%20can'
28%2F11%2F2025#14%3A58#Simjrn#9kiNsR776D35#Notes#Updated%20notes%20for%20skill%20'Allowed%20and%20can'
28%2F11%2F2025#14%3A56#Simjrn#img_9kiNsR776D35_1764341761288.png#Image#Added%20image%20to%20skill%20notes
28%2F11%2F2025#14%3A53#Simjrn#sdtAU84XUFyG#Skill#Updated%20skill%20'New%20Skill'%20details
28%2F11%2F2025#14%3A52#Simjrn#sdtAU84XUFyG#Skill#Added%20new%20skill%20'New%20Skill'%20to%20unit%203
28%2F11%2F2025#14%3A52#Simjrn#YD0hSgj7Hua9#Skill#Updated%20skill%20'Are%20you%20sleeping%3F'%20details
28%2F11%2F2025#14%3A51#Simjrn#YD0hSgj7Hua9#Skill#Updated%20skill%20'Are%20you%20sleeping%3F'%20details
28%2F11%2F2025#14%3A50#Simjrn#LMJskZwdHsKZ#Notes#Updated%20notes%20for%20skill%20'Greetings'
28%2F11%2F2025#14%3A50#Simjrn#LMJskZwdHsKZ#Notes#Updated%20notes%20for%20skill%20'Greetings'
28%2F11%2F2025#14%3A46#Simjrn#LMJskZwdHsKZ#Notes#Updated%20notes%20for%20skill%20'Greetings'
28%2F11%2F2025#14%3A45#Simjrn#LMJskZwdHsKZ#Notes#Updated%20notes%20for%20skill%20'Greetings'
28%2F11%2F2025#14%3A43#Simjrn#000000000000#Project#Updated%20project%20metadata
28%2F11%2F2025#14%3A43#Simjrn#YD0hSgj7Hua9#Sentences#Updated%20sentences%20for%20skill%20'Are%20you%20sleeping%3F'
28%2F11%2F2025#14%3A30#Simjrn#YD0hSgj7Hua9#Vocab#Updated%20vocabulary%20for%20skill%20'Are%20you%20sleeping%3F'
28%2F11%2F2025#14%3A28#Simjrn#YD0hSgj7Hua9#Vocab#Updated%20vocabulary%20for%20skill%20'Are%20you%20sleeping%3F'
28%2F11%2F2025#14%3A28#Simjrn#YD0hSgj7Hua9#Vocab#Updated%20vocabulary%20for%20skill%20'Are%20you%20sleeping%3F'
28%2F11%2F2025#14%3A27#Simjrn#YD0hSgj7Hua9#Vocab#Updated%20vocabulary%20for%20skill%20'Are%20you%20sleeping%3F'
28%2F11%2F2025#14%3A27#Simjrn#YD0hSgj7Hua9#Vocab#Updated%20vocabulary%20for%20skill%20'Are%20you%20sleeping%3F'
28%2F11%2F2025#14%3A26#Simjrn#YD0hSgj7Hua9#Notes#Updated%20notes%20for%20skill%20'Are%20you%20sleeping%3F'
28%2F11%2F2025#14%3A25#Simjrn#9kiNsR776D35#Skill#Updated%20skill%20'Allowed%20and%20can'%20details
28%2F11%2F2025#14%3A25#Simjrn#YD0hSgj7Hua9#Skill#Updated%20skill%20'Are%20you%20sleeping%3F'%20details
28%2F11%2F2025#14%3A23#Simjrn#YD0hSgj7Hua9#Skill#Updated%20skill%20'Are%20you%20sleeping%3F'%20details
28%2F11%2F2025#14%3A23#Simjrn#YD0hSgj7Hua9#Skill#Updated%20skill%20'Are%20you%20sleeping%3F'%20details
28%2F11%2F2025#14%3A22#Simjrn#HpjnOpFD3bWE#Lock#Unlocked%20lesson%203
28%2F11%2F2025#14%3A22#Simjrn#HpjnOpFD3bWE#Lock#Locked%20lesson%203
28%2F11%2F2025#14%3A22#Simjrn#YD0hSgj7Hua9#Skill#Updated%20skill%20'New%20Skill'%20details
28%2F11%2F2025#14%3A21#Simjrn#YD0hSgj7Hua9#Skill#Updated%20skill%20'New%20Skill'%20details
28%2F11%2F2025#14%3A21#Simjrn#YD0hSgj7Hua9#Skill#Added%20new%20skill%20'New%20Skill'%20to%20unit%203
28%2F11%2F2025#14%3A19#Simjrn#9kiNsR776D35#Skill#Updated%20skill%20'Allowed%20and%20can'%20details
28%2F11%2F2025#12%3A22#Simjrn#000000000000#Project#Updated%20project%20metadata
28%2F11%2F2025#12%3A22#Simjrn#9kiNsR776D35#Sentences#Updated%20sentences%20for%20skill%20'Allowed%20and%20can'
28%2F11%2F2025#10%3A24#Simjrn#000000000000#Project#Updated%20project%20metadata
28%2F11%2F2025#10%3A24#Simjrn#9kiNsR776D35#Sentences#Updated%20sentences%20for%20skill%20'Allowed%20and%20can'
28%2F11%2F2025#10%3A23#Simjrn#9kiNsR776D35#Vocab#Updated%20vocabulary%20for%20skill%20'Allowed%20and%20can'
28%2F11%2F2025#10%3A18#Simjrn#9kiNsR776D35#Vocab#Updated%20vocabulary%20for%20skill%20'Allowed%20and%20can'
28%2F11%2F2025#10%3A14#Simjrn#9kiNsR776D35#Skill#Updated%20skill%20'Allowed%20and%20can'%20details
28%2F11%2F2025#10%3A13#Simjrn#9kiNsR776D35#Notes#Updated%20notes%20for%20skill%20'Allowed%20and%20can'
28%2F11%2F2025#10%3A12#Simjrn#dsT5c4SIEjIz#Skill#Updated%20skill%20'Past%20tense%20to%20be%20and%20to%20have'%20details
28%2F11%2F2025#10%3A12#Simjrn#9kiNsR776D35#Skill#Updated%20skill%20'Allowed%20and%20can'%20details
28%2F11%2F2025#10%3A12#Simjrn#9kiNsR776D35#Skill#Updated%20skill%20'Allowed%20and%20can'%20details
28%2F11%2F2025#10%3A10#Simjrn#9kiNsR776D35#Skill#Updated%20skill%20'Allowed%20and%20can'%20details
28%2F11%2F2025#10%3A09#Simjrn#9kiNsR776D35#Skill#Moved%20skill%20'New%20Skill'%20to%20Unit%203
28%2F11%2F2025#09%3A53#Simjrn#000000000000#Project#Updated%20project%20metadata
28%2F11%2F2025#09%3A52#Simjrn#9kiNsR776D35#Skill#Added%20new%20skill%20'New%20Skill'%20to%20unit%203
28%2F11%2F2025#09%3A52#Simjrn#nFK3ScZjJWwo#Skill#Updated%20skill%20'To%20be'%20details
28%2F11%2F2025#09%3A52#Simjrn#LMJskZwdHsKZ#Skill#Updated%20skill%20'Greetings'%20details
28%2F11%2F2025#09%3A51#Simjrn#nFK3ScZjJWwo#Skill#Updated%20skill%20'To%20be'%20details
28%2F11%2F2025#09%3A51#Simjrn#nFK3ScZjJWwo#Skill#Updated%20skill%20'To%20be'%20details
28%2F11%2F2025#09%3A51#Simjrn#nFK3ScZjJWwo#Skill#Updated%20skill%20'To%20be'%20details
28%2F11%2F2025#09%3A51#Simjrn#LMJskZwdHsKZ#Skill#Updated%20skill%20'Greetings'%20details
28%2F11%2F2025#09%3A50#Simjrn#LMJskZwdHsKZ#Skill#Updated%20skill%20'Greetings'%20details
28%2F11%2F2025#09%3A50#Simjrn#LMJskZwdHsKZ#Skill#Updated%20skill%20'Greetings'%20details
28%2F11%2F2025#09%3A49#Simjrn#CoJ1LwDGxuSV#Skill#Updated%20skill%20'Birthdays'%20details
28%2F11%2F2025#09%3A49#Simjrn#CoJ1LwDGxuSV#Skill#Updated%20skill%20'Birthdays'%20details
28%2F11%2F2025#09%3A49#Simjrn#g2iSxGSamiwO#Skill#Updated%20skill%20'Sport'%20details
28%2F11%2F2025#09%3A49#Simjrn#g2iSxGSamiwO#Skill#Updated%20skill%20'Sport'%20details
28%2F11%2F2025#09%3A49#Simjrn#ipUjud9LLgC0#Skill#Updated%20skill%20'More%20numbers'%20details
28%2F11%2F2025#09%3A49#Simjrn#ipUjud9LLgC0#Skill#Updated%20skill%20'More%20numbers'%20details
28%2F11%2F2025#09%3A48#Simjrn#0Zfj7HTVE9qX#Skill#Updated%20skill%20'Plural'%20details
28%2F11%2F2025#09%3A48#Simjrn#0Zfj7HTVE9qX#Skill#Updated%20skill%20'Plural'%20details
28%2F11%2F2025#09%3A48#Simjrn#WdTv9LTujnf9#Skill#Updated%20skill%20'Months%20of%20the%20year'%20details
28%2F11%2F2025#09%3A48#Simjrn#WdTv9LTujnf9#Skill#Updated%20skill%20'Months%20of%20the%20year'%20details
28%2F11%2F2025#09%3A48#Simjrn#WdTv9LTujnf9#Skill#Updated%20skill%20'Months%20of%20the%20year'%20details
28%2F11%2F2025#09%3A48#Simjrn#vDtDo7H550lH#Skill#Updated%20skill%20'Days%20of%20the%20week'%20details
28%2F11%2F2025#09%3A48#Simjrn#vDtDo7H550lH#Skill#Updated%20skill%20'Days%20of%20the%20week'%20details
28%2F11%2F2025#09%3A48#Simjrn#vDtDo7H550lH#Skill#Updated%20skill%20'Days%20of%20the%20week'%20details
28%2F11%2F2025#09%3A47#Simjrn#vDtDo7H550lH#Skill#Updated%20skill%20'Days%20of%20the%20week'%20details
28%2F11%2F2025#09%3A47#Simjrn#g2iSxGSamiwO#Skill#Updated%20skill%20'Sport'%20details
28%2F11%2F2025#09%3A47#Simjrn#ipUjud9LLgC0#Skill#Updated%20skill%20'More%20numbers'%20details
28%2F11%2F2025#09%3A47#Simjrn#WdTv9LTujnf9#Skill#Updated%20skill%20'Months%20of%20the%20year'%20details
28%2F11%2F2025#09%3A46#Simjrn#PMNDxHTtjs7H#Skill#Updated%20skill%20'More%20foods'%20details
28%2F11%2F2025#09%3A46#Simjrn#7IgXpXh02gde#Skill#Updated%20skill%20'Conjunctions'%20details
28%2F11%2F2025#09%3A46#Simjrn#zvur6TATWLw7#Skill#Updated%20skill%20'Colours'%20details
28%2F11%2F2025#09%3A46#Simjrn#YV35eNbVnhCt#Skill#Updated%20skill%20'Fruits'%20details
28%2F11%2F2025#09%3A46#Simjrn#YV35eNbVnhCt#Skill#Updated%20skill%20'Fruits'%20details
28%2F11%2F2025#09%3A46#Simjrn#vDtDo7H550lH#Skill#Updated%20skill%20'Days%20of%20the%20week'%20details
28%2F11%2F2025#09%3A46#Simjrn#PMNDxHTtjs7H#Skill#Updated%20skill%20'More%20foods'%20details
28%2F11%2F2025#09%3A46#Simjrn#PMNDxHTtjs7H#Skill#Updated%20skill%20'More%20foods'%20details
28%2F11%2F2025#09%3A45#Simjrn#dnyAlc9Rv2Dj#Skill#Updated%20skill%20'How%20long'%20details
28%2F11%2F2025#09%3A45#Simjrn#dnyAlc9Rv2Dj#Skill#Updated%20skill%20'How%20long'%20details
28%2F11%2F2025#09%3A45#Simjrn#7IgXpXh02gde#Skill#Updated%20skill%20'Conjunctions'%20details
28%2F11%2F2025#09%3A45#Simjrn#7IgXpXh02gde#Skill#Updated%20skill%20'Conjunctions'%20details
28%2F11%2F2025#09%3A45#Simjrn#zvur6TATWLw7#Skill#Updated%20skill%20'Colours'%20details
28%2F11%2F2025#09%3A45#Simjrn#zvur6TATWLw7#Skill#Updated%20skill%20'Colours'%20details
28%2F11%2F2025#09%3A44#Simjrn#YV35eNbVnhCt#Skill#Updated%20skill%20'Fruits'%20details
28%2F11%2F2025#09%3A44#Simjrn#YV35eNbVnhCt#Skill#Updated%20skill%20'Fruits'%20details
28%2F11%2F2025#09%3A44#Simjrn#YV35eNbVnhCt#Skill#Updated%20skill%20'Fruits'%20details
28%2F11%2F2025#09%3A44#Simjrn#YV35eNbVnhCt#Skill#Updated%20skill%20'Fruits'%20details
28%2F11%2F2025#09%3A44#Simjrn#YV35eNbVnhCt#Skill#Updated%20skill%20'Fruits'%20details
28%2F11%2F2025#09%3A44#Simjrn#nFK3ScZjJWwo#Skill#Updated%20skill%20'To%20be'%20details
28%2F11%2F2025#09%3A43#Simjrn#nFK3ScZjJWwo#Skill#Updated%20skill%20'To%20be'%20details
28%2F11%2F2025#09%3A43#Simjrn#nFK3ScZjJWwo#Skill#Updated%20skill%20'To%20be'%20details
28%2F11%2F2025#09%3A43#Simjrn#nFK3ScZjJWwo#Skill#Updated%20skill%20'To%20be'%20details
28%2F11%2F2025#09%3A42#Simjrn#nXc5HkaartBu#Skill#Updated%20skill%20'People'%20details
28%2F11%2F2025#09%3A41#Simjrn#nXc5HkaartBu#Skill#Updated%20skill%20'People'%20details
28%2F11%2F2025#09%3A41#Simjrn#WQ3pFUHnrDEC#Skill#Updated%20skill%20'Prepositions'%20details
28%2F11%2F2025#09%3A40#Simjrn#WQ3pFUHnrDEC#Skill#Updated%20skill%20'Prepositions'%20details
28%2F11%2F2025#09%3A40#Simjrn#9f7T911Vr93E#Skill#Updated%20skill%20'Languages'%20details
28%2F11%2F2025#09%3A39#Simjrn#9f7T911Vr93E#Skill#Updated%20skill%20'Languages'%20details
28%2F11%2F2025#09%3A37#Simjrn#000000000000#Project#Updated%20project%20metadata
28%2F11%2F2025#09%3A37#Simjrn#nXc5HkaartBu#Sentences#Updated%20sentences%20for%20skill%20'People'
28%2F11%2F2025#09%3A32#Simjrn#WQ3pFUHnrDEC#Sentences#Updated%20sentences%20for%20skill%20'Prepositions'
28%2F11%2F2025#09%3A27#Simjrn#9f7T911Vr93E#Sentences#Updated%20sentences%20for%20skill%20'Languages'
27%2F11%2F2025#19%3A26#Simjrn#000000000000#Project#Updated%20project%20metadata
27%2F11%2F2025#19%3A26#Simjrn#YV35eNbVnhCt#Skill#Updated%20skill%20'Fruits'%20details
27%2F11%2F2025#19%3A25#Simjrn#nXc5HkaartBu#Skill#Updated%20skill%20'People'%20details
27%2F11%2F2025#19%3A25#Simjrn#gMtarWkQV40z#Skill#Updated%20skill%20'Neither'%20details
27%2F11%2F2025#19%3A24#Simjrn#WQ3pFUHnrDEC#Skill#Updated%20skill%20'Prepositions'%20details
27%2F11%2F2025#19%3A24#Simjrn#9f7T911Vr93E#Skill#Updated%20skill%20'Languages'%20details
27%2F11%2F2025#19%3A24#Simjrn#9f7T911Vr93E#Skill#Updated%20skill%20'Languages'%20details
27%2F11%2F2025#19%3A23#Simjrn#558dWaaDjXZ8#Skill#Updated%20skill%20'To%20go'%20details
27%2F11%2F2025#19%3A23#Simjrn#dqgfLiYs8jaW#Skill#Updated%20skill%20'Countries'%20details
27%2F11%2F2025#19%3A23#Simjrn#s9Etk0DPm9Lt#Skill#Updated%20skill%20'Places'%20details
27%2F11%2F2025#19%3A22#Simjrn#s9Etk0DPm9Lt#Skill#Updated%20skill%20'Places'%20details
27%2F11%2F2025#19%3A22#Simjrn#3BwfKyDLsZ9k#Skill#Updated%20skill%20'Describing%20people'%20details
27%2F11%2F2025#19%3A22#Simjrn#lMsnbwrstGQS#Skill#Updated%20skill%20'Family'%20details
27%2F11%2F2025#19%3A22#Simjrn#4xwjpKev89O3#Skill#Updated%20skill%20'To%20make'%20details
27%2F11%2F2025#19%3A22#Simjrn#fOOfcIjvFvjy#Skill#Updated%20skill%20'Like%20doing%20things'%20details
27%2F11%2F2025#19%3A22#Simjrn#fOOfcIjvFvjy#Skill#Updated%20skill%20'Like%20doing%20things'%20details
27%2F11%2F2025#19%3A21#Simjrn#3dQdao6HAxn5#Skill#Updated%20skill%20'Negatives'%20details
27%2F11%2F2025#19%3A21#Simjrn#kDweLPrjBhFL#Skill#Updated%20skill%20'When%3F'%20details
27%2F11%2F2025#19%3A21#Simjrn#Yh5zFN3AOqXh#Skill#Updated%20skill%20'Where%20do%20you%20live%3F'%20details
27%2F11%2F2025#19%3A21#Simjrn#Yh5zFN3AOqXh#Skill#Updated%20skill%20'Where%20do%20you%20live%3F'%20details
27%2F11%2F2025#19%3A20#Simjrn#b9b8UMiUOlp8#Skill#Updated%20skill%20'To%20want'%20details
27%2F11%2F2025#19%3A20#Simjrn#b9b8UMiUOlp8#Skill#Updated%20skill%20'To%20want'%20details
27%2F11%2F2025#19%3A20#Simjrn#b9b8UMiUOlp8#Skill#Updated%20skill%20'To%20want'%20details
27%2F11%2F2025#19%3A20#Simjrn#spqeL2otntJD#Skill#Updated%20skill%20'To%20eat'%20details
27%2F11%2F2025#19%3A20#Simjrn#spqeL2otntJD#Skill#Updated%20skill%20'To%20eat'%20details
27%2F11%2F2025#19%3A20#Simjrn#spqeL2otntJD#Skill#Updated%20skill%20'To%20eat'%20details
27%2F11%2F2025#19%3A19#Simjrn#kYRNGNnR9Gd0#Skill#Updated%20skill%20'Pets'%20details
27%2F11%2F2025#19%3A19#Simjrn#VTNxOVbkoFXa#Skill#Updated%20skill%20'To%20have'%20details
27%2F11%2F2025#19%3A19#Simjrn#EXWBPf3eJ5nj#Skill#Updated%20skill%20'Review'%20details
27%2F11%2F2025#19%3A19#Simjrn#8YqwWvQK8kf0#Skill#Updated%20skill%20'Articles'%20details
27%2F11%2F2025#19%3A18#Simjrn#f5M39bhnVnGI#Skill#Updated%20skill%20'Foods'%20details
27%2F11%2F2025#19%3A18#Simjrn#f5M39bhnVnGI#Skill#Updated%20skill%20'Foods'%20details
27%2F11%2F2025#19%3A18#Simjrn#X737JxV5GyTv#Skill#Updated%20skill%20'The%20future'%20details
27%2F11%2F2025#19%3A16#Simjrn#gMtarWkQV40z#Skill#Updated%20skill%20'Neither'%20details
27%2F11%2F2025#19%3A16#Simjrn#nXc5HkaartBu#Skill#Updated%20skill%20'People'%20details
27%2F11%2F2025#19%3A16#Simjrn#gMtarWkQV40z#Skill#Updated%20skill%20'Neither'%20details
27%2F11%2F2025#19%3A16#Simjrn#WQ3pFUHnrDEC#Skill#Updated%20skill%20'Prepositions'%20details
27%2F11%2F2025#19%3A16#Simjrn#9f7T911Vr93E#Skill#Updated%20skill%20'Languages'%20details
27%2F11%2F2025#19%3A16#Simjrn#558dWaaDjXZ8#Skill#Updated%20skill%20'To%20go'%20details
27%2F11%2F2025#19%3A15#Simjrn#558dWaaDjXZ8#Skill#Updated%20skill%20'To%20go'%20details
27%2F11%2F2025#19%3A15#Simjrn#dqgfLiYs8jaW#Skill#Updated%20skill%20'Countries'%20details
27%2F11%2F2025#19%3A15#Simjrn#s9Etk0DPm9Lt#Skill#Updated%20skill%20'Places'%20details
27%2F11%2F2025#19%3A15#Simjrn#3BwfKyDLsZ9k#Skill#Updated%20skill%20'Describing%20people'%20details
27%2F11%2F2025#19%3A15#Simjrn#lMsnbwrstGQS#Skill#Updated%20skill%20'Family'%20details
27%2F11%2F2025#19%3A15#Simjrn#4xwjpKev89O3#Skill#Updated%20skill%20'To%20make'%20details
27%2F11%2F2025#19%3A15#Simjrn#fOOfcIjvFvjy#Skill#Updated%20skill%20'Like%20doing%20things'%20details
27%2F11%2F2025#19%3A15#Simjrn#Yh5zFN3AOqXh#Skill#Updated%20skill%20'Where%20do%20you%20live%3F'%20details
27%2F11%2F2025#19%3A15#Simjrn#b9b8UMiUOlp8#Skill#Updated%20skill%20'To%20want'%20details
27%2F11%2F2025#19%3A15#Simjrn#spqeL2otntJD#Skill#Updated%20skill%20'To%20eat'%20details
27%2F11%2F2025#19%3A14#Simjrn#kYRNGNnR9Gd0#Skill#Updated%20skill%20'Pets'%20details
27%2F11%2F2025#19%3A14#Simjrn#VTNxOVbkoFXa#Skill#Updated%20skill%20'To%20have'%20details
27%2F11%2F2025#19%3A14#Simjrn#EXWBPf3eJ5nj#Skill#Updated%20skill%20'Review'%20details
27%2F11%2F2025#19%3A14#Simjrn#8YqwWvQK8kf0#Skill#Updated%20skill%20'Articles'%20details
27%2F11%2F2025#19%3A14#Simjrn#f5M39bhnVnGI#Skill#Updated%20skill%20'Foods'%20details
27%2F11%2F2025#19%3A14#Simjrn#X737JxV5GyTv#Skill#Updated%20skill%20'The%20future'%20details
27%2F11%2F2025#19%3A14#Simjrn#X737JxV5GyTv#Skill#Updated%20skill%20'The%20future'%20details
27%2F11%2F2025#19%3A14#Simjrn#b9b8UMiUOlp8#Skill#Updated%20skill%20'To%20want'%20details
27%2F11%2F2025#19%3A14#Simjrn#spqeL2otntJD#Skill#Updated%20skill%20'To%20eat'%20details
27%2F11%2F2025#19%3A14#Simjrn#kYRNGNnR9Gd0#Skill#Updated%20skill%20'Pets'%20details
27%2F11%2F2025#19%3A14#Simjrn#VTNxOVbkoFXa#Skill#Updated%20skill%20'To%20have'%20details
27%2F11%2F2025#19%3A14#Simjrn#EXWBPf3eJ5nj#Skill#Updated%20skill%20'Review'%20details
27%2F11%2F2025#19%3A14#Simjrn#8YqwWvQK8kf0#Skill#Updated%20skill%20'Articles'%20details
27%2F11%2F2025#19%3A13#Simjrn#f5M39bhnVnGI#Skill#Updated%20skill%20'Foods'%20details
27%2F11%2F2025#19%3A13#Simjrn#X737JxV5GyTv#Skill#Updated%20skill%20'The%20future'%20details
27%2F11%2F2025#19%3A13#Simjrn#LMJskZwdHsKZ#Skill#Updated%20skill%20'Greetings'%20details
27%2F11%2F2025#19%3A13#Simjrn#b9b8UMiUOlp8#Skill#Updated%20skill%20'To%20want'%20details
27%2F11%2F2025#19%3A13#Simjrn#spqeL2otntJD#Skill#Updated%20skill%20'To%20eat'%20details
27%2F11%2F2025#19%3A13#Simjrn#kYRNGNnR9Gd0#Skill#Updated%20skill%20'Pets'%20details
27%2F11%2F2025#19%3A13#Simjrn#VTNxOVbkoFXa#Skill#Updated%20skill%20'To%20have'%20details
27%2F11%2F2025#19%3A13#Simjrn#EXWBPf3eJ5nj#Skill#Updated%20skill%20'Review'%20details
27%2F11%2F2025#19%3A12#Simjrn#8YqwWvQK8kf0#Skill#Updated%20skill%20'Articles'%20details
27%2F11%2F2025#19%3A12#Simjrn#f5M39bhnVnGI#Skill#Updated%20skill%20'Foods'%20details
27%2F11%2F2025#19%3A12#Simjrn#X737JxV5GyTv#Skill#Updated%20skill%20'The%20future'%20details
27%2F11%2F2025#19%3A12#Simjrn#LMJskZwdHsKZ#Skill#Updated%20skill%20'Greetings'%20details
27%2F11%2F2025#19%3A12#Simjrn#b9b8UMiUOlp8#Lock#Unlocked%20skill%20'To%20want'
27%2F11%2F2025#19%3A12#Simjrn#spqeL2otntJD#Lock#Unlocked%20skill%20'To%20eat'
27%2F11%2F2025#19%3A12#Simjrn#kYRNGNnR9Gd0#Lock#Unlocked%20skill%20'Pets'
27%2F11%2F2025#19%3A12#Simjrn#VTNxOVbkoFXa#Lock#Unlocked%20skill%20'To%20have'
27%2F11%2F2025#19%3A12#Simjrn#EXWBPf3eJ5nj#Lock#Unlocked%20skill%20'Review'
27%2F11%2F2025#19%3A12#Simjrn#8YqwWvQK8kf0#Lock#Unlocked%20skill%20'Articles'
27%2F11%2F2025#19%3A12#Simjrn#f5M39bhnVnGI#Lock#Unlocked%20skill%20'Foods'
27%2F11%2F2025#19%3A12#Simjrn#X737JxV5GyTv#Lock#Unlocked%20skill%20'The%20future'
27%2F11%2F2025#19%3A12#Simjrn#fYKBLDeM3hzV#Lock#Unlocked%20skill%20'Basic%20phrases'
27%2F11%2F2025#19%3A12#Simjrn#nFK3ScZjJWwo#Lock#Unlocked%20skill%20'To%20be'
27%2F11%2F2025#19%3A12#Simjrn#LMJskZwdHsKZ#Lock#Unlocked%20skill%20'Greetings'
27%2F11%2F2025#19%3A11#Simjrn#000000000000#Project#Updated%20project%20metadata
27%2F11%2F2025#19%3A10#Simjrn#s9Etk0DPm9Lt#Skill#Updated%20skill%20'Places'%20details
27%2F11%2F2025#19%3A09#Simjrn#s9Etk0DPm9Lt#Skill#Updated%20skill%20'Places'%20details
27%2F11%2F2025#19%3A08#Simjrn#3BwfKyDLsZ9k#Skill#Updated%20skill%20'Describing%20people'%20details
27%2F11%2F2025#19%3A08#Simjrn#3BwfKyDLsZ9k#Skill#Updated%20skill%20'Describing%20people'%20details
27%2F11%2F2025#19%3A07#Simjrn#3BwfKyDLsZ9k#Sentences#Updated%20sentences%20for%20skill%20'Describing%20people'
27%2F11%2F2025#19%3A07#Simjrn#lMsnbwrstGQS#Skill#Updated%20skill%20'Family'%20details
27%2F11%2F2025#19%3A06#Simjrn#lMsnbwrstGQS#Skill#Updated%20skill%20'Family'%20details
27%2F11%2F2025#19%3A05#Simjrn#000000000000#Project#Updated%20project%20metadata
27%2F11%2F2025#19%3A05#Simjrn#s9Etk0DPm9Lt#Sentences#Updated%20sentences%20for%20skill%20'Places'
27%2F11%2F2025#19%3A00#Simjrn#3BwfKyDLsZ9k#Sentences#Updated%20sentences%20for%20skill%20'Describing%20people'
27%2F11%2F2025#18%3A56#Simjrn#lMsnbwrstGQS#Sentences#Updated%20sentences%20for%20skill%20'Family'
27%2F11%2F2025#18%3A50#Simjrn#4xwjpKev89O3#Skill#Updated%20skill%20'To%20make'%20details
27%2F11%2F2025#18%3A49#Simjrn#4xwjpKev89O3#Skill#Updated%20skill%20'To%20make'%20details
27%2F11%2F2025#18%3A49#Simjrn#4xwjpKev89O3#Skill#Updated%20skill%20'To%20make'%20details
27%2F11%2F2025#18%3A49#Simjrn#4xwjpKev89O3#Skill#Updated%20skill%20'To%20do'%20details
27%2F11%2F2025#18%3A48#Simjrn#kDweLPrjBhFL#Skill#Updated%20skill%20'When%3F'%20details
27%2F11%2F2025#18%3A47#Simjrn#kDweLPrjBhFL#Skill#Updated%20skill%20'When%3F'%20details
27%2F11%2F2025#18%3A44#Simjrn#Yh5zFN3AOqXh#Skill#Updated%20skill%20'Where%20do%20you%20live%3F'%20details
27%2F11%2F2025#18%3A44#Simjrn#Yh5zFN3AOqXh#Skill#Updated%20skill%20'Where%20do%20you%20live%3F'%20details
27%2F11%2F2025#16%3A41#Simjrn#000000000000#Project#Updated%20project%20metadata
27%2F11%2F2025#16%3A41#Simjrn#4xwjpKev89O3#Sentences#Updated%20sentences%20for%20skill%20'To%20do'
27%2F11%2F2025#16%3A29#Simjrn#kDweLPrjBhFL#Sentences#Updated%20sentences%20for%20skill%20'When%3F'
27%2F11%2F2025#16%3A26#Simjrn#kDweLPrjBhFL#Notes#Updated%20notes%20for%20skill%20'When%3F'
27%2F11%2F2025#16%3A26#Simjrn#kDweLPrjBhFL#Notes#Updated%20notes%20for%20skill%20'When%3F'
27%2F11%2F2025#16%3A25#Simjrn#kDweLPrjBhFL#Vocab#Updated%20vocabulary%20for%20skill%20'When%3F'
27%2F11%2F2025#16%3A19#Simjrn#Yh5zFN3AOqXh#Sentences#Updated%20sentences%20for%20skill%20'Where%20do%20you%20live%3F'
27%2F11%2F2025#16%3A16#Simjrn#000000000000#Project#Updated%20project%20metadata
27%2F11%2F2025#16%3A15#Simjrn#000000000000#Project#Updated%20project%20metadata
26%2F11%2F2025#20%3A57#Simjrn#000000000000#Project#Updated%20project%20metadata
26%2F11%2F2025#20%3A38#Simjrn#spqeL2otntJD#Lock#Locked%20skill%20'To%20eat'
26%2F11%2F2025#20%3A38#Simjrn#b9b8UMiUOlp8#Lock#Locked%20skill%20'To%20want'
26%2F11%2F2025#20%3A38#Simjrn#kYRNGNnR9Gd0#Lock#Locked%20skill%20'Pets'
26%2F11%2F2025#20%3A37#Simjrn#VTNxOVbkoFXa#Lock#Locked%20skill%20'To%20have'
26%2F11%2F2025#20%3A37#Simjrn#EXWBPf3eJ5nj#Lock#Locked%20skill%20'Review'
26%2F11%2F2025#20%3A37#Simjrn#nXc5HkaartBu#Skill#Updated%20skill%20'People'%20details
26%2F11%2F2025#20%3A37#Simjrn#gMtarWkQV40z#Skill#Updated%20skill%20'Neither'%20details
26%2F11%2F2025#20%3A37#Simjrn#WQ3pFUHnrDEC#Skill#Updated%20skill%20'Prepositions'%20details
26%2F11%2F2025#20%3A37#Simjrn#9f7T911Vr93E#Skill#Updated%20skill%20'Languages'%20details
26%2F11%2F2025#20%3A36#Simjrn#dqgfLiYs8jaW#Skill#Updated%20skill%20'Countries'%20details
26%2F11%2F2025#20%3A36#Simjrn#s9Etk0DPm9Lt#Skill#Updated%20skill%20'Places'%20details
26%2F11%2F2025#20%3A36#Simjrn#3BwfKyDLsZ9k#Skill#Updated%20skill%20'Describing%20people'%20details
26%2F11%2F2025#20%3A35#Simjrn#4xwjpKev89O3#Skill#Updated%20skill%20'To%20do'%20details
26%2F11%2F2025#20%3A35#Simjrn#fOOfcIjvFvjy#Skill#Updated%20skill%20'Like%20doing%20things'%20details
26%2F11%2F2025#20%3A35#Simjrn#3dQdao6HAxn5#Skill#Updated%20skill%20'Negatives'%20details
26%2F11%2F2025#20%3A35#Simjrn#kDweLPrjBhFL#Skill#Updated%20skill%20'When%3F'%20details
26%2F11%2F2025#20%3A35#Simjrn#Yh5zFN3AOqXh#Skill#Updated%20skill%20'Where%20do%20you%20live%3F'%20details
26%2F11%2F2025#20%3A34#Simjrn#8YqwWvQK8kf0#Lock#Locked%20skill%20'Articles'
26%2F11%2F2025#20%3A32#Simjrn#XKNDqhTEiAyg#Question#Added%20new%20'Match'%20question%20to%20lesson%20'rbVEIds08mx1'
26%2F11%2F2025#20%3A32#Simjrn#1QezrKXLG4JH#Question#Added%20new%20'Match'%20question%20to%20lesson%20'rbVEIds08mx1'
26%2F11%2F2025#20%3A31#Simjrn#lH69INaArAws#Question#Added%20new%20'Match'%20question%20to%20lesson%20'rbVEIds08mx1'
26%2F11%2F2025#20%3A30#Simjrn#h1AtfC83QbFL#Question#Added%20new%20'PickOneMeaning'%20question%20to%20lesson%20'rbVEIds08mx1'
26%2F11%2F2025#20%3A29#Simjrn#JwxeDKXtV8P4#Question#Added%20new%20'WriteWords'%20question%20to%20lesson%20'rbVEIds08mx1'
26%2F11%2F2025#20%3A28#Simjrn#ycjoTUmzB9ir#Question#Added%20new%20'WriteWords'%20question%20to%20lesson%20'rbVEIds08mx1'
26%2F11%2F2025#20%3A27#Simjrn#nFK3ScZjJWwo#Lock#Locked%20skill%20'To%20be'
26%2F11%2F2025#20%3A27#Simjrn#nFK3ScZjJWwo#Lock#Unlocked%20skill%20'To%20be'
26%2F11%2F2025#20%3A26#Simjrn#lHOclHglDr0K#Question#Added%20new%20'PickOneMeaning'%20question%20to%20lesson%20'rbVEIds08mx1'
26%2F11%2F2025#20%3A25#Simjrn#AuhjxFzn3VPm#Question#Added%20new%20'WriteWords'%20question%20to%20lesson%20'rbVEIds08mx1'
26%2F11%2F2025#20%3A24#Simjrn#3ADXzBe7rAfW#Question#Deleted%20question%20'3ADXzBe7rAfW'%20from%20lesson%20'rbVEIds08mx1'
26%2F11%2F2025#20%3A24#Simjrn#AgRdHADuAtYl#Question#Added%20new%20'WriteWords'%20question%20to%20lesson%20'rbVEIds08mx1'
26%2F11%2F2025#20%3A24#Simjrn#m1VEQirkxt0E#Question#Deleted%20question%20'm1VEQirkxt0E'%20from%20lesson%20'rbVEIds08mx1'
26%2F11%2F2025#20%3A24#Simjrn#rbVEIds08mx1#Lesson#Added%20new%20lesson%205%20to%20skill%20'8YqwWvQK8kf0'
26%2F11%2F2025#20%3A23#Simjrn#f5M39bhnVnGI#Lock#Locked%20skill%20'Foods'
26%2F11%2F2025#20%3A23#Simjrn#f5M39bhnVnGI#Skill#Updated%20skill%20'Foods'%20details
26%2F11%2F2025#20%3A23#Simjrn#f5M39bhnVnGI#Skill#Updated%20skill%20'Foods'%20details
26%2F11%2F2025#20%3A22#Simjrn#f5M39bhnVnGI#Skill#Updated%20skill%20'Foods'%20details
26%2F11%2F2025#20%3A20#Simjrn#X737JxV5GyTv#Lock#Locked%20skill%20'The%20future'
26%2F11%2F2025#20%3A20#Simjrn#fYKBLDeM3hzV#Lock#Locked%20skill%20'Basic%20phrases'
26%2F11%2F2025#20%3A20#Simjrn#nFK3ScZjJWwo#Lock#Locked%20skill%20'To%20be'
26%2F11%2F2025#20%3A20#Simjrn#X737JxV5GyTv#Skill#Updated%20skill%20'The%20future'%20details
26%2F11%2F2025#20%3A19#Simjrn#X737JxV5GyTv#Skill#Updated%20skill%20'The%20future'%20details
26%2F11%2F2025#20%3A18#Simjrn#MACBVltizYJu#Question#Deleted%20question%20'MACBVltizYJu'%20from%20lesson%20'cG7RFz11iW3f'
26%2F11%2F2025#20%3A18#Simjrn#L1UBR569YJdy#Question#Deleted%20question%20'L1UBR569YJdy'%20from%20lesson%20'cG7RFz11iW3f'
26%2F11%2F2025#20%3A18#Simjrn#tbQDNdlJBzqD#Question#Deleted%20question%20'tbQDNdlJBzqD'%20from%20lesson%20'rzeNoI1hnocq'
26%2F11%2F2025#20%3A18#Simjrn#6aTXMGzuQvBT#Question#Deleted%20question%20'6aTXMGzuQvBT'%20from%20lesson%20'rzeNoI1hnocq'
26%2F11%2F2025#20%3A18#Simjrn#fYKBLDeM3hzV#Skill#Updated%20skill%20'Basic%20phrases'%20details
26%2F11%2F2025#20%3A18#Simjrn#fYKBLDeM3hzV#Skill#Updated%20skill%20'Basic%20phrases'%20details
26%2F11%2F2025#20%3A16#Simjrn#000000000000#Project#Updated%20project%20metadata
26%2F11%2F2025#20%3A15#Simjrn#lMsnbwrstGQS#Skill#Updated%20skill%20'Family'%20details
26%2F11%2F2025#20%3A15#Simjrn#f5M39bhnVnGI#Sentences#Updated%20sentences%20for%20skill%20'Foods'
26%2F11%2F2025#20%3A12#Simjrn#YUF6EvG7AdZ1#Question#Deleted%20question%20'YUF6EvG7AdZ1'%20from%20lesson%20'KuuV2tAjOjPR'
26%2F11%2F2025#20%3A11#Simjrn#X737JxV5GyTv#Sentences#Updated%20sentences%20for%20skill%20'The%20future'
26%2F11%2F2025#20%3A09#Simjrn#fYKBLDeM3hzV#Sentences#Updated%20sentences%20for%20skill%20'Basic%20phrases'
26%2F11%2F2025#20%3A05#Simjrn#nFK3ScZjJWwo#Skill#Updated%20skill%20'To%20be'%20details
26%2F11%2F2025#20%3A05#Simjrn#nFK3ScZjJWwo#Skill#Updated%20skill%20'To%20be'%20details
26%2F11%2F2025#20%3A05#Simjrn#nFK3ScZjJWwo#Lock#Unlocked%20skill%20'To%20be'
26%2F11%2F2025#20%3A03#Simjrn#nFK3ScZjJWwo#Lock#Locked%20skill%20'To%20be'
26%2F11%2F2025#20%3A03#Simjrn#nFK3ScZjJWwo#Lock#Unlocked%20skill%20'To%20be'
26%2F11%2F2025#20%3A03#Simjrn#nFK3ScZjJWwo#Lock#Locked%20skill%20'To%20be'
26%2F11%2F2025#20%3A03#Simjrn#nFK3ScZjJWwo#Skill#Updated%20skill%20'To%20be'%20details
26%2F11%2F2025#20%3A01#Simjrn#LMJskZwdHsKZ#Lock#Locked%20skill%20'Greetings'
26%2F11%2F2025#20%3A01#Simjrn#LMJskZwdHsKZ#Skill#Updated%20skill%20'Greetings'%20details
26%2F11%2F2025#19%3A59#Simjrn#ZwGjw0czI6CN#Skill#Deleted%20skill%20'Phonology'%20from%20unit%200
26%2F11%2F2025#19%3A59#Simjrn#LMJskZwdHsKZ#Notes#Updated%20notes%20for%20skill%20'Greetings'
26%2F11%2F2025#19%3A58#Simjrn#LMJskZwdHsKZ#Notes#Updated%20notes%20for%20skill%20'Greetings'
26%2F11%2F2025#19%3A58#Simjrn#img_LMJskZwdHsKZ_1764187126150.png#Image#Added%20image%20to%20skill%20notes
26%2F11%2F2025#19%3A57#Simjrn#b9b8UMiUOlp8#Skill#Updated%20skill%20'To%20want'%20details
26%2F11%2F2025#19%3A57#Simjrn#spqeL2otntJD#Skill#Updated%20skill%20'To%20eat'%20details
26%2F11%2F2025#19%3A57#Simjrn#kYRNGNnR9Gd0#Skill#Updated%20skill%20'Pets'%20details
26%2F11%2F2025#19%3A57#Simjrn#VTNxOVbkoFXa#Skill#Updated%20skill%20'To%20have'%20details
26%2F11%2F2025#19%3A57#Simjrn#EXWBPf3eJ5nj#Skill#Updated%20skill%20'Review'%20details
26%2F11%2F2025#19%3A57#Simjrn#EXWBPf3eJ5nj#Skill#Updated%20skill%20'Review'%20details
26%2F11%2F2025#19%3A57#Simjrn#8YqwWvQK8kf0#Skill#Updated%20skill%20'Articles'%20details
26%2F11%2F2025#19%3A56#Simjrn#f5M39bhnVnGI#Skill#Updated%20skill%20'Foods'%20details
26%2F11%2F2025#19%3A56#Simjrn#X737JxV5GyTv#Skill#Updated%20skill%20'The%20future'%20details
26%2F11%2F2025#19%3A56#Simjrn#b9b8UMiUOlp8#Lock#Unlocked%20skill%20'To%20want'
26%2F11%2F2025#19%3A56#Simjrn#spqeL2otntJD#Lock#Unlocked%20skill%20'To%20eat'
26%2F11%2F2025#19%3A56#Simjrn#kYRNGNnR9Gd0#Lock#Unlocked%20skill%20'Pets'
26%2F11%2F2025#19%3A56#Simjrn#VTNxOVbkoFXa#Lock#Unlocked%20skill%20'To%20have'
26%2F11%2F2025#19%3A56#Simjrn#f5M39bhnVnGI#Lock#Unlocked%20skill%20'Foods'
26%2F11%2F2025#19%3A56#Simjrn#EXWBPf3eJ5nj#Lock#Unlocked%20skill%20'Review'
26%2F11%2F2025#19%3A56#Simjrn#8YqwWvQK8kf0#Lock#Unlocked%20skill%20'Articles'
26%2F11%2F2025#19%3A56#Simjrn#X737JxV5GyTv#Lock#Unlocked%20skill%20'The%20future'
26%2F11%2F2025#19%3A56#Simjrn#fYKBLDeM3hzV#Skill#Updated%20skill%20'Basic%20phrases'%20details
26%2F11%2F2025#19%3A56#Simjrn#nFK3ScZjJWwo#Skill#Updated%20skill%20'To%20be'%20details
26%2F11%2F2025#19%3A56#Simjrn#ZwGjw0czI6CN#Skill#Updated%20skill%20'Phonology'%20details
26%2F11%2F2025#19%3A55#Simjrn#LMJskZwdHsKZ#Lock#Unlocked%20skill%20'Greetings'
26%2F11%2F2025#19%3A55#Simjrn#ZwGjw0czI6CN#Lock#Unlocked%20skill%20'Phonology'
26%2F11%2F2025#19%3A55#Simjrn#ZwGjw0czI6CN#Lock#Locked%20skill%20'Phonology'
26%2F11%2F2025#19%3A55#Simjrn#LMJskZwdHsKZ#Lock#Locked%20skill%20'Greetings'
26%2F11%2F2025#19%3A55#Simjrn#nFK3ScZjJWwo#Lock#Unlocked%20skill%20'To%20be'
26%2F11%2F2025#19%3A55#Simjrn#ZwGjw0czI6CN#Lock#Unlocked%20skill%20'Phonology'
26%2F11%2F2025#19%3A55#Simjrn#LMJskZwdHsKZ#Lock#Unlocked%20skill%20'Greetings'
26%2F11%2F2025#18%3A58#Simjrn#000000000000#Project#Updated%20project%20metadata
26%2F11%2F2025#18%3A56#Simjrn#nFK3ScZjJWwo#Lock#Locked%20skill%20'To%20be'
26%2F11%2F2025#18%3A56#Simjrn#nFK3ScZjJWwo#Sentences#Updated%20sentences%20for%20skill%20'To%20be'
26%2F11%2F2025#18%3A54#Simjrn#LMJskZwdHsKZ#Lock#Locked%20skill%20'Greetings'
26%2F11%2F2025#18%3A54#Simjrn#LMJskZwdHsKZ#Sentences#Updated%20sentences%20for%20skill%20'Greetings'
26%2F11%2F2025#18%3A54#Simjrn#LMJskZwdHsKZ#Lock#Unlocked%20skill%20'Greetings'
26%2F11%2F2025#18%3A49#Simjrn#fYKBLDeM3hzV#Lock#Unlocked%20skill%20'Basic%20phrases'
26%2F11%2F2025#18%3A49#Simjrn#fYKBLDeM3hzV#Lock#Locked%20skill%20'Basic%20phrases'
26%2F11%2F2025#18%3A49#Simjrn#fYKBLDeM3hzV#Lock#Unlocked%20skill%20'Basic%20phrases'
26%2F11%2F2025#18%3A48#Simjrn#nFK3ScZjJWwo#Lock#Unlocked%20skill%20'To%20be'
26%2F11%2F2025#18%3A48#Simjrn#LMJskZwdHsKZ#Lock#Locked%20skill%20'Greetings'
26%2F11%2F2025#18%3A45#Simjrn#LMJskZwdHsKZ#Lock#Unlocked%20skill%20'Greetings'
26%2F11%2F2025#18%3A45#Simjrn#ZwGjw0czI6CN#Lock#Locked%20skill%20'Phonology'
26%2F11%2F2025#18%3A45#Simjrn#LMJskZwdHsKZ#Lock#Locked%20skill%20'Greetings'
26%2F11%2F2025#18%3A45#Simjrn#LMJskZwdHsKZ#Lock#Unlocked%20skill%20'Greetings'
26%2F11%2F2025#18%3A42#Simjrn#000000000000#Project#Updated%20project%20metadata
26%2F11%2F2025#16%3A59#Simjrn#000000000000#Project#Updated%20project%20metadata
26%2F11%2F2025#16%3A52#Simjrn#dsT5c4SIEjIz#Skill#Updated%20skill%20'Past%20tense%20to%20be%20and%20to%20have'%20details
26%2F11%2F2025#16%3A50#Simjrn#000000000000#Project#Updated%20project%20metadata
26%2F11%2F2025#16%3A50#Simjrn#dsT5c4SIEjIz#Sentences#Updated%20sentences%20for%20skill%20'Past%20tense%20to%20be%20and%20to%20have'
26%2F11%2F2025#16%3A33#Simjrn#dsT5c4SIEjIz#Vocab#Updated%20vocabulary%20for%20skill%20'Past%20tense%20to%20be%20and%20to%20have'
26%2F11%2F2025#16%3A31#Simjrn#dsT5c4SIEjIz#Vocab#Updated%20vocabulary%20for%20skill%20'Past%20tense%20to%20be%20and%20to%20have'
26%2F11%2F2025#16%3A27#Simjrn#dsT5c4SIEjIz#Notes#Updated%20notes%20for%20skill%20'Past%20tense%20to%20be%20and%20to%20have'
26%2F11%2F2025#16%3A26#Simjrn#dsT5c4SIEjIz#Skill#Updated%20skill%20'Past%20tense%20to%20be%20and%20to%20have'%20details
26%2F11%2F2025#16%3A25#Simjrn#dsT5c4SIEjIz#Skill#Updated%20skill%20'Past%20tense%20to%20be%20and%20to%20have'%20details
26%2F11%2F2025#16%3A25#Simjrn#dsT5c4SIEjIz#Skill#Updated%20skill%20'Past%20tense%20to%20be%20and%20to%20have'%20details
26%2F11%2F2025#16%3A23#Simjrn#000000000000#Project#Updated%20project%20metadata
26%2F11%2F2025#16%3A23#Simjrn#miYqMWCZBfoa#Skill#Deleted%20skill%20'New%20Skill'%20from%20unit%202
26%2F11%2F2025#16%3A23#Simjrn#miYqMWCZBfoa#Skill#Added%20new%20skill%20'New%20Skill'%20to%20unit%202
26%2F11%2F2025#16%3A22#Simjrn#g2iSxGSamiwO#Skill#Updated%20skill%20'Sport'%20details
26%2F11%2F2025#16%3A15#Simjrn#CoJ1LwDGxuSV#Skill#Updated%20skill%20'Birthdays'%20details
26%2F11%2F2025#16%3A11#Simjrn#000000000000#Project#Updated%20project%20metadata
26%2F11%2F2025#16%3A11#Simjrn#CoJ1LwDGxuSV#Sentences#Updated%20sentences%20for%20skill%20'Birthdays'
26%2F11%2F2025#16%3A06#Simjrn#CoJ1LwDGxuSV#Sentences#Updated%20sentences%20for%20skill%20'Birthdays'
25%2F11%2F2025#17%3A11#Simjrn#000000000000#Project#Updated%20project%20metadata
25%2F11%2F2025#17%3A09#Simjrn#CoJ1LwDGxuSV#Skill#Updated%20skill%20'Birthdays'%20details
25%2F11%2F2025#17%3A09#Simjrn#CoJ1LwDGxuSV#Notes#Updated%20notes%20for%20skill%20'Birthdays'
25%2F11%2F2025#17%3A09#Simjrn#CoJ1LwDGxuSV#Vocab#Updated%20vocabulary%20for%20skill%20'Birthdays'
25%2F11%2F2025#16%3A47#Simjrn#CoJ1LwDGxuSV#Vocab#Updated%20vocabulary%20for%20skill%20'Birthdays'
25%2F11%2F2025#16%3A46#Simjrn#CoJ1LwDGxuSV#Notes#Updated%20notes%20for%20skill%20'Birthdays'
25%2F11%2F2025#16%3A45#Simjrn#CoJ1LwDGxuSV#Notes#Updated%20notes%20for%20skill%20'Birthdays'
25%2F11%2F2025#16%3A39#Simjrn#CoJ1LwDGxuSV#Vocab#Updated%20vocabulary%20for%20skill%20'Birthdays'
25%2F11%2F2025#16%3A39#Simjrn#CoJ1LwDGxuSV#Notes#Updated%20notes%20for%20skill%20'Birthdays'
25%2F11%2F2025#16%3A32#Simjrn#CoJ1LwDGxuSV#Notes#Updated%20notes%20for%20skill%20'Birthdays'
25%2F11%2F2025#16%3A32#Simjrn#CoJ1LwDGxuSV#Notes#Updated%20notes%20for%20skill%20'Birthdays'
25%2F11%2F2025#16%3A32#Simjrn#CoJ1LwDGxuSV#Notes#Updated%20notes%20for%20skill%20'Birthdays'
25%2F11%2F2025#16%3A31#Simjrn#CoJ1LwDGxuSV#Skill#Updated%20skill%20'Birthdays'%20details
25%2F11%2F2025#16%3A30#Simjrn#CoJ1LwDGxuSV#Skill#Updated%20skill%20'Birthdays'%20details
25%2F11%2F2025#16%3A28#Simjrn#CoJ1LwDGxuSV#Skill#Added%20new%20skill%20'New%20Skill'%20to%20unit%202
29%2F10%2F2025#09%3A59#Simjrn#000000000000#Project#Updated%20project%20metadata
29%2F10%2F2025#09%3A59#Simjrn#i0adP25mEJqa#Question#Deleted%20question%20'i0adP25mEJqa'%20from%20lesson%20'23kRcKw07vjK'
29%2F10%2F2025#09%3A58#Simjrn#SltMzhboV1go#Question#Deleted%20question%20'SltMzhboV1go'%20from%20lesson%20'23kRcKw07vjK'
29%2F10%2F2025#09%3A58#Simjrn#t5jvxDXtm1O8#Question#Deleted%20question%20't5jvxDXtm1O8'%20from%20lesson%20'23kRcKw07vjK'
29%2F10%2F2025#09%3A58#Simjrn#KrbzvABqQDkl#Question#Deleted%20question%20'KrbzvABqQDkl'%20from%20lesson%20'23kRcKw07vjK'
29%2F10%2F2025#09%3A56#Simjrn#3sADXfbDIWBn#Question#Deleted%20question%20'3sADXfbDIWBn'%20from%20lesson%20'0O6eZB9ZfV5d'
29%2F10%2F2025#09%3A56#Simjrn#IY14B2nKtVsv#Question#Deleted%20question%20'IY14B2nKtVsv'%20from%20lesson%20'0O6eZB9ZfV5d'
29%2F10%2F2025#09%3A55#Simjrn#z4bPxDCR7ztr#Question#Deleted%20question%20'z4bPxDCR7ztr'%20from%20lesson%20'0O6eZB9ZfV5d'
29%2F10%2F2025#09%3A53#Simjrn#kMncPgILip4l#Question#Deleted%20question%20'kMncPgILip4l'%20from%20lesson%20'KlIKqsa12GH3'
29%2F10%2F2025#09%3A52#Simjrn#fJaTGBAt0Em8#Question#Deleted%20question%20'fJaTGBAt0Em8'%20from%20lesson%20'KlIKqsa12GH3'
29%2F10%2F2025#09%3A52#Simjrn#EOrqiNMcdm29#Question#Deleted%20question%20'EOrqiNMcdm29'%20from%20lesson%20'KlIKqsa12GH3'
29%2F10%2F2025#09%3A51#Simjrn#a1lSq7rb5nB0#Question#Deleted%20question%20'a1lSq7rb5nB0'%20from%20lesson%20'FQRv29lnUYr5'
29%2F10%2F2025#09%3A50#Simjrn#5efOJoDHVGbb#Question#Deleted%20question%20'5efOJoDHVGbb'%20from%20lesson%20'FQRv29lnUYr5'
29%2F10%2F2025#09%3A49#Simjrn#N9ukkgAcn657#Question#Deleted%20question%20'N9ukkgAcn657'%20from%20lesson%20'FQRv29lnUYr5'
29%2F10%2F2025#09%3A49#Simjrn#000000000000#Project#Updated%20project%20metadata
29%2F10%2F2025#09%3A49#Simjrn#Ngk6thZF3wfC#Question#Deleted%20question%20'Ngk6thZF3wfC'%20from%20lesson%20'QXzldtjAGnR7'
29%2F10%2F2025#09%3A48#Simjrn#Id7PRQj43Gun#Question#Deleted%20question%20'Id7PRQj43Gun'%20from%20lesson%20'QXzldtjAGnR7'
29%2F10%2F2025#09%3A43#Simjrn#8DJIKjUG5bFv#Question#Deleted%20question%20'8DJIKjUG5bFv'%20from%20lesson%20'QXzldtjAGnR7'
29%2F10%2F2025#09%3A41#Simjrn#emQ8HnZVcaCP#Question#Deleted%20question%20'emQ8HnZVcaCP'%20from%20lesson%20'NgjnoSEUnNPO'
29%2F10%2F2025#09%3A41#Simjrn#183pxMDQfrBt#Question#Deleted%20question%20'183pxMDQfrBt'%20from%20lesson%20'NgjnoSEUnNPO'
29%2F10%2F2025#09%3A41#Simjrn#R4DUtqb6iguE#Question#Deleted%20question%20'R4DUtqb6iguE'%20from%20lesson%20'NgjnoSEUnNPO'
29%2F10%2F2025#09%3A41#Simjrn#VFy31CDVETJm#Question#Deleted%20question%20'VFy31CDVETJm'%20from%20lesson%20'NgjnoSEUnNPO'
29%2F10%2F2025#09%3A41#Simjrn#GzAvOfQyYlm6#Question#Deleted%20question%20'GzAvOfQyYlm6'%20from%20lesson%20'NgjnoSEUnNPO'
29%2F10%2F2025#09%3A40#Simjrn#36t2viv3oWNb#Question#Deleted%20question%20'36t2viv3oWNb'%20from%20lesson%20'Dy0soWvfcWM9'
29%2F10%2F2025#09%3A40#Simjrn#hEMu04BItfw7#Question#Deleted%20question%20'hEMu04BItfw7'%20from%20lesson%20'Dy0soWvfcWM9'
29%2F10%2F2025#09%3A40#Simjrn#U7PlXGaA8QxN#Question#Deleted%20question%20'U7PlXGaA8QxN'%20from%20lesson%20'Dy0soWvfcWM9'
29%2F10%2F2025#09%3A39#Simjrn#dhmYf1DYiaYs#Question#Deleted%20question%20'dhmYf1DYiaYs'%20from%20lesson%20'q9G3czYdi9ZK'
29%2F10%2F2025#09%3A39#Simjrn#2oD5oBkZcJTC#Question#Deleted%20question%20'2oD5oBkZcJTC'%20from%20lesson%20'q9G3czYdi9ZK'
29%2F10%2F2025#09%3A39#Simjrn#xDDU6Ghu3W3t#Question#Deleted%20question%20'xDDU6Ghu3W3t'%20from%20lesson%20'q9G3czYdi9ZK'
29%2F10%2F2025#09%3A16#Simjrn#000000000000#Project#Updated%20project%20metadata
29%2F10%2F2025#09%3A16#Simjrn#g2iSxGSamiwO#Skill#Updated%20skill%20'Sport'%20details
29%2F10%2F2025#09%3A10#Simjrn#000000000000#Project#Updated%20project%20metadata
29%2F10%2F2025#09%3A09#Simjrn#g2iSxGSamiwO#Vocab#Updated%20vocabulary%20for%20skill%20'Sport'
29%2F10%2F2025#09%3A09#Simjrn#000000000000#Project#Updated%20project%20metadata
29%2F10%2F2025#09%3A09#Simjrn#g2iSxGSamiwO#Sentences#Updated%20sentences%20for%20skill%20'Sport'
29%2F10%2F2025#08%3A59#Simjrn#g2iSxGSamiwO#Vocab#Updated%20vocabulary%20for%20skill%20'Sport'
29%2F10%2F2025#08%3A58#Simjrn#g2iSxGSamiwO#Sentences#Updated%20sentences%20for%20skill%20'Sport'
29%2F10%2F2025#08%3A57#Simjrn#g2iSxGSamiwO#Vocab#Updated%20vocabulary%20for%20skill%20'Sport'
29%2F10%2F2025#08%3A50#Simjrn#g2iSxGSamiwO#Notes#Updated%20notes%20for%20skill%20'Sport'
29%2F10%2F2025#08%3A50#Simjrn#g2iSxGSamiwO#Skill#Updated%20skill%20'Sport'%20details
29%2F10%2F2025#08%3A50#Simjrn#g2iSxGSamiwO#Skill#Updated%20skill%20'Sport'%20details
29%2F10%2F2025#08%3A50#Simjrn#g2iSxGSamiwO#Skill#Added%20new%20skill%20'New%20Skill'%20to%20unit%202
21%2F10%2F2025#17%3A31#Simjrn#000000000000#Project#Updated%20project%20metadata
21%2F10%2F2025#17%3A31#Simjrn#ipUjud9LLgC0#Sentences#Updated%20sentences%20for%20skill%20'More%20numbers'
21%2F10%2F2025#17%3A30#Simjrn#000000000000#Project#Updated%20project%20metadata
21%2F10%2F2025#17%3A30#Simjrn#Bqay1ys1b5S0#Question#Deleted%20question%20'Bqay1ys1b5S0'%20from%20lesson%20'GHRnTWeBmX20'
21%2F10%2F2025#17%3A29#Simjrn#IxkNvUwa1uEy#Question#Deleted%20question%20'IxkNvUwa1uEy'%20from%20lesson%20'GHRnTWeBmX20'
21%2F10%2F2025#17%3A29#Simjrn#kfRl6blicOeX#Question#Deleted%20question%20'kfRl6blicOeX'%20from%20lesson%20'GHRnTWeBmX20'
21%2F10%2F2025#17%3A29#Simjrn#HOENbfMriQS0#Question#Deleted%20question%20'HOENbfMriQS0'%20from%20lesson%20'GHRnTWeBmX20'
21%2F10%2F2025#17%3A28#Simjrn#TDXMEe9IC8ve#Question#Deleted%20question%20'TDXMEe9IC8ve'%20from%20lesson%20'GHRnTWeBmX20'
21%2F10%2F2025#17%3A28#Simjrn#RUo633PVxo5E#Question#Deleted%20question%20'RUo633PVxo5E'%20from%20lesson%20'GHRnTWeBmX20'
21%2F10%2F2025#17%3A28#Simjrn#RMODMmY1VLdb#Question#Deleted%20question%20'RMODMmY1VLdb'%20from%20lesson%20'GHRnTWeBmX20'
21%2F10%2F2025#17%3A28#Simjrn#lTkfeHj7vbka#Question#Deleted%20question%20'lTkfeHj7vbka'%20from%20lesson%20'GHRnTWeBmX20'
21%2F10%2F2025#17%3A28#Simjrn#uFCWBBD3nh3s#Question#Deleted%20question%20'uFCWBBD3nh3s'%20from%20lesson%20'JR9Wozmv8dQw'
21%2F10%2F2025#17%3A27#Simjrn#ooA1qCNEAjyw#Question#Deleted%20question%20'ooA1qCNEAjyw'%20from%20lesson%20'JR9Wozmv8dQw'
21%2F10%2F2025#17%3A27#Simjrn#TpgroWmZCZTG#Question#Deleted%20question%20'TpgroWmZCZTG'%20from%20lesson%20'JR9Wozmv8dQw'
21%2F10%2F2025#17%3A27#Simjrn#5v5eVcaM35wO#Question#Deleted%20question%20'5v5eVcaM35wO'%20from%20lesson%20'JR9Wozmv8dQw'
21%2F10%2F2025#17%3A27#Simjrn#TPJQT46Z611N#Question#Deleted%20question%20'TPJQT46Z611N'%20from%20lesson%20'JR9Wozmv8dQw'
21%2F10%2F2025#17%3A27#Simjrn#GwMxNrwf69l4#Question#Deleted%20question%20'GwMxNrwf69l4'%20from%20lesson%20'JR9Wozmv8dQw'
21%2F10%2F2025#17%3A27#Simjrn#U6y8943AyeWt#Question#Deleted%20question%20'U6y8943AyeWt'%20from%20lesson%20'JR9Wozmv8dQw'
21%2F10%2F2025#17%3A26#Simjrn#x1lrlKPDZQMn#Question#Deleted%20question%20'x1lrlKPDZQMn'%20from%20lesson%20'p3caijFR6O0i'
21%2F10%2F2025#17%3A26#Simjrn#Dm6mbpk9APct#Question#Deleted%20question%20'Dm6mbpk9APct'%20from%20lesson%20'p3caijFR6O0i'
21%2F10%2F2025#17%3A25#Simjrn#jbzn040J8Wr8#Question#Deleted%20question%20'jbzn040J8Wr8'%20from%20lesson%20'p3caijFR6O0i'
21%2F10%2F2025#17%3A25#Simjrn#tBpMPy500g8H#Question#Deleted%20question%20'tBpMPy500g8H'%20from%20lesson%20'p3caijFR6O0i'
21%2F10%2F2025#17%3A25#Simjrn#3CJbdCDhmagX#Question#Deleted%20question%20'3CJbdCDhmagX'%20from%20lesson%20'p3caijFR6O0i'
21%2F10%2F2025#17%3A25#Simjrn#ufvuWD7REyYj#Question#Deleted%20question%20'ufvuWD7REyYj'%20from%20lesson%20'p3caijFR6O0i'
21%2F10%2F2025#17%3A25#Simjrn#RjaGkcXOH2r0#Question#Deleted%20question%20'RjaGkcXOH2r0'%20from%20lesson%20'p3caijFR6O0i'
21%2F10%2F2025#17%3A24#Simjrn#fZYr0BKQXDNR#Question#Deleted%20question%20'fZYr0BKQXDNR'%20from%20lesson%20'0147JE973IT1'
21%2F10%2F2025#17%3A24#Simjrn#A3FJu2vmBV5o#Question#Deleted%20question%20'A3FJu2vmBV5o'%20from%20lesson%20'0147JE973IT1'
21%2F10%2F2025#17%3A24#Simjrn#31KY4tB3J5CE#Question#Deleted%20question%20'31KY4tB3J5CE'%20from%20lesson%20'0147JE973IT1'
21%2F10%2F2025#17%3A24#Simjrn#eHT2yHKRkQsk#Question#Deleted%20question%20'eHT2yHKRkQsk'%20from%20lesson%20'0147JE973IT1'
21%2F10%2F2025#17%3A23#Simjrn#BMWAfZtzvayL#Question#Deleted%20question%20'BMWAfZtzvayL'%20from%20lesson%20'0147JE973IT1'
21%2F10%2F2025#17%3A23#Simjrn#qnAOn7xnOGiQ#Question#Deleted%20question%20'qnAOn7xnOGiQ'%20from%20lesson%20'0147JE973IT1'
21%2F10%2F2025#17%3A23#Simjrn#3k7JElFRY1TD#Question#Deleted%20question%20'3k7JElFRY1TD'%20from%20lesson%20'0147JE973IT1'
21%2F10%2F2025#17%3A23#Simjrn#fRQFDo61FEMn#Question#Deleted%20question%20'fRQFDo61FEMn'%20from%20lesson%20'0147JE973IT1'
21%2F10%2F2025#17%3A21#Simjrn#000000000000#Project#Updated%20project%20metadata
21%2F10%2F2025#17%3A21#Simjrn#Q8UL1mkKiozf#Question#Deleted%20question%20'Q8UL1mkKiozf'%20from%20lesson%20'ZwlgMT7nD5Rd'
21%2F10%2F2025#17%3A20#Simjrn#sY1cqIQesJ73#Question#Deleted%20question%20'sY1cqIQesJ73'%20from%20lesson%20'ZwlgMT7nD5Rd'
21%2F10%2F2025#17%3A20#Simjrn#R3Xvehc9B56u#Question#Deleted%20question%20'R3Xvehc9B56u'%20from%20lesson%20'ZwlgMT7nD5Rd'
21%2F10%2F2025#17%3A18#Simjrn#hgg5LrvlMMHW#Question#Deleted%20question%20'hgg5LrvlMMHW'%20from%20lesson%20'ZwlgMT7nD5Rd'
21%2F10%2F2025#17%3A18#Simjrn#Jm726H58je9G#Question#Deleted%20question%20'Jm726H58je9G'%20from%20lesson%20'ZwlgMT7nD5Rd'
21%2F10%2F2025#17%3A17#Simjrn#JvX59tvA5cSx#Question#Deleted%20question%20'JvX59tvA5cSx'%20from%20lesson%20'ZwlgMT7nD5Rd'
21%2F10%2F2025#17%3A16#Simjrn#zJIIxR3v2g9D#Question#Deleted%20question%20'zJIIxR3v2g9D'%20from%20lesson%20'8e25t67uObpM'
21%2F10%2F2025#17%3A15#Simjrn#WVS64wbckee0#Question#Deleted%20question%20'WVS64wbckee0'%20from%20lesson%20'8e25t67uObpM'
21%2F10%2F2025#17%3A15#Simjrn#yVAAFBSGXhg0#Question#Deleted%20question%20'yVAAFBSGXhg0'%20from%20lesson%20'8e25t67uObpM'
21%2F10%2F2025#17%3A15#Simjrn#hFZtZBZmJ98C#Question#Deleted%20question%20'hFZtZBZmJ98C'%20from%20lesson%20'8e25t67uObpM'
21%2F10%2F2025#17%3A14#Simjrn#m4NSHQL9DdC7#Question#Deleted%20question%20'm4NSHQL9DdC7'%20from%20lesson%20'8e25t67uObpM'
21%2F10%2F2025#17%3A13#Simjrn#5MWpcTsFXe33#Question#Deleted%20question%20'5MWpcTsFXe33'%20from%20lesson%20'XusxtIIgIDC5'
21%2F10%2F2025#17%3A12#Simjrn#EbPcmzIULvuI#Question#Deleted%20question%20'EbPcmzIULvuI'%20from%20lesson%20'XusxtIIgIDC5'
21%2F10%2F2025#17%3A12#Simjrn#iPcuw06qn7NV#Question#Deleted%20question%20'iPcuw06qn7NV'%20from%20lesson%20'XusxtIIgIDC5'
21%2F10%2F2025#17%3A12#Simjrn#5gBhUS40uHQ3#Question#Deleted%20question%20'5gBhUS40uHQ3'%20from%20lesson%20'XusxtIIgIDC5'
21%2F10%2F2025#17%3A12#Simjrn#ntZ2dXa7oYdE#Question#Deleted%20question%20'ntZ2dXa7oYdE'%20from%20lesson%20'XusxtIIgIDC5'
21%2F10%2F2025#17%3A09#Simjrn#WY7g1Avo4LBB#Question#Deleted%20question%20'WY7g1Avo4LBB'%20from%20lesson%20'XusxtIIgIDC5'
21%2F10%2F2025#17%3A09#Simjrn#m3EUGxUFPR23#Question#Deleted%20question%20'm3EUGxUFPR23'%20from%20lesson%20'XusxtIIgIDC5'
21%2F10%2F2025#17%3A07#Simjrn#AmQSZJ0h2CFa#Question#Deleted%20question%20'AmQSZJ0h2CFa'%20from%20lesson%20'vxyt3wtBAEFb'
21%2F10%2F2025#17%3A07#Simjrn#nqNMLnZ8Bwrq#Question#Deleted%20question%20'nqNMLnZ8Bwrq'%20from%20lesson%20'vxyt3wtBAEFb'
21%2F10%2F2025#17%3A06#Simjrn#SHCwHzenAdpE#Question#Deleted%20question%20'SHCwHzenAdpE'%20from%20lesson%20'vxyt3wtBAEFb'
21%2F10%2F2025#17%3A05#Simjrn#wWYdv7xVOFPo#Question#Deleted%20question%20'wWYdv7xVOFPo'%20from%20lesson%20'vxyt3wtBAEFb'
21%2F10%2F2025#17%3A05#Simjrn#mVLUnRuoc48c#Question#Deleted%20question%20'mVLUnRuoc48c'%20from%20lesson%20'vxyt3wtBAEFb'
21%2F10%2F2025#17%3A00#Simjrn#F4VGtXRqh4v0#Question#Deleted%20question%20'F4VGtXRqh4v0'%20from%20lesson%20'vxyt3wtBAEFb'
21%2F10%2F2025#16%3A59#Simjrn#ydtAAGe21Fd3#Question#Deleted%20question%20'ydtAAGe21Fd3'%20from%20lesson%20'vxyt3wtBAEFb'
21%2F10%2F2025#16%3A59#Simjrn#XI3RB21StNdJ#Question#Deleted%20question%20'XI3RB21StNdJ'%20from%20lesson%20'8JytBURzJ1Z6'
21%2F10%2F2025#16%3A59#Simjrn#WtnAJD8WQY7h#Question#Deleted%20question%20'WtnAJD8WQY7h'%20from%20lesson%20'8JytBURzJ1Z6'
21%2F10%2F2025#16%3A59#Simjrn#QzeY3cGgZgvJ#Question#Deleted%20question%20'QzeY3cGgZgvJ'%20from%20lesson%20'8JytBURzJ1Z6'
21%2F10%2F2025#16%3A59#Simjrn#NAMHpcet1aht#Question#Deleted%20question%20'NAMHpcet1aht'%20from%20lesson%20'8JytBURzJ1Z6'
21%2F10%2F2025#16%3A59#Simjrn#8vDZ7q0R4Lon#Question#Deleted%20question%20'8vDZ7q0R4Lon'%20from%20lesson%20'8JytBURzJ1Z6'
21%2F10%2F2025#16%3A59#Simjrn#6TlAYSCQXjm0#Question#Deleted%20question%20'6TlAYSCQXjm0'%20from%20lesson%20'8JytBURzJ1Z6'
21%2F10%2F2025#16%3A59#Simjrn#Bj6DRwPwtdSX#Question#Deleted%20question%20'Bj6DRwPwtdSX'%20from%20lesson%20'8JytBURzJ1Z6'
21%2F10%2F2025#16%3A59#Simjrn#TLwalMQvDW2C#Question#Deleted%20question%20'TLwalMQvDW2C'%20from%20lesson%20'8JytBURzJ1Z6'
21%2F10%2F2025#16%3A59#Simjrn#CXF0csF1d74V#Question#Deleted%20question%20'CXF0csF1d74V'%20from%20lesson%20'8JytBURzJ1Z6'
21%2F10%2F2025#16%3A59#Simjrn#iZNePgmz8EFP#Question#Deleted%20question%20'iZNePgmz8EFP'%20from%20lesson%20'8JytBURzJ1Z6'
21%2F10%2F2025#16%3A58#Simjrn#h0EqZxb1k9Qh#Question#Deleted%20question%20'h0EqZxb1k9Qh'%20from%20lesson%20'8JytBURzJ1Z6'
21%2F10%2F2025#16%3A58#Simjrn#JI7qNuYRRZBW#Question#Deleted%20question%20'JI7qNuYRRZBW'%20from%20lesson%20'8JytBURzJ1Z6'
21%2F10%2F2025#16%3A58#Simjrn#iZu7pCzeMzdD#Question#Deleted%20question%20'iZu7pCzeMzdD'%20from%20lesson%20'8JytBURzJ1Z6'
21%2F10%2F2025#16%3A58#Simjrn#8bMA6RZ48jQu#Question#Deleted%20question%20'8bMA6RZ48jQu'%20from%20lesson%20'BWLmdZTpzRaN'
21%2F10%2F2025#16%3A58#Simjrn#RgsQlPGtkaDv#Question#Deleted%20question%20'RgsQlPGtkaDv'%20from%20lesson%20'BWLmdZTpzRaN'
21%2F10%2F2025#16%3A58#Simjrn#Rss9sP0JlMh3#Question#Deleted%20question%20'Rss9sP0JlMh3'%20from%20lesson%20'BWLmdZTpzRaN'
21%2F10%2F2025#16%3A58#Simjrn#vhpsfJdlTErz#Question#Deleted%20question%20'vhpsfJdlTErz'%20from%20lesson%20'BWLmdZTpzRaN'
21%2F10%2F2025#16%3A58#Simjrn#ACBmwwcAmqGa#Question#Deleted%20question%20'ACBmwwcAmqGa'%20from%20lesson%20'BWLmdZTpzRaN'
21%2F10%2F2025#16%3A58#Simjrn#2wct6L2MRkpS#Question#Deleted%20question%20'2wct6L2MRkpS'%20from%20lesson%20'BWLmdZTpzRaN'
21%2F10%2F2025#16%3A58#Simjrn#oNldCcaMAsQU#Question#Deleted%20question%20'oNldCcaMAsQU'%20from%20lesson%20'BWLmdZTpzRaN'
21%2F10%2F2025#16%3A58#Simjrn#HPuUGstqbuQJ#Question#Deleted%20question%20'HPuUGstqbuQJ'%20from%20lesson%20'BWLmdZTpzRaN'
21%2F10%2F2025#16%3A58#Simjrn#DYYooyKJ41Zl#Question#Deleted%20question%20'DYYooyKJ41Zl'%20from%20lesson%20'BWLmdZTpzRaN'
21%2F10%2F2025#16%3A58#Simjrn#shpwPuiudDMq#Question#Deleted%20question%20'shpwPuiudDMq'%20from%20lesson%20'BWLmdZTpzRaN'
21%2F10%2F2025#16%3A58#Simjrn#9P292bWA8stK#Question#Deleted%20question%20'9P292bWA8stK'%20from%20lesson%20'BWLmdZTpzRaN'
21%2F10%2F2025#16%3A58#Simjrn#bk8tkGOggIrJ#Question#Deleted%20question%20'bk8tkGOggIrJ'%20from%20lesson%20'BWLmdZTpzRaN'
21%2F10%2F2025#16%3A58#Simjrn#xP9XMfITleTl#Question#Deleted%20question%20'xP9XMfITleTl'%20from%20lesson%20'BWLmdZTpzRaN'
21%2F10%2F2025#16%3A57#Simjrn#ipUjud9LLgC0#Skill#Updated%20skill%20'More%20numbers'%20details
21%2F10%2F2025#16%3A35#Simjrn#000000000000#Project#Updated%20project%20metadata
21%2F10%2F2025#16%3A35#Simjrn#ipUjud9LLgC0#Sentences#Updated%20sentences%20for%20skill%20'More%20numbers'
20%2F10%2F2025#17%3A08#Simjrn#000000000000#Project#Updated%20project%20metadata
20%2F10%2F2025#17%3A08#Simjrn#WkgGTAVXjMkL#Question#Deleted%20question%20'WkgGTAVXjMkL'%20from%20lesson%20'66nIUSUyTXKf'
20%2F10%2F2025#17%3A08#Simjrn#y5jEa8tYiRJB#Question#Deleted%20question%20'y5jEa8tYiRJB'%20from%20lesson%20'66nIUSUyTXKf'
20%2F10%2F2025#17%3A08#Simjrn#Yx66CNsfanYX#Question#Deleted%20question%20'Yx66CNsfanYX'%20from%20lesson%20'66nIUSUyTXKf'
20%2F10%2F2025#17%3A07#Simjrn#L1oxKmroZuEY#Question#Deleted%20question%20'L1oxKmroZuEY'%20from%20lesson%20'66nIUSUyTXKf'
20%2F10%2F2025#17%3A07#Simjrn#fWZbivHWYjxM#Question#Deleted%20question%20'fWZbivHWYjxM'%20from%20lesson%20'66nIUSUyTXKf'
20%2F10%2F2025#17%3A07#Simjrn#EpRQl6VH07B7#Question#Deleted%20question%20'EpRQl6VH07B7'%20from%20lesson%20'66nIUSUyTXKf'
20%2F10%2F2025#17%3A07#Simjrn#B7OgdXp0sziC#Question#Deleted%20question%20'B7OgdXp0sziC'%20from%20lesson%20'66nIUSUyTXKf'
20%2F10%2F2025#17%3A06#Simjrn#Z5j52jeNoCdu#Question#Deleted%20question%20'Z5j52jeNoCdu'%20from%20lesson%20'0NhLE3Q8jVLR'
20%2F10%2F2025#17%3A06#Simjrn#446KBHWbu7uu#Question#Deleted%20question%20'446KBHWbu7uu'%20from%20lesson%20'0NhLE3Q8jVLR'
20%2F10%2F2025#17%3A06#Simjrn#DKXJ58q3siE6#Question#Deleted%20question%20'DKXJ58q3siE6'%20from%20lesson%20'0NhLE3Q8jVLR'
20%2F10%2F2025#17%3A06#Simjrn#Ke4o2FtsBM9g#Question#Deleted%20question%20'Ke4o2FtsBM9g'%20from%20lesson%20'0NhLE3Q8jVLR'
20%2F10%2F2025#17%3A06#Simjrn#tYvEzNlJkq4K#Question#Deleted%20question%20'tYvEzNlJkq4K'%20from%20lesson%20'0NhLE3Q8jVLR'
20%2F10%2F2025#17%3A05#Simjrn#hiILCilIj88k#Question#Deleted%20question%20'hiILCilIj88k'%20from%20lesson%20'0NhLE3Q8jVLR'
20%2F10%2F2025#17%3A05#Simjrn#AzOn8j4917uJ#Question#Deleted%20question%20'AzOn8j4917uJ'%20from%20lesson%20'0NhLE3Q8jVLR'
20%2F10%2F2025#17%3A05#Simjrn#jhBtlvFgs6cX#Question#Deleted%20question%20'jhBtlvFgs6cX'%20from%20lesson%20'81diFA8Nogy2'
20%2F10%2F2025#17%3A04#Simjrn#idHKY7NKvaXq#Question#Deleted%20question%20'idHKY7NKvaXq'%20from%20lesson%20'81diFA8Nogy2'
20%2F10%2F2025#17%3A04#Simjrn#vckjvJEZl64O#Question#Deleted%20question%20'vckjvJEZl64O'%20from%20lesson%20'81diFA8Nogy2'
20%2F10%2F2025#17%3A04#Simjrn#y892xUAzH6dX#Question#Deleted%20question%20'y892xUAzH6dX'%20from%20lesson%20'81diFA8Nogy2'
20%2F10%2F2025#17%3A04#Simjrn#JuLeN52FM4rl#Question#Deleted%20question%20'JuLeN52FM4rl'%20from%20lesson%20'81diFA8Nogy2'
20%2F10%2F2025#17%3A03#Simjrn#KZNMmYPir3e0#Question#Deleted%20question%20'KZNMmYPir3e0'%20from%20lesson%20'81diFA8Nogy2'
20%2F10%2F2025#17%3A03#Simjrn#OuUSuwyDjzzt#Question#Deleted%20question%20'OuUSuwyDjzzt'%20from%20lesson%20'81diFA8Nogy2'
20%2F10%2F2025#17%3A03#Simjrn#6kBb8lV79rkS#Question#Deleted%20question%20'6kBb8lV79rkS'%20from%20lesson%20'yy7sXZPs7Nfu'
20%2F10%2F2025#17%3A02#Simjrn#dWUb24WPE1mj#Question#Deleted%20question%20'dWUb24WPE1mj'%20from%20lesson%20'yy7sXZPs7Nfu'
20%2F10%2F2025#17%3A02#Simjrn#VKZT8aYRCTDb#Question#Deleted%20question%20'VKZT8aYRCTDb'%20from%20lesson%20'yy7sXZPs7Nfu'
20%2F10%2F2025#17%3A02#Simjrn#KbBASwOHQgIM#Question#Deleted%20question%20'KbBASwOHQgIM'%20from%20lesson%20'yy7sXZPs7Nfu'
20%2F10%2F2025#17%3A02#Simjrn#KdETQLDgTtQ5#Question#Deleted%20question%20'KdETQLDgTtQ5'%20from%20lesson%20'yy7sXZPs7Nfu'
20%2F10%2F2025#17%3A02#Simjrn#yaAkYNn5qBuk#Question#Deleted%20question%20'yaAkYNn5qBuk'%20from%20lesson%20'yy7sXZPs7Nfu'
20%2F10%2F2025#17%3A02#Simjrn#gqIlGXOtFGIC#Question#Deleted%20question%20'gqIlGXOtFGIC'%20from%20lesson%20'yy7sXZPs7Nfu'
20%2F10%2F2025#17%3A01#Simjrn#t3ip9hqB6POO#Question#Deleted%20question%20't3ip9hqB6POO'%20from%20lesson%20'PsGYSiaiScb7'
20%2F10%2F2025#17%3A01#Simjrn#S6zFP0hy8SsJ#Question#Deleted%20question%20'S6zFP0hy8SsJ'%20from%20lesson%20'PsGYSiaiScb7'
20%2F10%2F2025#17%3A01#Simjrn#WHC335RWiQLS#Question#Deleted%20question%20'WHC335RWiQLS'%20from%20lesson%20'PsGYSiaiScb7'
20%2F10%2F2025#17%3A01#Simjrn#HgKQYhLpPO3m#Question#Deleted%20question%20'HgKQYhLpPO3m'%20from%20lesson%20'PsGYSiaiScb7'
20%2F10%2F2025#17%3A00#Simjrn#uEh9c4IJss66#Question#Deleted%20question%20'uEh9c4IJss66'%20from%20lesson%20'PsGYSiaiScb7'
20%2F10%2F2025#17%3A00#Simjrn#mpj2246iJRmQ#Question#Deleted%20question%20'mpj2246iJRmQ'%20from%20lesson%20'PsGYSiaiScb7'
20%2F10%2F2025#17%3A00#Simjrn#hw6IGw7T4eDU#Question#Deleted%20question%20'hw6IGw7T4eDU'%20from%20lesson%20'PsGYSiaiScb7'
20%2F10%2F2025#17%3A00#Simjrn#wHkA6QxMNQgp#Question#Deleted%20question%20'wHkA6QxMNQgp'%20from%20lesson%20'PsGYSiaiScb7'
20%2F10%2F2025#16%3A59#Simjrn#2fxONqeRB9yl#Question#Deleted%20question%20'2fxONqeRB9yl'%20from%20lesson%20'bTGSC2pPyCaq'
20%2F10%2F2025#16%3A59#Simjrn#T2kKyaURM86u#Question#Deleted%20question%20'T2kKyaURM86u'%20from%20lesson%20'bTGSC2pPyCaq'
20%2F10%2F2025#16%3A58#Simjrn#3SkLOBuykB4v#Question#Deleted%20question%20'3SkLOBuykB4v'%20from%20lesson%20'bTGSC2pPyCaq'
20%2F10%2F2025#16%3A58#Simjrn#huVBNFz6q65T#Question#Deleted%20question%20'huVBNFz6q65T'%20from%20lesson%20'bTGSC2pPyCaq'
20%2F10%2F2025#16%3A58#Simjrn#UFgr2bGctcJZ#Question#Deleted%20question%20'UFgr2bGctcJZ'%20from%20lesson%20'bTGSC2pPyCaq'
20%2F10%2F2025#16%3A58#Simjrn#Zl6Yq30LpR3W#Question#Deleted%20question%20'Zl6Yq30LpR3W'%20from%20lesson%20'bTGSC2pPyCaq'
20%2F10%2F2025#16%3A57#Simjrn#eF9UiwBiLMA5#Question#Deleted%20question%20'eF9UiwBiLMA5'%20from%20lesson%20'bTGSC2pPyCaq'
20%2F10%2F2025#16%3A57#Simjrn#vKhUEjjEuLxO#Question#Deleted%20question%20'vKhUEjjEuLxO'%20from%20lesson%20'OjZehjgXrNDn'
20%2F10%2F2025#16%3A57#Simjrn#64hYU3QuhLwv#Question#Deleted%20question%20'64hYU3QuhLwv'%20from%20lesson%20'OjZehjgXrNDn'
20%2F10%2F2025#16%3A57#Simjrn#KhCLsv7RL93t#Question#Deleted%20question%20'KhCLsv7RL93t'%20from%20lesson%20'OjZehjgXrNDn'
20%2F10%2F2025#16%3A57#Simjrn#aaVdaJdk6jE7#Question#Deleted%20question%20'aaVdaJdk6jE7'%20from%20lesson%20'OjZehjgXrNDn'
20%2F10%2F2025#16%3A56#Simjrn#H5dIUMxRw1BC#Question#Deleted%20question%20'H5dIUMxRw1BC'%20from%20lesson%20'OjZehjgXrNDn'
20%2F10%2F2025#16%3A56#Simjrn#JDwuk3MbCaT9#Question#Deleted%20question%20'JDwuk3MbCaT9'%20from%20lesson%20'OjZehjgXrNDn'
20%2F10%2F2025#16%3A56#Simjrn#RPGRzxObbCAA#Question#Deleted%20question%20'RPGRzxObbCAA'%20from%20lesson%20'OjZehjgXrNDn'
20%2F10%2F2025#16%3A56#Simjrn#bnHl3kW0203I#Question#Deleted%20question%20'bnHl3kW0203I'%20from%20lesson%20'OjZehjgXrNDn'
20%2F10%2F2025#16%3A56#Simjrn#gpEeWYpbuYP2#Question#Deleted%20question%20'gpEeWYpbuYP2'%20from%20lesson%20'uSdst1Vtd3ju'
20%2F10%2F2025#16%3A56#Simjrn#1kbKTSHQZmmj#Question#Deleted%20question%20'1kbKTSHQZmmj'%20from%20lesson%20'uSdst1Vtd3ju'
20%2F10%2F2025#16%3A56#Simjrn#DjorHqeYrKjE#Question#Deleted%20question%20'DjorHqeYrKjE'%20from%20lesson%20'uSdst1Vtd3ju'
20%2F10%2F2025#16%3A55#Simjrn#lN1iwtDmdjeM#Question#Deleted%20question%20'lN1iwtDmdjeM'%20from%20lesson%20'uSdst1Vtd3ju'
20%2F10%2F2025#16%3A55#Simjrn#rChjPn8ivPeO#Question#Deleted%20question%20'rChjPn8ivPeO'%20from%20lesson%20'uSdst1Vtd3ju'
20%2F10%2F2025#16%3A55#Simjrn#8SSupQKcTgFy#Question#Deleted%20question%20'8SSupQKcTgFy'%20from%20lesson%20'uSdst1Vtd3ju'
20%2F10%2F2025#16%3A55#Simjrn#6EqpzeSS1CcR#Question#Deleted%20question%20'6EqpzeSS1CcR'%20from%20lesson%20'uSdst1Vtd3ju'
20%2F10%2F2025#16%3A55#Simjrn#MjoxsZOp9xwR#Question#Deleted%20question%20'MjoxsZOp9xwR'%20from%20lesson%20'uSdst1Vtd3ju'
20%2F10%2F2025#16%3A54#Simjrn#oQLPjRaPiJiW#Question#Deleted%20question%20'oQLPjRaPiJiW'%20from%20lesson%20'izEwhM6ZiWM6'
20%2F10%2F2025#16%3A54#Simjrn#lQAOpayCb9TH#Question#Deleted%20question%20'lQAOpayCb9TH'%20from%20lesson%20'izEwhM6ZiWM6'
20%2F10%2F2025#16%3A54#Simjrn#PRu2ZytGN8OV#Question#Deleted%20question%20'PRu2ZytGN8OV'%20from%20lesson%20'izEwhM6ZiWM6'
20%2F10%2F2025#16%3A54#Simjrn#X0jJaMEw7zf8#Question#Added%20new%20'WriteWords'%20question%20to%20lesson%20'izEwhM6ZiWM6'
20%2F10%2F2025#16%3A54#Simjrn#OVOskZMLXwLk#Question#Deleted%20question%20'OVOskZMLXwLk'%20from%20lesson%20'izEwhM6ZiWM6'
20%2F10%2F2025#16%3A53#Simjrn#GCaLcAI1bZT3#Question#Deleted%20question%20'GCaLcAI1bZT3'%20from%20lesson%20'izEwhM6ZiWM6'
20%2F10%2F2025#16%3A52#Simjrn#WWg2ftkvAAu5#Question#Deleted%20question%20'WWg2ftkvAAu5'%20from%20lesson%20'izEwhM6ZiWM6'
20%2F10%2F2025#16%3A52#Simjrn#csWC0Gpq6mTb#Question#Deleted%20question%20'csWC0Gpq6mTb'%20from%20lesson%20'izEwhM6ZiWM6'
20%2F10%2F2025#16%3A52#Simjrn#Yqa6FeOhDLX2#Question#Deleted%20question%20'Yqa6FeOhDLX2'%20from%20lesson%20'VvQGDIaGHUq1'
20%2F10%2F2025#16%3A52#Simjrn#Q062DL4FoBAC#Question#Deleted%20question%20'Q062DL4FoBAC'%20from%20lesson%20'VvQGDIaGHUq1'
20%2F10%2F2025#16%3A51#Simjrn#lAr0eJNlkOd5#Question#Deleted%20question%20'lAr0eJNlkOd5'%20from%20lesson%20'VvQGDIaGHUq1'
20%2F10%2F2025#16%3A50#Simjrn#cFVA2Gcecm3T#Question#Deleted%20question%20'cFVA2Gcecm3T'%20from%20lesson%20'VvQGDIaGHUq1'
20%2F10%2F2025#16%3A50#Simjrn#u2FLBIjSmU79#Question#Deleted%20question%20'u2FLBIjSmU79'%20from%20lesson%20'VvQGDIaGHUq1'
20%2F10%2F2025#16%3A50#Simjrn#CuXTv85dMqf7#Question#Deleted%20question%20'CuXTv85dMqf7'%20from%20lesson%20'VvQGDIaGHUq1'
20%2F10%2F2025#16%3A49#Simjrn#WSU2OQff2NF8#Question#Deleted%20question%20'WSU2OQff2NF8'%20from%20lesson%20'VvQGDIaGHUq1'
20%2F10%2F2025#16%3A49#Simjrn#R8tAS0aMA2gN#Question#Deleted%20question%20'R8tAS0aMA2gN'%20from%20lesson%20'VvQGDIaGHUq1'
20%2F10%2F2025#16%3A49#Simjrn#1kKTh8ASVeZH#Question#Deleted%20question%20'1kKTh8ASVeZH'%20from%20lesson%20'VvQGDIaGHUq1'
20%2F10%2F2025#16%3A49#Simjrn#PvV22euYxqfw#Question#Deleted%20question%20'PvV22euYxqfw'%20from%20lesson%20'VvQGDIaGHUq1'
20%2F10%2F2025#16%3A49#Simjrn#3Efn1AArVnZM#Question#Deleted%20question%20'3Efn1AArVnZM'%20from%20lesson%20'VvQGDIaGHUq1'
20%2F10%2F2025#16%3A49#Simjrn#GWLRjJzB1mj9#Question#Deleted%20question%20'GWLRjJzB1mj9'%20from%20lesson%20'YYCjMFGaQXyF'
20%2F10%2F2025#16%3A48#Simjrn#021VaNMugrNm#Question#Deleted%20question%20'021VaNMugrNm'%20from%20lesson%20'YYCjMFGaQXyF'
20%2F10%2F2025#16%3A48#Simjrn#owWxyqljtyga#Question#Deleted%20question%20'owWxyqljtyga'%20from%20lesson%20'YYCjMFGaQXyF'
20%2F10%2F2025#16%3A48#Simjrn#lzvjGJgOF0tX#Question#Deleted%20question%20'lzvjGJgOF0tX'%20from%20lesson%20'YYCjMFGaQXyF'
20%2F10%2F2025#16%3A48#Simjrn#rLqEtct5DITM#Question#Deleted%20question%20'rLqEtct5DITM'%20from%20lesson%20'YYCjMFGaQXyF'
20%2F10%2F2025#16%3A45#Simjrn#T634egEJLLNa#Question#Deleted%20question%20'T634egEJLLNa'%20from%20lesson%20'YYCjMFGaQXyF'
20%2F10%2F2025#16%3A45#Simjrn#bUpg2iJiG3xd#Question#Deleted%20question%20'bUpg2iJiG3xd'%20from%20lesson%20'YYCjMFGaQXyF'
20%2F10%2F2025#16%3A45#Simjrn#IG1wJv16iyg2#Question#Deleted%20question%20'IG1wJv16iyg2'%20from%20lesson%20'YYCjMFGaQXyF'
20%2F10%2F2025#16%3A45#Simjrn#KPXcsebmyANu#Question#Deleted%20question%20'KPXcsebmyANu'%20from%20lesson%20'YYCjMFGaQXyF'
20%2F10%2F2025#16%3A44#Simjrn#8WQ1tmEI3Qo6#Question#Deleted%20question%20'8WQ1tmEI3Qo6'%20from%20lesson%20'bWwJlVKTYOuN'
20%2F10%2F2025#16%3A44#Simjrn#DnNyieZSvXRu#Question#Deleted%20question%20'DnNyieZSvXRu'%20from%20lesson%20'bWwJlVKTYOuN'
20%2F10%2F2025#16%3A42#Simjrn#xWeunbiSQOk4#Question#Deleted%20question%20'xWeunbiSQOk4'%20from%20lesson%20'bWwJlVKTYOuN'
20%2F10%2F2025#16%3A40#Simjrn#2dxew8aGt4ot#Question#Deleted%20question%20'2dxew8aGt4ot'%20from%20lesson%20'bWwJlVKTYOuN'
20%2F10%2F2025#16%3A40#Simjrn#rgjc6nyO6Zpe#Question#Deleted%20question%20'rgjc6nyO6Zpe'%20from%20lesson%20'bWwJlVKTYOuN'
20%2F10%2F2025#16%3A40#Simjrn#ibdfe8nP53ZS#Question#Deleted%20question%20'ibdfe8nP53ZS'%20from%20lesson%20'bWwJlVKTYOuN'
20%2F10%2F2025#16%3A39#Simjrn#EtanPaUA3ESt#Question#Deleted%20question%20'EtanPaUA3ESt'%20from%20lesson%20'bWwJlVKTYOuN'
20%2F10%2F2025#16%3A38#Simjrn#xNMdcZc0tSIs#Question#Added%20new%20'PickOne'%20question%20to%20lesson%20'xBK1xDNT6vm9'
20%2F10%2F2025#16%3A38#Simjrn#vdGvxJtNQCJr#Question#Added%20new%20'PickOne'%20question%20to%20lesson%20'xBK1xDNT6vm9'
20%2F10%2F2025#16%3A37#Simjrn#E7E4yfWvYaCT#Question#Added%20new%20'PickOne'%20question%20to%20lesson%20'xBK1xDNT6vm9'
20%2F10%2F2025#16%3A37#Simjrn#JKFpCmT8hrZv#Question#Deleted%20question%20'JKFpCmT8hrZv'%20from%20lesson%20'xBK1xDNT6vm9'
20%2F10%2F2025#16%3A37#Simjrn#2a2C8J1qt6eU#Question#Deleted%20question%20'2a2C8J1qt6eU'%20from%20lesson%20'xBK1xDNT6vm9'
20%2F10%2F2025#16%3A37#Simjrn#5iB0O0D2Re9n#Question#Deleted%20question%20'5iB0O0D2Re9n'%20from%20lesson%20'xBK1xDNT6vm9'
20%2F10%2F2025#16%3A37#Simjrn#ZyKrwDVbwgGZ#Question#Deleted%20question%20'ZyKrwDVbwgGZ'%20from%20lesson%20'xBK1xDNT6vm9'
20%2F10%2F2025#16%3A37#Simjrn#PNEkCNtv9Udx#Question#Deleted%20question%20'PNEkCNtv9Udx'%20from%20lesson%20'xBK1xDNT6vm9'
20%2F10%2F2025#16%3A37#Simjrn#uoytJ6nIKhhJ#Question#Deleted%20question%20'uoytJ6nIKhhJ'%20from%20lesson%20'xBK1xDNT6vm9'
20%2F10%2F2025#16%3A36#Simjrn#RFKVs4tESMyU#Question#Added%20new%20'PickOne'%20question%20to%20lesson%20'xBK1xDNT6vm9'
20%2F10%2F2025#16%3A35#Simjrn#kpjheXAh5eBa#Question#Added%20new%20'PickOne'%20question%20to%20lesson%20'xBK1xDNT6vm9'
20%2F10%2F2025#16%3A35#Simjrn#9hhtm5zMlHmo#Question#Deleted%20question%20'9hhtm5zMlHmo'%20from%20lesson%20'xBK1xDNT6vm9'
20%2F10%2F2025#16%3A35#Simjrn#pkIBAA1Dlqg7#Question#Deleted%20question%20'pkIBAA1Dlqg7'%20from%20lesson%20'xBK1xDNT6vm9'
20%2F10%2F2025#16%3A35#Simjrn#spDn8Gv4oIz8#Question#Deleted%20question%20'spDn8Gv4oIz8'%20from%20lesson%20'xBK1xDNT6vm9'
20%2F10%2F2025#16%3A35#Simjrn#FPVPHcN7q5X2#Question#Deleted%20question%20'FPVPHcN7q5X2'%20from%20lesson%20'xBK1xDNT6vm9'
20%2F10%2F2025#16%3A35#Simjrn#fC8ljWIwSSvB#Question#Added%20new%20'PickOne'%20question%20to%20lesson%20'xBK1xDNT6vm9'
20%2F10%2F2025#16%3A35#Simjrn#BHzL3CMr1ewQ#Question#Deleted%20question%20'BHzL3CMr1ewQ'%20from%20lesson%20'xBK1xDNT6vm9'
20%2F10%2F2025#16%3A35#Simjrn#fUQxO6D2PFxk#Question#Deleted%20question%20'fUQxO6D2PFxk'%20from%20lesson%20'xBK1xDNT6vm9'
20%2F10%2F2025#16%3A34#Simjrn#Gos8c5gCeQEn#Question#Deleted%20question%20'Gos8c5gCeQEn'%20from%20lesson%20'xBK1xDNT6vm9'
20%2F10%2F2025#16%3A34#Simjrn#16gLRRfUAL00#Question#Deleted%20question%20'16gLRRfUAL00'%20from%20lesson%20'k7CCB4rerb5b'
20%2F10%2F2025#16%3A34#Simjrn#rGPlKcX2Wi79#Question#Deleted%20question%20'rGPlKcX2Wi79'%20from%20lesson%20'k7CCB4rerb5b'
20%2F10%2F2025#16%3A33#Simjrn#Jnwd4cvnfNhg#Question#Added%20new%20'PickOne'%20question%20to%20lesson%20'k7CCB4rerb5b'
20%2F10%2F2025#16%3A32#Simjrn#3IiunBrLCwwu#Question#Added%20new%20'PickOne'%20question%20to%20lesson%20'k7CCB4rerb5b'
20%2F10%2F2025#16%3A32#Simjrn#ZTQMsvqghO0P#Question#Deleted%20question%20'ZTQMsvqghO0P'%20from%20lesson%20'k7CCB4rerb5b'
20%2F10%2F2025#16%3A32#Simjrn#2mihw5qUTYEb#Question#Added%20new%20'PickOne'%20question%20to%20lesson%20'k7CCB4rerb5b'
20%2F10%2F2025#16%3A32#Simjrn#YHw7GqHQbaZb#Question#Deleted%20question%20'YHw7GqHQbaZb'%20from%20lesson%20'k7CCB4rerb5b'
20%2F10%2F2025#16%3A32#Simjrn#qMNAEsf9qKpP#Question#Deleted%20question%20'qMNAEsf9qKpP'%20from%20lesson%20'k7CCB4rerb5b'
20%2F10%2F2025#16%3A32#Simjrn#RvKUQnzTAqbV#Question#Deleted%20question%20'RvKUQnzTAqbV'%20from%20lesson%20'k7CCB4rerb5b'
20%2F10%2F2025#16%3A31#Simjrn#8BxW3ZTNSPeF#Question#Added%20new%20'PickOne'%20question%20to%20lesson%20'k7CCB4rerb5b'
20%2F10%2F2025#16%3A31#Simjrn#wqSRQhzmRuJ9#Question#Deleted%20question%20'wqSRQhzmRuJ9'%20from%20lesson%20'k7CCB4rerb5b'
20%2F10%2F2025#16%3A31#Simjrn#wapaVwZf5mBG#Question#Deleted%20question%20'wapaVwZf5mBG'%20from%20lesson%20'k7CCB4rerb5b'
20%2F10%2F2025#16%3A31#Simjrn#aNQ1Nl3hmH1C#Question#Deleted%20question%20'aNQ1Nl3hmH1C'%20from%20lesson%20'k7CCB4rerb5b'
20%2F10%2F2025#16%3A31#Simjrn#NVYRTKvyg5GY#Question#Deleted%20question%20'NVYRTKvyg5GY'%20from%20lesson%20'k7CCB4rerb5b'
20%2F10%2F2025#16%3A31#Simjrn#eBVl3qdbn5Dg#Question#Deleted%20question%20'eBVl3qdbn5Dg'%20from%20lesson%20'k7CCB4rerb5b'
20%2F10%2F2025#16%3A30#Simjrn#vOMvvIV1tsuY#Question#Added%20new%20'PickOne'%20question%20to%20lesson%20'k7CCB4rerb5b'
20%2F10%2F2025#16%3A30#Simjrn#9nK7xxikQXyp#Question#Deleted%20question%20'9nK7xxikQXyp'%20from%20lesson%20'k7CCB4rerb5b'
20%2F10%2F2025#16%3A29#Simjrn#eE3Pg7cHGGzc#Question#Added%20new%20'Match'%20question%20to%20lesson%20'rFLEnBV9bMvI'
20%2F10%2F2025#16%3A28#Simjrn#lwlWNxeXr2M6#Question#Added%20new%20'PickOne'%20question%20to%20lesson%20'rFLEnBV9bMvI'
20%2F10%2F2025#16%3A28#Simjrn#uST5H74JwJHf#Question#Deleted%20question%20'uST5H74JwJHf'%20from%20lesson%20'rFLEnBV9bMvI'
20%2F10%2F2025#16%3A27#Simjrn#nVSswd2IFaIE#Question#Deleted%20question%20'nVSswd2IFaIE'%20from%20lesson%20'rFLEnBV9bMvI'
20%2F10%2F2025#16%3A27#Simjrn#U4Cy5Zs5Yw4f#Question#Deleted%20question%20'U4Cy5Zs5Yw4f'%20from%20lesson%20'rFLEnBV9bMvI'
20%2F10%2F2025#16%3A27#Simjrn#twW5rJgkWPSn#Question#Deleted%20question%20'twW5rJgkWPSn'%20from%20lesson%20'rFLEnBV9bMvI'
20%2F10%2F2025#16%3A27#Simjrn#oEmwaaOVHS58#Question#Deleted%20question%20'oEmwaaOVHS58'%20from%20lesson%20'rFLEnBV9bMvI'
20%2F10%2F2025#16%3A27#Simjrn#5w5JrnzCx0L4#Question#Deleted%20question%20'5w5JrnzCx0L4'%20from%20lesson%20'rFLEnBV9bMvI'
20%2F10%2F2025#16%3A27#Simjrn#jWxfZ2iKgDqx#Question#Deleted%20question%20'jWxfZ2iKgDqx'%20from%20lesson%20'rFLEnBV9bMvI'
20%2F10%2F2025#16%3A27#Simjrn#EFr8YDuxLK8V#Question#Deleted%20question%20'EFr8YDuxLK8V'%20from%20lesson%20'rFLEnBV9bMvI'
20%2F10%2F2025#16%3A27#Simjrn#KK0WwfHcxXmD#Question#Deleted%20question%20'KK0WwfHcxXmD'%20from%20lesson%20'rFLEnBV9bMvI'
20%2F10%2F2025#16%3A27#Simjrn#684DahPZLcMh#Question#Deleted%20question%20'684DahPZLcMh'%20from%20lesson%20'rFLEnBV9bMvI'
20%2F10%2F2025#16%3A27#Simjrn#vVZUIDcXfI98#Question#Deleted%20question%20'vVZUIDcXfI98'%20from%20lesson%20'rFLEnBV9bMvI'
20%2F10%2F2025#16%3A27#Simjrn#oWmnmQBMYowq#Question#Deleted%20question%20'oWmnmQBMYowq'%20from%20lesson%20'rFLEnBV9bMvI'
20%2F10%2F2025#16%3A27#Simjrn#x2WIC6Lli2Uf#Question#Deleted%20question%20'x2WIC6Lli2Uf'%20from%20lesson%20'rFLEnBV9bMvI'
20%2F10%2F2025#16%3A26#Simjrn#0Zfj7HTVE9qX#Skill#Updated%20skill%20'Plural'%20details
20%2F10%2F2025#16%3A25#Simjrn#000000000000#Project#Updated%20project%20metadata
20%2F10%2F2025#16%3A25#Simjrn#0Zfj7HTVE9qX#Sentences#Updated%20sentences%20for%20skill%20'Plural'
20%2F10%2F2025#16%3A14#Simjrn#0Zfj7HTVE9qX#Vocab#Updated%20vocabulary%20for%20skill%20'Plural'
20%2F10%2F2025#16%3A13#Simjrn#000000000000#Project#Updated%20project%20metadata
20%2F10%2F2025#16%3A13#Simjrn#0Zfj7HTVE9qX#Vocab#Updated%20vocabulary%20for%20skill%20'Plural'
20%2F10%2F2025#15%3A54#Simjrn#0Zfj7HTVE9qX#Notes#Updated%20notes%20for%20skill%20'Plural'
20%2F10%2F2025#15%3A54#Simjrn#0Zfj7HTVE9qX#Skill#Updated%20skill%20'Plural'%20details
20%2F10%2F2025#15%3A54#Simjrn#0Zfj7HTVE9qX#Skill#Updated%20skill%20'Plural'%20details
20%2F10%2F2025#15%3A54#Simjrn#0Zfj7HTVE9qX#Skill#Updated%20skill%20'Plural'%20details
20%2F10%2F2025#15%3A54#Simjrn#0Zfj7HTVE9qX#Skill#Added%20new%20skill%20'New%20Skill'%20to%20unit%202
20%2F10%2F2025#15%3A52#Simjrn#000000000000#Project#Updated%20project%20metadata
20%2F10%2F2025#15%3A52#Simjrn#ipUjud9LLgC0#Notes#Updated%20notes%20for%20skill%20'More%20numbers'
20%2F10%2F2025#15%3A51#Simjrn#ipUjud9LLgC0#Skill#Updated%20skill%20'More%20numbers'%20details
20%2F10%2F2025#15%3A51#Simjrn#ipUjud9LLgC0#Vocab#Updated%20vocabulary%20for%20skill%20'More%20numbers'
20%2F10%2F2025#15%3A51#Simjrn#ipUjud9LLgC0#Notes#Updated%20notes%20for%20skill%20'More%20numbers'
20%2F10%2F2025#15%3A47#Simjrn#ipUjud9LLgC0#Skill#Updated%20skill%20'More%20numbers'%20details
20%2F10%2F2025#15%3A46#Simjrn#ipUjud9LLgC0#Vocab#Updated%20vocabulary%20for%20skill%20'More%20numbers'
20%2F10%2F2025#15%3A43#Simjrn#ipUjud9LLgC0#Vocab#Updated%20vocabulary%20for%20skill%20'More%20numbers'
20%2F10%2F2025#15%3A40#Simjrn#ipUjud9LLgC0#Notes#Updated%20notes%20for%20skill%20'More%20numbers'
20%2F10%2F2025#15%3A40#Simjrn#ipUjud9LLgC0#Skill#Updated%20skill%20'More%20numbers'%20details
20%2F10%2F2025#15%3A40#Simjrn#ipUjud9LLgC0#Skill#Updated%20skill%20'More%20numbers'%20details
20%2F10%2F2025#15%3A39#Simjrn#ipUjud9LLgC0#Skill#Updated%20skill%20'Maths'%20details
20%2F10%2F2025#15%3A38#Simjrn#ipUjud9LLgC0#Skill#Updated%20skill%20'Maths'%20details
20%2F10%2F2025#15%3A37#Simjrn#ipUjud9LLgC0#Skill#Updated%20skill%20'Maths'%20details
20%2F10%2F2025#15%3A36#Simjrn#ipUjud9LLgC0#Skill#Updated%20skill%20'Maths'%20details
20%2F10%2F2025#15%3A34#Simjrn#ipUjud9LLgC0#Skill#Added%20new%20skill%20'New%20Skill'%20to%20unit%202
19%2F10%2F2025#14%3A03#Simjrn#000000000000#Project#Updated%20project%20metadata
19%2F10%2F2025#13%3A59#Simjrn#t0Hph578dVeX.mp3#Audio#Saved%20audio%20file%20't0Hph578dVeX.mp3'
19%2F10%2F2025#13%3A58#Simjrn#t0Hph578dVeX#Question#Added%20new%20'PickOne'%20question%20to%20lesson%20'8A34mzvCjIZ7'
19%2F10%2F2025#13%3A57#Simjrn#qFHE8UoBmXzS.mp3#Audio#Saved%20audio%20file%20'qFHE8UoBmXzS.mp3'
19%2F10%2F2025#13%3A57#Simjrn#qFHE8UoBmXzS#Question#Added%20new%20'PickOne'%20question%20to%20lesson%20'8A34mzvCjIZ7'
19%2F10%2F2025#13%3A56#Simjrn#3TqG0khFLSMu.mp3#Audio#Saved%20audio%20file%20'3TqG0khFLSMu.mp3'
19%2F10%2F2025#13%3A55#Simjrn#3TqG0khFLSMu#Question#Added%20new%20'PickOne'%20question%20to%20lesson%20'8A34mzvCjIZ7'
19%2F10%2F2025#13%3A55#Simjrn#cA2EIosUilNs.mp3#Audio#Saved%20audio%20file%20'cA2EIosUilNs.mp3'
19%2F10%2F2025#13%3A54#Simjrn#cA2EIosUilNs#Question#Added%20new%20'PickOne'%20question%20to%20lesson%20'8A34mzvCjIZ7'
19%2F10%2F2025#13%3A54#Simjrn#yclQ6nDCPOTg#Question#Deleted%20question%20'yclQ6nDCPOTg'%20from%20lesson%20'8A34mzvCjIZ7'
19%2F10%2F2025#13%3A54#Simjrn#i0S5arXlAa7o-o1.mp3#Audio#Deleted%20audio%20file%20'i0S5arXlAa7o-o1.mp3'
19%2F10%2F2025#13%3A54#Simjrn#i0S5arXlAa7o-o1.mp3#Audio#Saved%20audio%20file%20'i0S5arXlAa7o-o1.mp3'
19%2F10%2F2025#13%3A53#Simjrn#i0S5arXlAa7o.mp3#Audio#Saved%20audio%20file%20'i0S5arXlAa7o.mp3'
19%2F10%2F2025#13%3A52#Simjrn#8A34mzvCjIZ7#Lesson#Added%20new%20lesson%202%20to%20skill%20'ZwGjw0czI6CN'
19%2F10%2F2025#13%3A52#Simjrn#ZwGjw0czI6CN#Lock#Unlocked%20skill%20'Phonology'
19%2F10%2F2025#08%3A38#Simjrn#000000000000#Project#Updated%20project%20metadata
19%2F10%2F2025#08%3A38#Simjrn#9qzSyQWBNbuh#Question#Deleted%20question%20'9qzSyQWBNbuh'%20from%20lesson%20'KGgXc694t8he'
19%2F10%2F2025#08%3A38#Simjrn#I2803Us6GuKB#Question#Deleted%20question%20'I2803Us6GuKB'%20from%20lesson%20'KGgXc694t8he'
19%2F10%2F2025#08%3A38#Simjrn#1fF7b87nzsm7#Question#Deleted%20question%20'1fF7b87nzsm7'%20from%20lesson%20'KGgXc694t8he'
19%2F10%2F2025#08%3A37#Simjrn#Chc7TgEvJyaS#Question#Deleted%20question%20'Chc7TgEvJyaS'%20from%20lesson%20'KGgXc694t8he'
19%2F10%2F2025#08%3A37#Simjrn#3apoUy8xxtXD#Question#Deleted%20question%20'3apoUy8xxtXD'%20from%20lesson%20'KGgXc694t8he'
19%2F10%2F2025#08%3A37#Simjrn#rWIMz7RGwW8l#Question#Deleted%20question%20'rWIMz7RGwW8l'%20from%20lesson%20'KGgXc694t8he'
19%2F10%2F2025#08%3A37#Simjrn#3OgVd89DJwSE#Question#Deleted%20question%20'3OgVd89DJwSE'%20from%20lesson%20'KGgXc694t8he'
19%2F10%2F2025#08%3A36#Simjrn#2185U8yFIECj#Question#Deleted%20question%20'2185U8yFIECj'%20from%20lesson%20'qOVKeWsqojKk'
19%2F10%2F2025#08%3A36#Simjrn#IyBlY998xoiJ#Question#Deleted%20question%20'IyBlY998xoiJ'%20from%20lesson%20'qOVKeWsqojKk'
19%2F10%2F2025#08%3A35#Simjrn#PMxLFTG7GB4n#Question#Deleted%20question%20'PMxLFTG7GB4n'%20from%20lesson%20'qOVKeWsqojKk'
19%2F10%2F2025#08%3A35#Simjrn#AebdJEYCGt9J#Question#Deleted%20question%20'AebdJEYCGt9J'%20from%20lesson%20'qOVKeWsqojKk'
19%2F10%2F2025#08%3A35#Simjrn#01B1X1clpvqi#Question#Deleted%20question%20'01B1X1clpvqi'%20from%20lesson%20'qOVKeWsqojKk'
19%2F10%2F2025#08%3A35#Simjrn#l12g1HVtgxut#Question#Deleted%20question%20'l12g1HVtgxut'%20from%20lesson%20'qOVKeWsqojKk'
19%2F10%2F2025#08%3A35#Simjrn#qkusWyPCBJHh#Question#Deleted%20question%20'qkusWyPCBJHh'%20from%20lesson%20'qOVKeWsqojKk'
19%2F10%2F2025#08%3A35#Simjrn#2aHwUeJv5zp1#Question#Deleted%20question%20'2aHwUeJv5zp1'%20from%20lesson%20'0o29eThw6QBz'
19%2F10%2F2025#08%3A34#Simjrn#vlze9uf8aQ38#Question#Deleted%20question%20'vlze9uf8aQ38'%20from%20lesson%20'0o29eThw6QBz'
19%2F10%2F2025#08%3A34#Simjrn#4yBWwYYNL2pz#Question#Deleted%20question%20'4yBWwYYNL2pz'%20from%20lesson%20'0o29eThw6QBz'
19%2F10%2F2025#08%3A34#Simjrn#7d3Ubvpdkdm4#Question#Deleted%20question%20'7d3Ubvpdkdm4'%20from%20lesson%20'0o29eThw6QBz'
19%2F10%2F2025#08%3A34#Simjrn#JMxyzJ69aV6p#Question#Deleted%20question%20'JMxyzJ69aV6p'%20from%20lesson%20'0o29eThw6QBz'
19%2F10%2F2025#08%3A33#Simjrn#05r3Yrxr06UK#Question#Deleted%20question%20'05r3Yrxr06UK'%20from%20lesson%20'0o29eThw6QBz'
19%2F10%2F2025#08%3A32#Simjrn#f6kxG9osioJp#Question#Deleted%20question%20'f6kxG9osioJp'%20from%20lesson%20'0o29eThw6QBz'
19%2F10%2F2025#08%3A32#Simjrn#iCjlGz52E4qg#Question#Deleted%20question%20'iCjlGz52E4qg'%20from%20lesson%20'Ku6DnsHM6YRd'
19%2F10%2F2025#08%3A32#Simjrn#BZr0EmXB9cHM#Question#Deleted%20question%20'BZr0EmXB9cHM'%20from%20lesson%20'Ku6DnsHM6YRd'
19%2F10%2F2025#08%3A32#Simjrn#ITpf2KvBIjzJ#Question#Deleted%20question%20'ITpf2KvBIjzJ'%20from%20lesson%20'Ku6DnsHM6YRd'
19%2F10%2F2025#08%3A32#Simjrn#V5nll4HMTbRR#Question#Deleted%20question%20'V5nll4HMTbRR'%20from%20lesson%20'Ku6DnsHM6YRd'
19%2F10%2F2025#08%3A32#Simjrn#l88IbADGxR82#Question#Deleted%20question%20'l88IbADGxR82'%20from%20lesson%20'Ku6DnsHM6YRd'
19%2F10%2F2025#08%3A31#Simjrn#7eibfzWdQEJa#Question#Deleted%20question%20'7eibfzWdQEJa'%20from%20lesson%20'Ku6DnsHM6YRd'
19%2F10%2F2025#08%3A31#Simjrn#OvIbYTZeXYOu#Question#Deleted%20question%20'OvIbYTZeXYOu'%20from%20lesson%20'Ku6DnsHM6YRd'
19%2F10%2F2025#08%3A30#Simjrn#qxOA1kdkYBA3#Question#Deleted%20question%20'qxOA1kdkYBA3'%20from%20lesson%20'RPyXgDIYDRLF'
19%2F10%2F2025#08%3A30#Simjrn#8PtpnFXUx11p#Question#Deleted%20question%20'8PtpnFXUx11p'%20from%20lesson%20'RPyXgDIYDRLF'
19%2F10%2F2025#08%3A29#Simjrn#en0WssOvOpVZ#Question#Deleted%20question%20'en0WssOvOpVZ'%20from%20lesson%20'RPyXgDIYDRLF'
19%2F10%2F2025#08%3A29#Simjrn#DGEFFj63zlUt#Question#Deleted%20question%20'DGEFFj63zlUt'%20from%20lesson%20'RPyXgDIYDRLF'
19%2F10%2F2025#08%3A29#Simjrn#tfy5hcaOsTO9#Question#Deleted%20question%20'tfy5hcaOsTO9'%20from%20lesson%20'RPyXgDIYDRLF'
19%2F10%2F2025#08%3A29#Simjrn#0idgskkYLpA0#Question#Deleted%20question%20'0idgskkYLpA0'%20from%20lesson%20'RPyXgDIYDRLF'
19%2F10%2F2025#08%3A29#Simjrn#mY9fGmMuJLS3#Question#Deleted%20question%20'mY9fGmMuJLS3'%20from%20lesson%20'RPyXgDIYDRLF'
19%2F10%2F2025#08%3A29#Simjrn#cdqoTcckd7n7#Question#Deleted%20question%20'cdqoTcckd7n7'%20from%20lesson%20'RPyXgDIYDRLF'
19%2F10%2F2025#08%3A28#Simjrn#KYgzEpspqFSb#Question#Deleted%20question%20'KYgzEpspqFSb'%20from%20lesson%20'kfWrT7d4PYwP'
19%2F10%2F2025#08%3A28#Simjrn#2WGeuCqremdn#Question#Deleted%20question%20'2WGeuCqremdn'%20from%20lesson%20'kfWrT7d4PYwP'
19%2F10%2F2025#08%3A27#Simjrn#q6X7oVMqzPZn#Question#Deleted%20question%20'q6X7oVMqzPZn'%20from%20lesson%20'kfWrT7d4PYwP'
19%2F10%2F2025#08%3A27#Simjrn#kTMNU0xqP7kP#Question#Deleted%20question%20'kTMNU0xqP7kP'%20from%20lesson%20'kfWrT7d4PYwP'
19%2F10%2F2025#08%3A27#Simjrn#6BndRYxuZYHE#Question#Deleted%20question%20'6BndRYxuZYHE'%20from%20lesson%20'kfWrT7d4PYwP'
19%2F10%2F2025#08%3A26#Simjrn#rcjKMjJUU32E#Question#Deleted%20question%20'rcjKMjJUU32E'%20from%20lesson%20'kfWrT7d4PYwP'
19%2F10%2F2025#08%3A26#Simjrn#m24g07A6lEK5#Question#Deleted%20question%20'm24g07A6lEK5'%20from%20lesson%20'kfWrT7d4PYwP'
19%2F10%2F2025#08%3A25#Simjrn#zRDshV1n0gwu#Question#Deleted%20question%20'zRDshV1n0gwu'%20from%20lesson%20'kfWrT7d4PYwP'
19%2F10%2F2025#08%3A25#Simjrn#TIvVOTleJS2H#Question#Deleted%20question%20'TIvVOTleJS2H'%20from%20lesson%20'0pRQKplYi7MW'
19%2F10%2F2025#08%3A25#Simjrn#OeWXVfQvnOo7#Question#Deleted%20question%20'OeWXVfQvnOo7'%20from%20lesson%20'0pRQKplYi7MW'
19%2F10%2F2025#08%3A24#Simjrn#Jbco2kdD5rJv#Question#Deleted%20question%20'Jbco2kdD5rJv'%20from%20lesson%20'0pRQKplYi7MW'
19%2F10%2F2025#08%3A21#Simjrn#ZY0FOL5lj5bv#Question#Deleted%20question%20'ZY0FOL5lj5bv'%20from%20lesson%20'0pRQKplYi7MW'
19%2F10%2F2025#08%3A21#Simjrn#d66FeA6FBrCw#Question#Deleted%20question%20'd66FeA6FBrCw'%20from%20lesson%20'0pRQKplYi7MW'
19%2F10%2F2025#08%3A21#Simjrn#0qPwy0Gwo87U#Question#Deleted%20question%20'0qPwy0Gwo87U'%20from%20lesson%20'0pRQKplYi7MW'
19%2F10%2F2025#08%3A20#Simjrn#CLGkjZ6XzGTY#Question#Deleted%20question%20'CLGkjZ6XzGTY'%20from%20lesson%20'0pRQKplYi7MW'
19%2F10%2F2025#08%3A17#Simjrn#UK3duIGvSfrz#Question#Deleted%20question%20'UK3duIGvSfrz'%20from%20lesson%20'0pRQKplYi7MW'
19%2F10%2F2025#08%3A17#Simjrn#fuSPjeMuBgfx#Question#Deleted%20question%20'fuSPjeMuBgfx'%20from%20lesson%20'0pRQKplYi7MW'
19%2F10%2F2025#08%3A17#Simjrn#lhGqhiTX6q8P#Question#Deleted%20question%20'lhGqhiTX6q8P'%20from%20lesson%20'0pRQKplYi7MW'
19%2F10%2F2025#08%3A15#Simjrn#1KH7Zb1KzjPn#Question#Deleted%20question%20'1KH7Zb1KzjPn'%20from%20lesson%20'4a0Z9F3HulEY'
19%2F10%2F2025#08%3A15#Simjrn#2jpJ6n7EjYVT#Question#Deleted%20question%20'2jpJ6n7EjYVT'%20from%20lesson%20'4a0Z9F3HulEY'
19%2F10%2F2025#08%3A15#Simjrn#WMMd0K40O9Yt#Question#Deleted%20question%20'WMMd0K40O9Yt'%20from%20lesson%20'4a0Z9F3HulEY'
19%2F10%2F2025#08%3A14#Simjrn#6yWBYLCaMf9g#Question#Deleted%20question%20'6yWBYLCaMf9g'%20from%20lesson%20'4a0Z9F3HulEY'
19%2F10%2F2025#08%3A14#Simjrn#C7FljgFNW9sT#Question#Deleted%20question%20'C7FljgFNW9sT'%20from%20lesson%20'4a0Z9F3HulEY'
19%2F10%2F2025#08%3A12#Simjrn#MUJjlft1R4Sp#Question#Deleted%20question%20'MUJjlft1R4Sp'%20from%20lesson%20'4a0Z9F3HulEY'
19%2F10%2F2025#08%3A12#Simjrn#jhWf92F3szWa#Question#Deleted%20question%20'jhWf92F3szWa'%20from%20lesson%20'4a0Z9F3HulEY'
19%2F10%2F2025#08%3A11#Simjrn#tZFJIHTZa3TF#Question#Deleted%20question%20'tZFJIHTZa3TF'%20from%20lesson%20'4a0Z9F3HulEY'
19%2F10%2F2025#08%3A11#Simjrn#q35RBpC9YwKK#Question#Deleted%20question%20'q35RBpC9YwKK'%20from%20lesson%20'4a0Z9F3HulEY'
19%2F10%2F2025#08%3A11#Simjrn#DETdo4w52uyd#Question#Deleted%20question%20'DETdo4w52uyd'%20from%20lesson%20'4a0Z9F3HulEY'
19%2F10%2F2025#08%3A11#Simjrn#VHWOQSAWYISb#Question#Deleted%20question%20'VHWOQSAWYISb'%20from%20lesson%20'hB9WW2IytQMR'
19%2F10%2F2025#08%3A11#Simjrn#a6I4LlI8cQHf#Question#Deleted%20question%20'a6I4LlI8cQHf'%20from%20lesson%20'hB9WW2IytQMR'
19%2F10%2F2025#08%3A11#Simjrn#IhodMNq7vvLm#Question#Deleted%20question%20'IhodMNq7vvLm'%20from%20lesson%20'hB9WW2IytQMR'
19%2F10%2F2025#08%3A11#Simjrn#J1s7PwNnq4Wm#Question#Deleted%20question%20'J1s7PwNnq4Wm'%20from%20lesson%20'hB9WW2IytQMR'
19%2F10%2F2025#08%3A11#Simjrn#Cw0iXB9GNxgn#Question#Deleted%20question%20'Cw0iXB9GNxgn'%20from%20lesson%20'hB9WW2IytQMR'
19%2F10%2F2025#08%3A11#Simjrn#vMCNkNsMgFzl#Question#Deleted%20question%20'vMCNkNsMgFzl'%20from%20lesson%20'hB9WW2IytQMR'
19%2F10%2F2025#08%3A11#Simjrn#HTpgxo6XYd95#Question#Deleted%20question%20'HTpgxo6XYd95'%20from%20lesson%20'hB9WW2IytQMR'
19%2F10%2F2025#08%3A11#Simjrn#b6JdT751iMjc#Question#Deleted%20question%20'b6JdT751iMjc'%20from%20lesson%20'hB9WW2IytQMR'
19%2F10%2F2025#08%3A10#Simjrn#LGjYh0VH0BAR#Question#Deleted%20question%20'LGjYh0VH0BAR'%20from%20lesson%20'hB9WW2IytQMR'
19%2F10%2F2025#08%3A10#Simjrn#5bUH9XRaraBV#Question#Deleted%20question%20'5bUH9XRaraBV'%20from%20lesson%20'hB9WW2IytQMR'
19%2F10%2F2025#08%3A10#Simjrn#5W5ZwG79RAtG#Question#Deleted%20question%20'5W5ZwG79RAtG'%20from%20lesson%20'hB9WW2IytQMR'
19%2F10%2F2025#08%3A10#Simjrn#n1wFj2gFmZvl#Question#Deleted%20question%20'n1wFj2gFmZvl'%20from%20lesson%20'hB9WW2IytQMR'
19%2F10%2F2025#08%3A10#Simjrn#5WMjFeYC0pUg#Question#Deleted%20question%20'5WMjFeYC0pUg'%20from%20lesson%20'hB9WW2IytQMR'
19%2F10%2F2025#08%3A10#Simjrn#YFG9GjIbmeCz#Question#Deleted%20question%20'YFG9GjIbmeCz'%20from%20lesson%20'OCA1z6U4cagf'
19%2F10%2F2025#08%3A10#Simjrn#iWHezh2O7z4P#Question#Deleted%20question%20'iWHezh2O7z4P'%20from%20lesson%20'OCA1z6U4cagf'
19%2F10%2F2025#08%3A10#Simjrn#Ot0UxppqLcMh#Question#Deleted%20question%20'Ot0UxppqLcMh'%20from%20lesson%20'OCA1z6U4cagf'
19%2F10%2F2025#08%3A09#Simjrn#lWZ0xCQ0tbth#Question#Deleted%20question%20'lWZ0xCQ0tbth'%20from%20lesson%20'OCA1z6U4cagf'
19%2F10%2F2025#08%3A09#Simjrn#fF4UlFQJ8f3Z#Question#Deleted%20question%20'fF4UlFQJ8f3Z'%20from%20lesson%20'OCA1z6U4cagf'
19%2F10%2F2025#08%3A09#Simjrn#TR06G3wZd8dB#Question#Deleted%20question%20'TR06G3wZd8dB'%20from%20lesson%20'OCA1z6U4cagf'
19%2F10%2F2025#08%3A09#Simjrn#Vi7NsQuPYoM6#Question#Deleted%20question%20'Vi7NsQuPYoM6'%20from%20lesson%20'OCA1z6U4cagf'
19%2F10%2F2025#08%3A09#Simjrn#w6HFYjfzrQ77#Question#Deleted%20question%20'w6HFYjfzrQ77'%20from%20lesson%20'OCA1z6U4cagf'
19%2F10%2F2025#08%3A09#Simjrn#FUoIYlIVrSwQ#Question#Deleted%20question%20'FUoIYlIVrSwQ'%20from%20lesson%20'OCA1z6U4cagf'
19%2F10%2F2025#08%3A09#Simjrn#S1GgbGPD2pfG#Question#Deleted%20question%20'S1GgbGPD2pfG'%20from%20lesson%20'OCA1z6U4cagf'
19%2F10%2F2025#08%3A09#Simjrn#6S1wGnRjuKlm#Question#Deleted%20question%20'6S1wGnRjuKlm'%20from%20lesson%20'OCA1z6U4cagf'
19%2F10%2F2025#08%3A09#Simjrn#Q6PEIE1YCEVq#Question#Deleted%20question%20'Q6PEIE1YCEVq'%20from%20lesson%20'OCA1z6U4cagf'
19%2F10%2F2025#08%3A09#Simjrn#80x0CxwVkD54#Question#Deleted%20question%20'80x0CxwVkD54'%20from%20lesson%20'OCA1z6U4cagf'
19%2F10%2F2025#08%3A09#Simjrn#WdTv9LTujnf9#Skill#Updated%20skill%20'Months%20of%20the%20year'%20details
19%2F10%2F2025#08%3A07#Simjrn#000000000000#Project#Updated%20project%20metadata
19%2F10%2F2025#08%3A06#Simjrn#WdTv9LTujnf9#Notes#Updated%20notes%20for%20skill%20'Months%20of%20the%20year'
19%2F10%2F2025#08%3A03#Simjrn#000000000000#Project#Updated%20project%20metadata
19%2F10%2F2025#08%3A03#Simjrn#WdTv9LTujnf9#Sentences#Updated%20sentences%20for%20skill%20'Months%20of%20the%20year'
19%2F10%2F2025#07%3A44#Simjrn#WdTv9LTujnf9#Notes#Updated%20notes%20for%20skill%20'Months%20of%20the%20year'
19%2F10%2F2025#07%3A43#Simjrn#WdTv9LTujnf9#Notes#Updated%20notes%20for%20skill%20'Months%20of%20the%20year'
19%2F10%2F2025#07%3A43#Simjrn#WdTv9LTujnf9#Vocab#Updated%20vocabulary%20for%20skill%20'Months%20of%20the%20year'
19%2F10%2F2025#07%3A38#Simjrn#WdTv9LTujnf9#Skill#Updated%20skill%20'Months%20of%20the%20year'%20details
19%2F10%2F2025#07%3A38#Simjrn#WdTv9LTujnf9#Skill#Updated%20skill%20'Months%20of%20the%20year'%20details
19%2F10%2F2025#07%3A38#Simjrn#WdTv9LTujnf9#Skill#Updated%20skill%20'Months%20of%20the%20year'%20details
19%2F10%2F2025#07%3A34#Simjrn#WdTv9LTujnf9#Skill#Added%20new%20skill%20'New%20Skill'%20to%20unit%202
16%2F10%2F2025#16%3A03#Simjrn#000000000000#Project#Updated%20project%20metadata
16%2F10%2F2025#16%3A03#Simjrn#p09JXRz3zEBG#Question#Deleted%20question%20'p09JXRz3zEBG'%20from%20lesson%20'r0eTFsTWAMuW'
16%2F10%2F2025#16%3A03#Simjrn#tb9AZPG6IF66#Question#Deleted%20question%20'tb9AZPG6IF66'%20from%20lesson%20'r0eTFsTWAMuW'
16%2F10%2F2025#16%3A02#Simjrn#CtyvUrE33IHh#Question#Deleted%20question%20'CtyvUrE33IHh'%20from%20lesson%20'r0eTFsTWAMuW'
16%2F10%2F2025#16%3A02#Simjrn#MSRaYDZ8xnPA#Question#Deleted%20question%20'MSRaYDZ8xnPA'%20from%20lesson%20'r0eTFsTWAMuW'
16%2F10%2F2025#16%3A01#Simjrn#esyXdhaeRSkg#Question#Deleted%20question%20'esyXdhaeRSkg'%20from%20lesson%20'r0eTFsTWAMuW'
16%2F10%2F2025#16%3A01#Simjrn#0H9djItvOxyf#Question#Deleted%20question%20'0H9djItvOxyf'%20from%20lesson%20'r0eTFsTWAMuW'
16%2F10%2F2025#16%3A01#Simjrn#w4h9GlnPRLMe#Question#Deleted%20question%20'w4h9GlnPRLMe'%20from%20lesson%20'r0eTFsTWAMuW'
16%2F10%2F2025#16%3A00#Simjrn#u9B1rMy9Ucv9#Question#Deleted%20question%20'u9B1rMy9Ucv9'%20from%20lesson%20'8WHSvoKmjwpc'
16%2F10%2F2025#15%3A59#Simjrn#ZmMF1Eu3zGDt#Question#Deleted%20question%20'ZmMF1Eu3zGDt'%20from%20lesson%20'8WHSvoKmjwpc'
16%2F10%2F2025#15%3A58#Simjrn#5ZB3ejV3HEdn#Question#Deleted%20question%20'5ZB3ejV3HEdn'%20from%20lesson%20'8WHSvoKmjwpc'
16%2F10%2F2025#15%3A58#Simjrn#w6uxbiFPyHhh#Question#Deleted%20question%20'w6uxbiFPyHhh'%20from%20lesson%20'8WHSvoKmjwpc'
16%2F10%2F2025#15%3A58#Simjrn#BVcW8LdhB2rO#Question#Deleted%20question%20'BVcW8LdhB2rO'%20from%20lesson%20'8WHSvoKmjwpc'
16%2F10%2F2025#15%3A58#Simjrn#eRVfGk7K4bt9#Question#Deleted%20question%20'eRVfGk7K4bt9'%20from%20lesson%20'8WHSvoKmjwpc'
16%2F10%2F2025#15%3A56#Simjrn#vpGFFa4NEgTd#Question#Deleted%20question%20'vpGFFa4NEgTd'%20from%20lesson%20'8WHSvoKmjwpc'
16%2F10%2F2025#15%3A55#Simjrn#pv9FN9gFLjSY#Question#Deleted%20question%20'pv9FN9gFLjSY'%20from%20lesson%20's6KPa4YvdqB7'
16%2F10%2F2025#15%3A54#Simjrn#aalvPSonlaLI#Question#Deleted%20question%20'aalvPSonlaLI'%20from%20lesson%20's6KPa4YvdqB7'
16%2F10%2F2025#15%3A54#Simjrn#bJS8QennSTuA#Question#Deleted%20question%20'bJS8QennSTuA'%20from%20lesson%20's6KPa4YvdqB7'
16%2F10%2F2025#15%3A53#Simjrn#LWy1BAO0LkKT#Question#Deleted%20question%20'LWy1BAO0LkKT'%20from%20lesson%20's6KPa4YvdqB7'
16%2F10%2F2025#15%3A51#Simjrn#fJATVMrLpS0f#Question#Deleted%20question%20'fJATVMrLpS0f'%20from%20lesson%20's6KPa4YvdqB7'
16%2F10%2F2025#15%3A51#Simjrn#SqiVQbE4lCKp#Question#Deleted%20question%20'SqiVQbE4lCKp'%20from%20lesson%20's6KPa4YvdqB7'
16%2F10%2F2025#15%3A51#Simjrn#c4YhZNlQ6ixe#Question#Deleted%20question%20'c4YhZNlQ6ixe'%20from%20lesson%20'Ay54KdfyOv32'
16%2F10%2F2025#15%3A50#Simjrn#r6hWyKL3hXPz#Question#Deleted%20question%20'r6hWyKL3hXPz'%20from%20lesson%20'Ay54KdfyOv32'
16%2F10%2F2025#15%3A50#Simjrn#5dbvIYdLEfFx#Question#Deleted%20question%20'5dbvIYdLEfFx'%20from%20lesson%20'Ay54KdfyOv32'
16%2F10%2F2025#15%3A50#Simjrn#hZpN7BWVMe70#Question#Deleted%20question%20'hZpN7BWVMe70'%20from%20lesson%20'Ay54KdfyOv32'
16%2F10%2F2025#15%3A50#Simjrn#PASGDFQ8Mrtz#Question#Deleted%20question%20'PASGDFQ8Mrtz'%20from%20lesson%20'Ay54KdfyOv32'
16%2F10%2F2025#15%3A47#Simjrn#1fQavyD16AzK#Question#Deleted%20question%20'1fQavyD16AzK'%20from%20lesson%20'Ay54KdfyOv32'
16%2F10%2F2025#15%3A47#Simjrn#VIH97Iod73Kd#Question#Deleted%20question%20'VIH97Iod73Kd'%20from%20lesson%20'Ay54KdfyOv32'
16%2F10%2F2025#15%3A47#Simjrn#ivWPBy9pmypt#Question#Deleted%20question%20'ivWPBy9pmypt'%20from%20lesson%20'Ay54KdfyOv32'
16%2F10%2F2025#15%3A46#Simjrn#NSrRFlMhYEjz#Question#Deleted%20question%20'NSrRFlMhYEjz'%20from%20lesson%20'Ay54KdfyOv32'
16%2F10%2F2025#15%3A46#Simjrn#d2jhQutAL115#Question#Deleted%20question%20'd2jhQutAL115'%20from%20lesson%20'Ay54KdfyOv32'
16%2F10%2F2025#15%3A46#Simjrn#pudU5wbdVDc2#Question#Deleted%20question%20'pudU5wbdVDc2'%20from%20lesson%20'Ay54KdfyOv32'
16%2F10%2F2025#15%3A46#Simjrn#nM597i3hZDBe#Question#Deleted%20question%20'nM597i3hZDBe'%20from%20lesson%20'Ay54KdfyOv32'
16%2F10%2F2025#15%3A46#Simjrn#oZDio5uYfTYn#Question#Deleted%20question%20'oZDio5uYfTYn'%20from%20lesson%20'X2WLKr80yyDC'
16%2F10%2F2025#15%3A46#Simjrn#LJcvnvfdu8Fx#Question#Deleted%20question%20'LJcvnvfdu8Fx'%20from%20lesson%20'X2WLKr80yyDC'
16%2F10%2F2025#15%3A46#Simjrn#uooPtWXmhTNh#Question#Deleted%20question%20'uooPtWXmhTNh'%20from%20lesson%20'X2WLKr80yyDC'
16%2F10%2F2025#15%3A46#Simjrn#Dm75gwDuDqHZ#Question#Deleted%20question%20'Dm75gwDuDqHZ'%20from%20lesson%20'X2WLKr80yyDC'
16%2F10%2F2025#15%3A46#Simjrn#AY1VhLEVRlB3#Question#Deleted%20question%20'AY1VhLEVRlB3'%20from%20lesson%20'X2WLKr80yyDC'
16%2F10%2F2025#15%3A45#Simjrn#81O71dM8pDxW#Question#Deleted%20question%20'81O71dM8pDxW'%20from%20lesson%20'X2WLKr80yyDC'
16%2F10%2F2025#15%3A45#Simjrn#cixsT6nS4Xk1#Question#Deleted%20question%20'cixsT6nS4Xk1'%20from%20lesson%20'X2WLKr80yyDC'
16%2F10%2F2025#15%3A45#Simjrn#UQcbYJd9jqjv#Question#Deleted%20question%20'UQcbYJd9jqjv'%20from%20lesson%20'X2WLKr80yyDC'
16%2F10%2F2025#15%3A45#Simjrn#Rw4TXre8nY78#Question#Deleted%20question%20'Rw4TXre8nY78'%20from%20lesson%20'X2WLKr80yyDC'
16%2F10%2F2025#15%3A45#Simjrn#UYrBiwlJ6Ps4#Question#Deleted%20question%20'UYrBiwlJ6Ps4'%20from%20lesson%20'X2WLKr80yyDC'
16%2F10%2F2025#15%3A45#Simjrn#HNd4GHNcbrqU#Question#Deleted%20question%20'HNd4GHNcbrqU'%20from%20lesson%20'X2WLKr80yyDC'
16%2F10%2F2025#15%3A45#Simjrn#nTmqeoZu7RUi#Question#Deleted%20question%20'nTmqeoZu7RUi'%20from%20lesson%20'X2WLKr80yyDC'
16%2F10%2F2025#15%3A45#Simjrn#ZOQoezpwIYqQ#Question#Deleted%20question%20'ZOQoezpwIYqQ'%20from%20lesson%20'X2WLKr80yyDC'
16%2F10%2F2025#15%3A45#Simjrn#vDtDo7H550lH#Skill#Updated%20skill%20'Days%20of%20the%20week'%20details
16%2F10%2F2025#15%3A17#Simjrn#000000000000#Project#Updated%20project%20metadata
16%2F10%2F2025#15%3A17#Simjrn#vDtDo7H550lH#Sentences#Updated%20sentences%20for%20skill%20'Days%20of%20the%20week'
16%2F10%2F2025#15%3A02#Simjrn#vDtDo7H550lH#Vocab#Updated%20vocabulary%20for%20skill%20'Days%20of%20the%20week'
16%2F10%2F2025#15%3A01#Simjrn#vDtDo7H550lH#Notes#Updated%20notes%20for%20skill%20'Days%20of%20the%20week'
16%2F10%2F2025#14%3A59#Simjrn#vDtDo7H550lH#Vocab#Updated%20vocabulary%20for%20skill%20'Days%20of%20the%20week'
16%2F10%2F2025#14%3A58#Simjrn#vDtDo7H550lH#Notes#Updated%20notes%20for%20skill%20'Days%20of%20the%20week'
16%2F10%2F2025#14%3A55#Simjrn#vDtDo7H550lH#Skill#Updated%20skill%20'Days%20of%20the%20week'%20details
16%2F10%2F2025#14%3A55#Simjrn#vDtDo7H550lH#Skill#Updated%20skill%20'Days%20of%20the%20week'%20details
16%2F10%2F2025#14%3A53#Simjrn#vDtDo7H550lH#Skill#Updated%20skill%20'New%20Skill'%20details
16%2F10%2F2025#14%3A53#Simjrn#vDtDo7H550lH#Skill#Updated%20skill%20'New%20Skill'%20details
16%2F10%2F2025#14%3A51#Simjrn#vDtDo7H550lH#Skill#Added%20new%20skill%20'New%20Skill'%20to%20unit%202
16%2F10%2F2025#14%3A51#Simjrn#PMNDxHTtjs7H#Sentences#Updated%20sentences%20for%20skill%20'More%20foods'
15%2F10%2F2025#17%3A16#Simjrn#000000000000#Project#Updated%20project%20metadata
15%2F10%2F2025#17%3A15#Simjrn#EadiAhQL8xg7#Question#Deleted%20question%20'EadiAhQL8xg7'%20from%20lesson%20'x5qASfddOd7Q'
15%2F10%2F2025#17%3A15#Simjrn#LFQh4CJm96wR#Question#Deleted%20question%20'LFQh4CJm96wR'%20from%20lesson%20'x5qASfddOd7Q'
15%2F10%2F2025#17%3A14#Simjrn#72JRB46ZsaiH#Question#Deleted%20question%20'72JRB46ZsaiH'%20from%20lesson%20'x5qASfddOd7Q'
15%2F10%2F2025#17%3A14#Simjrn#PLwIncO2pV3a#Question#Deleted%20question%20'PLwIncO2pV3a'%20from%20lesson%20'x5qASfddOd7Q'
15%2F10%2F2025#17%3A14#Simjrn#VLZFiHen3J1d#Question#Deleted%20question%20'VLZFiHen3J1d'%20from%20lesson%20'x5qASfddOd7Q'
15%2F10%2F2025#17%3A14#Simjrn#aDu54qWrIb63#Question#Deleted%20question%20'aDu54qWrIb63'%20from%20lesson%20'x5qASfddOd7Q'
15%2F10%2F2025#17%3A14#Simjrn#13msZxVVf2gO#Question#Deleted%20question%20'13msZxVVf2gO'%20from%20lesson%20'x5qASfddOd7Q'
15%2F10%2F2025#17%3A12#Simjrn#RB3DgveXMtYP#Question#Deleted%20question%20'RB3DgveXMtYP'%20from%20lesson%20'PpjKi6Oi39Oh'
15%2F10%2F2025#17%3A12#Simjrn#Jw9A0tQg7t6R#Question#Deleted%20question%20'Jw9A0tQg7t6R'%20from%20lesson%20'PpjKi6Oi39Oh'
15%2F10%2F2025#17%3A11#Simjrn#ZjLc0rbK0UpB#Question#Deleted%20question%20'ZjLc0rbK0UpB'%20from%20lesson%20'PpjKi6Oi39Oh'
15%2F10%2F2025#17%3A11#Simjrn#PiYieehSbXoo#Question#Deleted%20question%20'PiYieehSbXoo'%20from%20lesson%20'PpjKi6Oi39Oh'
15%2F10%2F2025#17%3A10#Simjrn#uz95j55bmZee#Question#Deleted%20question%20'uz95j55bmZee'%20from%20lesson%20'PpjKi6Oi39Oh'
15%2F10%2F2025#17%3A10#Simjrn#gMkWzKO09ARp#Question#Deleted%20question%20'gMkWzKO09ARp'%20from%20lesson%20'PpjKi6Oi39Oh'
15%2F10%2F2025#17%3A09#Simjrn#LhpP1aMv3dma#Question#Deleted%20question%20'LhpP1aMv3dma'%20from%20lesson%20'PpjKi6Oi39Oh'
15%2F10%2F2025#17%3A07#Simjrn#TstquC85GfL5#Question#Deleted%20question%20'TstquC85GfL5'%20from%20lesson%20'9ot0M2YZY0Xn'
15%2F10%2F2025#17%3A07#Simjrn#3Aoji79cItrh#Question#Deleted%20question%20'3Aoji79cItrh'%20from%20lesson%20'9ot0M2YZY0Xn'
15%2F10%2F2025#17%3A07#Simjrn#w0v96mkGWjrG#Question#Deleted%20question%20'w0v96mkGWjrG'%20from%20lesson%20'9ot0M2YZY0Xn'
15%2F10%2F2025#17%3A06#Simjrn#F4P8KxyIuGfA#Question#Deleted%20question%20'F4P8KxyIuGfA'%20from%20lesson%20'9ot0M2YZY0Xn'
15%2F10%2F2025#17%3A06#Simjrn#uhjQ7idgPY3F#Question#Deleted%20question%20'uhjQ7idgPY3F'%20from%20lesson%20'9ot0M2YZY0Xn'
15%2F10%2F2025#17%3A06#Simjrn#xfkJq5A5vrEG#Question#Deleted%20question%20'xfkJq5A5vrEG'%20from%20lesson%20'9ot0M2YZY0Xn'
15%2F10%2F2025#17%3A06#Simjrn#WwGtwEexNWTe#Question#Deleted%20question%20'WwGtwEexNWTe'%20from%20lesson%20'9ot0M2YZY0Xn'
15%2F10%2F2025#17%3A05#Simjrn#alyRXscOG2VP#Question#Deleted%20question%20'alyRXscOG2VP'%20from%20lesson%20'SaF8fUb4MpRK'
15%2F10%2F2025#17%3A05#Simjrn#G1w7l8JXvaP8#Question#Deleted%20question%20'G1w7l8JXvaP8'%20from%20lesson%20'SaF8fUb4MpRK'
15%2F10%2F2025#17%3A05#Simjrn#KUjaivMN9ZVH#Question#Deleted%20question%20'KUjaivMN9ZVH'%20from%20lesson%20'SaF8fUb4MpRK'
15%2F10%2F2025#17%3A05#Simjrn#jUbxvHTqUYwI#Question#Deleted%20question%20'jUbxvHTqUYwI'%20from%20lesson%20'SaF8fUb4MpRK'
15%2F10%2F2025#17%3A05#Simjrn#8vlhE1jINHCd#Question#Deleted%20question%20'8vlhE1jINHCd'%20from%20lesson%20'SaF8fUb4MpRK'
15%2F10%2F2025#17%3A04#Simjrn#p2Ia8P07TJ9W#Question#Deleted%20question%20'p2Ia8P07TJ9W'%20from%20lesson%20'SaF8fUb4MpRK'
15%2F10%2F2025#17%3A03#Simjrn#eIxAkCkhEXEc#Question#Deleted%20question%20'eIxAkCkhEXEc'%20from%20lesson%20'SaF8fUb4MpRK'
15%2F10%2F2025#17%3A02#Simjrn#UaPGqyKHahIt#Question#Deleted%20question%20'UaPGqyKHahIt'%20from%20lesson%20'bSD4uDm35Vns'
15%2F10%2F2025#17%3A02#Simjrn#pGMmKePABSFb#Question#Deleted%20question%20'pGMmKePABSFb'%20from%20lesson%20'bSD4uDm35Vns'
15%2F10%2F2025#17%3A02#Simjrn#Xh8hvxJKQok8#Question#Deleted%20question%20'Xh8hvxJKQok8'%20from%20lesson%20'bSD4uDm35Vns'
15%2F10%2F2025#17%3A02#Simjrn#7jJUN3tNIDCB#Question#Deleted%20question%20'7jJUN3tNIDCB'%20from%20lesson%20'bSD4uDm35Vns'
15%2F10%2F2025#17%3A01#Simjrn#gqknd29q2SW3#Question#Deleted%20question%20'gqknd29q2SW3'%20from%20lesson%20'bSD4uDm35Vns'
15%2F10%2F2025#17%3A00#Simjrn#4KfIQafNKxyZ#Question#Deleted%20question%20'4KfIQafNKxyZ'%20from%20lesson%20'bSD4uDm35Vns'
15%2F10%2F2025#17%3A00#Simjrn#bA1Cysnr2E1z#Question#Deleted%20question%20'bA1Cysnr2E1z'%20from%20lesson%20'bSD4uDm35Vns'
15%2F10%2F2025#16%3A58#Simjrn#UlBTtmioEX49#Question#Deleted%20question%20'UlBTtmioEX49'%20from%20lesson%20'bSD4uDm35Vns'
15%2F10%2F2025#16%3A55#Simjrn#5DMnwGUGNVrO#Question#Added%20new%20'ImagePick'%20question%20to%20lesson%20'RLEUQiDGJTnI'
15%2F10%2F2025#16%3A55#Simjrn#OhCcqnyinSAS#Question#Added%20new%20'FlashCard'%20question%20to%20lesson%20'RLEUQiDGJTnI'
15%2F10%2F2025#16%3A55#Simjrn#quNF9ZuGxQR3#Question#Deleted%20question%20'quNF9ZuGxQR3'%20from%20lesson%20'RLEUQiDGJTnI'
15%2F10%2F2025#16%3A55#Simjrn#BT4RJZmotvV5#Question#Deleted%20question%20'BT4RJZmotvV5'%20from%20lesson%20'RLEUQiDGJTnI'
15%2F10%2F2025#16%3A55#Simjrn#oK2MsH888yGe#Question#Deleted%20question%20'oK2MsH888yGe'%20from%20lesson%20'RLEUQiDGJTnI'
15%2F10%2F2025#16%3A54#Simjrn#2O5cYBqVHhQB#Question#Deleted%20question%20'2O5cYBqVHhQB'%20from%20lesson%20'RLEUQiDGJTnI'
15%2F10%2F2025#16%3A54#Simjrn#3Io66iKp4nOX#Question#Deleted%20question%20'3Io66iKp4nOX'%20from%20lesson%20'RLEUQiDGJTnI'
15%2F10%2F2025#16%3A54#Simjrn#Du18wDXqwCCJ#Question#Deleted%20question%20'Du18wDXqwCCJ'%20from%20lesson%20'RLEUQiDGJTnI'
15%2F10%2F2025#16%3A54#Simjrn#svCK7kyNUPSZ#Question#Deleted%20question%20'svCK7kyNUPSZ'%20from%20lesson%20'RLEUQiDGJTnI'
15%2F10%2F2025#16%3A54#Simjrn#deRNys6mr6wu#Question#Deleted%20question%20'deRNys6mr6wu'%20from%20lesson%20'RLEUQiDGJTnI'
15%2F10%2F2025#16%3A54#Simjrn#1XIOOJCO38kE#Question#Deleted%20question%20'1XIOOJCO38kE'%20from%20lesson%20'RLEUQiDGJTnI'
15%2F10%2F2025#16%3A54#Simjrn#bkvGkNLIpJvI#Question#Deleted%20question%20'bkvGkNLIpJvI'%20from%20lesson%20'RLEUQiDGJTnI'
15%2F10%2F2025#16%3A54#Simjrn#wFg1pth12Kt5#Question#Deleted%20question%20'wFg1pth12Kt5'%20from%20lesson%20'RLEUQiDGJTnI'
15%2F10%2F2025#16%3A54#Simjrn#0dg8M0GklnwA#Question#Deleted%20question%20'0dg8M0GklnwA'%20from%20lesson%20'RLEUQiDGJTnI'
15%2F10%2F2025#16%3A54#Simjrn#lDA2MjYjf7iS#Question#Deleted%20question%20'lDA2MjYjf7iS'%20from%20lesson%20'RLEUQiDGJTnI'
15%2F10%2F2025#16%3A54#Simjrn#vwukR2GH2j5W#Question#Deleted%20question%20'vwukR2GH2j5W'%20from%20lesson%20'RLEUQiDGJTnI'
15%2F10%2F2025#16%3A54#Simjrn#rkWgwhr2s4Eq#Question#Deleted%20question%20'rkWgwhr2s4Eq'%20from%20lesson%20'GnNofKGKY8Ry'
15%2F10%2F2025#16%3A54#Simjrn#pkWmPXnM7aJX#Question#Deleted%20question%20'pkWmPXnM7aJX'%20from%20lesson%20'GnNofKGKY8Ry'
15%2F10%2F2025#16%3A53#Simjrn#3Wg7EeRtpa46#Question#Deleted%20question%20'3Wg7EeRtpa46'%20from%20lesson%20'GnNofKGKY8Ry'
15%2F10%2F2025#16%3A53#Simjrn#OHsUSyNbyq6S#Question#Deleted%20question%20'OHsUSyNbyq6S'%20from%20lesson%20'GnNofKGKY8Ry'
15%2F10%2F2025#16%3A53#Simjrn#jvzUEkLLYj1m#Question#Deleted%20question%20'jvzUEkLLYj1m'%20from%20lesson%20'GnNofKGKY8Ry'
15%2F10%2F2025#16%3A53#Simjrn#RxEh5lIXQxEK#Question#Deleted%20question%20'RxEh5lIXQxEK'%20from%20lesson%20'GnNofKGKY8Ry'
15%2F10%2F2025#16%3A53#Simjrn#urZAQ3pp3ZsQ#Question#Deleted%20question%20'urZAQ3pp3ZsQ'%20from%20lesson%20'GnNofKGKY8Ry'
15%2F10%2F2025#16%3A53#Simjrn#8399Js7Dd4dY#Question#Deleted%20question%20'8399Js7Dd4dY'%20from%20lesson%20'GnNofKGKY8Ry'
15%2F10%2F2025#16%3A53#Simjrn#AmMbV6QLIa61#Question#Deleted%20question%20'AmMbV6QLIa61'%20from%20lesson%20'GnNofKGKY8Ry'
15%2F10%2F2025#16%3A53#Simjrn#qNqXHoBJHySb#Question#Deleted%20question%20'qNqXHoBJHySb'%20from%20lesson%20'GnNofKGKY8Ry'
15%2F10%2F2025#16%3A53#Simjrn#hUkQokJnmc7i#Question#Deleted%20question%20'hUkQokJnmc7i'%20from%20lesson%20'GnNofKGKY8Ry'
15%2F10%2F2025#16%3A52#Simjrn#iDTZ0V3sh1Np#Question#Deleted%20question%20'iDTZ0V3sh1Np'%20from%20lesson%20'GnNofKGKY8Ry'
15%2F10%2F2025#16%3A52#Simjrn#NMtRXpiW82yj#Question#Deleted%20question%20'NMtRXpiW82yj'%20from%20lesson%20'GnNofKGKY8Ry'
15%2F10%2F2025#16%3A52#Simjrn#1CvaY7FUQJl7#Question#Deleted%20question%20'1CvaY7FUQJl7'%20from%20lesson%20'GnNofKGKY8Ry'
15%2F10%2F2025#16%3A51#Simjrn#TVDJGmUo9UuM#Question#Deleted%20question%20'TVDJGmUo9UuM'%20from%20lesson%20'YhzSTWv5nyHY'
15%2F10%2F2025#16%3A51#Simjrn#c1936nvNaNKQ#Question#Deleted%20question%20'c1936nvNaNKQ'%20from%20lesson%20'YhzSTWv5nyHY'
15%2F10%2F2025#16%3A51#Simjrn#HZavkw287YKK#Question#Deleted%20question%20'HZavkw287YKK'%20from%20lesson%20'YhzSTWv5nyHY'
15%2F10%2F2025#16%3A50#Simjrn#IPaeXH9QKYxt#Question#Deleted%20question%20'IPaeXH9QKYxt'%20from%20lesson%20'YhzSTWv5nyHY'
15%2F10%2F2025#16%3A50#Simjrn#HplEKdbNds2c#Question#Deleted%20question%20'HplEKdbNds2c'%20from%20lesson%20'YhzSTWv5nyHY'
15%2F10%2F2025#16%3A50#Simjrn#Dj6CQeK6LGpF#Question#Deleted%20question%20'Dj6CQeK6LGpF'%20from%20lesson%20'YhzSTWv5nyHY'
15%2F10%2F2025#16%3A50#Simjrn#Q0fdMPTlfCnf#Question#Deleted%20question%20'Q0fdMPTlfCnf'%20from%20lesson%20'YhzSTWv5nyHY'
15%2F10%2F2025#16%3A50#Simjrn#UYj238wJJ7cc#Question#Deleted%20question%20'UYj238wJJ7cc'%20from%20lesson%20'YhzSTWv5nyHY'
15%2F10%2F2025#16%3A49#Simjrn#Z4cjsPgJAiz1#Question#Deleted%20question%20'Z4cjsPgJAiz1'%20from%20lesson%20'YhzSTWv5nyHY'
15%2F10%2F2025#16%3A49#Simjrn#oYnxmVnqokgj#Question#Deleted%20question%20'oYnxmVnqokgj'%20from%20lesson%20'zykw4WcB1ouZ'
15%2F10%2F2025#16%3A46#Simjrn#uOL0Gl6JMyQ1#Question#Deleted%20question%20'uOL0Gl6JMyQ1'%20from%20lesson%20'zykw4WcB1ouZ'
15%2F10%2F2025#16%3A46#Simjrn#VeUV1Jg2A7SY#Question#Deleted%20question%20'VeUV1Jg2A7SY'%20from%20lesson%20'zykw4WcB1ouZ'
15%2F10%2F2025#16%3A46#Simjrn#HtHZsOoOmPFy#Question#Deleted%20question%20'HtHZsOoOmPFy'%20from%20lesson%20'zykw4WcB1ouZ'
15%2F10%2F2025#16%3A46#Simjrn#d726F1ko6pNN#Question#Deleted%20question%20'd726F1ko6pNN'%20from%20lesson%20'zykw4WcB1ouZ'
15%2F10%2F2025#16%3A46#Simjrn#iGmCVJsoVFJ9#Question#Deleted%20question%20'iGmCVJsoVFJ9'%20from%20lesson%20'zykw4WcB1ouZ'
15%2F10%2F2025#16%3A46#Simjrn#iSZdMoDYPFGu#Question#Deleted%20question%20'iSZdMoDYPFGu'%20from%20lesson%20'zykw4WcB1ouZ'
15%2F10%2F2025#16%3A45#Simjrn#qDOT2W8n44t2#Question#Deleted%20question%20'qDOT2W8n44t2'%20from%20lesson%20'zykw4WcB1ouZ'
15%2F10%2F2025#16%3A45#Simjrn#QA15tbwXkub3#Question#Deleted%20question%20'QA15tbwXkub3'%20from%20lesson%20'zykw4WcB1ouZ'
15%2F10%2F2025#16%3A45#Simjrn#2yVOHyiOiifo#Question#Deleted%20question%20'2yVOHyiOiifo'%20from%20lesson%20'zykw4WcB1ouZ'
15%2F10%2F2025#16%3A45#Simjrn#pIiya8NS8qqn#Question#Deleted%20question%20'pIiya8NS8qqn'%20from%20lesson%20'zykw4WcB1ouZ'
15%2F10%2F2025#16%3A45#Simjrn#PMNDxHTtjs7H#Skill#Updated%20skill%20'More%20foods'%20details
14%2F10%2F2025#15%3A38#Simjrn#000000000000#Project#Updated%20project%20metadata
14%2F10%2F2025#15%3A38#Simjrn#PMNDxHTtjs7H#Sentences#Updated%20sentences%20for%20skill%20'More%20foods'
13%2F10%2F2025#16%3A07#Simjrn#000000000000#Project#Updated%20project%20metadata
13%2F10%2F2025#15%3A36#Simjrn#PMNDxHTtjs7H#Notes#Updated%20notes%20for%20skill%20'More%20foods'
13%2F10%2F2025#15%3A36#Simjrn#PMNDxHTtjs7H#Vocab#Updated%20vocabulary%20for%20skill%20'More%20foods'
13%2F10%2F2025#15%3A32#Simjrn#PMNDxHTtjs7H#Notes#Updated%20notes%20for%20skill%20'More%20foods'
13%2F10%2F2025#15%3A31#Simjrn#PMNDxHTtjs7H#Vocab#Updated%20vocabulary%20for%20skill%20'More%20foods'
13%2F10%2F2025#15%3A24#Simjrn#PMNDxHTtjs7H#Vocab#Updated%20vocabulary%20for%20skill%20'More%20foods'
13%2F10%2F2025#15%3A22#Simjrn#PMNDxHTtjs7H#Vocab#Updated%20vocabulary%20for%20skill%20'More%20foods'
13%2F10%2F2025#15%3A21#Simjrn#PMNDxHTtjs7H#Notes#Updated%20notes%20for%20skill%20'More%20foods'
13%2F10%2F2025#15%3A21#Simjrn#PMNDxHTtjs7H#Skill#Updated%20skill%20'More%20foods'%20details
13%2F10%2F2025#15%3A20#Simjrn#PMNDxHTtjs7H#Skill#Updated%20skill%20'More%20foods'%20details
13%2F10%2F2025#15%3A20#Simjrn#PMNDxHTtjs7H#Skill#Updated%20skill%20'More%20foods'%20details
13%2F10%2F2025#15%3A19#Simjrn#PMNDxHTtjs7H#Skill#Added%20new%20skill%20'New%20Skill'%20to%20unit%202
13%2F10%2F2025#15%3A19#Simjrn#000000000000#Project#Updated%20project%20metadata
13%2F10%2F2025#15%3A19#Simjrn#dnyAlc9Rv2Dj#Sentences#Updated%20sentences%20for%20skill%20'How%20long'
13%2F10%2F2025#15%3A18#Simjrn#dnyAlc9Rv2Dj#Sentences#Updated%20sentences%20for%20skill%20'How%20long'
13%2F10%2F2025#15%3A18#Simjrn#dnyAlc9Rv2Dj#Sentences#Updated%20sentences%20for%20skill%20'How%20long'
13%2F10%2F2025#15%3A17#Simjrn#dnyAlc9Rv2Dj#Sentences#Updated%20sentences%20for%20skill%20'How%20long'
12%2F10%2F2025#16%3A53#Simjrn#ZwGjw0czI6CN#Lock#Locked%20skill%20'Phonology'
12%2F10%2F2025#16%3A53#Simjrn#LMJskZwdHsKZ#Lock#Locked%20skill%20'Greetings'
12%2F10%2F2025#16%3A53#Simjrn#LMJskZwdHsKZ#Lock#Unlocked%20skill%20'Greetings'
11%2F10%2F2025#14%3A33#Simjrn#000000000000#Project#Updated%20project%20metadata
11%2F10%2F2025#14%3A33#Simjrn#lxAjPQvhwLiP#Question#Deleted%20question%20'lxAjPQvhwLiP'%20from%20lesson%20'ANJh2et4wx8C'
11%2F10%2F2025#14%3A32#Simjrn#quUUgyZ2lUgM#Question#Deleted%20question%20'quUUgyZ2lUgM'%20from%20lesson%20'ANJh2et4wx8C'
11%2F10%2F2025#14%3A32#Simjrn#AWMn72ZBdV0K#Question#Deleted%20question%20'AWMn72ZBdV0K'%20from%20lesson%20'ANJh2et4wx8C'
11%2F10%2F2025#14%3A32#Simjrn#j8AKzrxYmOtF#Question#Deleted%20question%20'j8AKzrxYmOtF'%20from%20lesson%20'ANJh2et4wx8C'
11%2F10%2F2025#14%3A32#Simjrn#g3xUbRms8kZX#Question#Deleted%20question%20'g3xUbRms8kZX'%20from%20lesson%20'ANJh2et4wx8C'
11%2F10%2F2025#14%3A31#Simjrn#xHbfq6usKKyc#Question#Deleted%20question%20'xHbfq6usKKyc'%20from%20lesson%20'ANJh2et4wx8C'
11%2F10%2F2025#14%3A31#Simjrn#bSjzTnRRNvRV#Question#Deleted%20question%20'bSjzTnRRNvRV'%20from%20lesson%20'ANJh2et4wx8C'
11%2F10%2F2025#14%3A30#Simjrn#000000000000#Project#Updated%20project%20metadata
11%2F10%2F2025#14%3A29#Simjrn#zGS4NRVkfFwc#Question#Deleted%20question%20'zGS4NRVkfFwc'%20from%20lesson%20'vORM17BbPGsU'
11%2F10%2F2025#14%3A29#Simjrn#HS0PGx3mQB69#Question#Deleted%20question%20'HS0PGx3mQB69'%20from%20lesson%20'vORM17BbPGsU'
11%2F10%2F2025#14%3A29#Simjrn#xnjMvQoyHeDZ#Question#Deleted%20question%20'xnjMvQoyHeDZ'%20from%20lesson%20'vORM17BbPGsU'
11%2F10%2F2025#14%3A28#Simjrn#tf0b2Z8GuX7n#Question#Deleted%20question%20'tf0b2Z8GuX7n'%20from%20lesson%20'vORM17BbPGsU'
11%2F10%2F2025#14%3A26#Simjrn#HSaCuUcx8hia#Question#Deleted%20question%20'HSaCuUcx8hia'%20from%20lesson%20'vORM17BbPGsU'
11%2F10%2F2025#14%3A26#Simjrn#2YBmfdn8Ofv2#Question#Deleted%20question%20'2YBmfdn8Ofv2'%20from%20lesson%20'vORM17BbPGsU'
11%2F10%2F2025#14%3A26#Simjrn#wUKsz5HXJo9S#Question#Deleted%20question%20'wUKsz5HXJo9S'%20from%20lesson%20'vORM17BbPGsU'
11%2F10%2F2025#14%3A24#Simjrn#h1e075b2JNGY#Question#Deleted%20question%20'h1e075b2JNGY'%20from%20lesson%20'tv0lnRLpVvl7'
11%2F10%2F2025#14%3A24#Simjrn#Bn1wBMBM1Ln2#Question#Deleted%20question%20'Bn1wBMBM1Ln2'%20from%20lesson%20'tv0lnRLpVvl7'
11%2F10%2F2025#14%3A21#Simjrn#KubzZbPj2F1Z#Question#Deleted%20question%20'KubzZbPj2F1Z'%20from%20lesson%20'tv0lnRLpVvl7'
11%2F10%2F2025#14%3A21#Simjrn#5NUr6oFb96pK#Question#Deleted%20question%20'5NUr6oFb96pK'%20from%20lesson%20'tv0lnRLpVvl7'
11%2F10%2F2025#14%3A19#Simjrn#sr31nPF7CWlD#Question#Deleted%20question%20'sr31nPF7CWlD'%20from%20lesson%20'tv0lnRLpVvl7'
11%2F10%2F2025#14%3A19#Simjrn#7ijsvmpjxteY#Question#Deleted%20question%20'7ijsvmpjxteY'%20from%20lesson%20'tv0lnRLpVvl7'
11%2F10%2F2025#14%3A19#Simjrn#OUI7Uh9NjBqd#Question#Deleted%20question%20'OUI7Uh9NjBqd'%20from%20lesson%20'tv0lnRLpVvl7'
11%2F10%2F2025#14%3A19#Simjrn#6UjsCoIEUYZN#Question#Deleted%20question%20'6UjsCoIEUYZN'%20from%20lesson%20'RMMRxqvgIbni'
11%2F10%2F2025#14%3A18#Simjrn#G17UA7wURd3n#Question#Deleted%20question%20'G17UA7wURd3n'%20from%20lesson%20'RMMRxqvgIbni'
11%2F10%2F2025#14%3A18#Simjrn#K8bboWHc5Pnx#Question#Deleted%20question%20'K8bboWHc5Pnx'%20from%20lesson%20'RMMRxqvgIbni'
11%2F10%2F2025#14%3A17#Simjrn#UVTfcsLSol9b#Question#Deleted%20question%20'UVTfcsLSol9b'%20from%20lesson%20'RMMRxqvgIbni'
11%2F10%2F2025#14%3A17#Simjrn#FuzvAHV6h9qW#Question#Deleted%20question%20'FuzvAHV6h9qW'%20from%20lesson%20'RMMRxqvgIbni'
11%2F10%2F2025#14%3A16#Simjrn#ryxqfXM80rly#Question#Deleted%20question%20'ryxqfXM80rly'%20from%20lesson%20'RMMRxqvgIbni'
11%2F10%2F2025#14%3A16#Simjrn#T4DckphXvzE0#Question#Deleted%20question%20'T4DckphXvzE0'%20from%20lesson%20'RMMRxqvgIbni'
11%2F10%2F2025#14%3A13#Simjrn#62UhVIxXKrGX#Question#Deleted%20question%20'62UhVIxXKrGX'%20from%20lesson%20'qZ0VaEAb2ifT'
11%2F10%2F2025#14%3A12#Simjrn#HAx3N4krg40O#Question#Deleted%20question%20'HAx3N4krg40O'%20from%20lesson%20'qZ0VaEAb2ifT'
11%2F10%2F2025#14%3A12#Simjrn#PR46eDVEqSzI#Question#Deleted%20question%20'PR46eDVEqSzI'%20from%20lesson%20'qZ0VaEAb2ifT'
11%2F10%2F2025#14%3A12#Simjrn#orZ0e2j15L9v#Question#Deleted%20question%20'orZ0e2j15L9v'%20from%20lesson%20'qZ0VaEAb2ifT'
11%2F10%2F2025#14%3A11#Simjrn#uuC5oalhnelp#Question#Deleted%20question%20'uuC5oalhnelp'%20from%20lesson%20'qZ0VaEAb2ifT'
11%2F10%2F2025#14%3A11#Simjrn#gNiXEQKQoPjE#Question#Deleted%20question%20'gNiXEQKQoPjE'%20from%20lesson%20'qZ0VaEAb2ifT'
11%2F10%2F2025#14%3A11#Simjrn#eVWoLPu2bkLT#Question#Deleted%20question%20'eVWoLPu2bkLT'%20from%20lesson%20'qZ0VaEAb2ifT'
11%2F10%2F2025#14%3A10#Simjrn#zKJcVCJg7be1#Question#Deleted%20question%20'zKJcVCJg7be1'%20from%20lesson%20'WIaIFEFqOHj0'
11%2F10%2F2025#14%3A10#Simjrn#lDKqbXF6u4do#Question#Deleted%20question%20'lDKqbXF6u4do'%20from%20lesson%20'WIaIFEFqOHj0'
11%2F10%2F2025#14%3A08#Simjrn#Crd4BxspGkZk#Question#Deleted%20question%20'Crd4BxspGkZk'%20from%20lesson%20'WIaIFEFqOHj0'
11%2F10%2F2025#14%3A08#Simjrn#eNYunKShJznI#Question#Deleted%20question%20'eNYunKShJznI'%20from%20lesson%20'WIaIFEFqOHj0'
11%2F10%2F2025#14%3A06#Simjrn#v2ASodevNnVO#Question#Deleted%20question%20'v2ASodevNnVO'%20from%20lesson%20'WIaIFEFqOHj0'
11%2F10%2F2025#14%3A06#Simjrn#1ljsBs1qb5n6#Question#Deleted%20question%20'1ljsBs1qb5n6'%20from%20lesson%20'WIaIFEFqOHj0'
11%2F10%2F2025#14%3A05#Simjrn#JB3Ur1Z2Ilfw#Question#Deleted%20question%20'JB3Ur1Z2Ilfw'%20from%20lesson%20'WIaIFEFqOHj0'
11%2F10%2F2025#14%3A05#Simjrn#RK6bNhwJWSyb#Question#Deleted%20question%20'RK6bNhwJWSyb'%20from%20lesson%20'eSJiOvcCe4Pq'
11%2F10%2F2025#14%3A05#Simjrn#0Fx9O0ssRa2o#Question#Deleted%20question%20'0Fx9O0ssRa2o'%20from%20lesson%20'eSJiOvcCe4Pq'
11%2F10%2F2025#14%3A05#Simjrn#HumEGb4EbixI#Question#Deleted%20question%20'HumEGb4EbixI'%20from%20lesson%20'eSJiOvcCe4Pq'
11%2F10%2F2025#14%3A03#Simjrn#vT7DN6ONUMWz#Question#Deleted%20question%20'vT7DN6ONUMWz'%20from%20lesson%20'eSJiOvcCe4Pq'
11%2F10%2F2025#14%3A03#Simjrn#g3rJhXUTOHay#Question#Deleted%20question%20'g3rJhXUTOHay'%20from%20lesson%20'eSJiOvcCe4Pq'
11%2F10%2F2025#14%3A03#Simjrn#hTFjraa8vRhB#Question#Deleted%20question%20'hTFjraa8vRhB'%20from%20lesson%20'eSJiOvcCe4Pq'
11%2F10%2F2025#14%3A03#Simjrn#1IaJuGQObvFI#Question#Deleted%20question%20'1IaJuGQObvFI'%20from%20lesson%20'eSJiOvcCe4Pq'
11%2F10%2F2025#14%3A01#Simjrn#XsM9GVXTeBMs#Question#Deleted%20question%20'XsM9GVXTeBMs'%20from%20lesson%20'eSJiOvcCe4Pq'
11%2F10%2F2025#14%3A01#Simjrn#A2erm8ZWKjfU#Question#Deleted%20question%20'A2erm8ZWKjfU'%20from%20lesson%20'LbTbuN5rKywQ'
11%2F10%2F2025#14%3A00#Simjrn#4X6KKmczfEIj#Question#Deleted%20question%20'4X6KKmczfEIj'%20from%20lesson%20'LbTbuN5rKywQ'
11%2F10%2F2025#14%3A00#Simjrn#c34HlYVfofTg#Question#Deleted%20question%20'c34HlYVfofTg'%20from%20lesson%20'LbTbuN5rKywQ'
11%2F10%2F2025#13%3A58#Simjrn#OCEMLjzGMhJ7#Question#Deleted%20question%20'OCEMLjzGMhJ7'%20from%20lesson%20'LbTbuN5rKywQ'
11%2F10%2F2025#13%3A58#Simjrn#dx41hNG7R4kW#Question#Deleted%20question%20'dx41hNG7R4kW'%20from%20lesson%20'LbTbuN5rKywQ'
11%2F10%2F2025#13%3A58#Simjrn#IbxwUmX20q0I#Question#Deleted%20question%20'IbxwUmX20q0I'%20from%20lesson%20'LbTbuN5rKywQ'
11%2F10%2F2025#13%3A58#Simjrn#lIoCdanRQ0Ta#Question#Deleted%20question%20'lIoCdanRQ0Ta'%20from%20lesson%20'LbTbuN5rKywQ'
11%2F10%2F2025#13%3A57#Simjrn#FJXakQfAMI48#Question#Deleted%20question%20'FJXakQfAMI48'%20from%20lesson%20'LbTbuN5rKywQ'
11%2F10%2F2025#13%3A57#Simjrn#LPiOcfUD2TsX#Question#Deleted%20question%20'LPiOcfUD2TsX'%20from%20lesson%20'chSiERi04rlM'
11%2F10%2F2025#13%3A55#Simjrn#3NBhQD26FKzQ#Question#Deleted%20question%20'3NBhQD26FKzQ'%20from%20lesson%20'chSiERi04rlM'
11%2F10%2F2025#13%3A55#Simjrn#PsGgjfUHDmL2#Question#Deleted%20question%20'PsGgjfUHDmL2'%20from%20lesson%20'chSiERi04rlM'
11%2F10%2F2025#13%3A55#Simjrn#N4vyc4GOYyg3#Question#Deleted%20question%20'N4vyc4GOYyg3'%20from%20lesson%20'chSiERi04rlM'
11%2F10%2F2025#13%3A54#Simjrn#Lxt47mPZ884Z#Question#Deleted%20question%20'Lxt47mPZ884Z'%20from%20lesson%20'chSiERi04rlM'
11%2F10%2F2025#13%3A54#Simjrn#ycVSMIEKRwYM#Question#Deleted%20question%20'ycVSMIEKRwYM'%20from%20lesson%20'chSiERi04rlM'
11%2F10%2F2025#13%3A54#Simjrn#IRZYSkXbkMZI#Question#Deleted%20question%20'IRZYSkXbkMZI'%20from%20lesson%20'chSiERi04rlM'
11%2F10%2F2025#13%3A54#Simjrn#Z7iNO1LGDmcP#Question#Deleted%20question%20'Z7iNO1LGDmcP'%20from%20lesson%20'chSiERi04rlM'
11%2F10%2F2025#13%3A52#Simjrn#I36EYPsUF7vD#Question#Deleted%20question%20'I36EYPsUF7vD'%20from%20lesson%20'chSiERi04rlM'
11%2F10%2F2025#13%3A48#Simjrn#RAFgszsHVAmv#Question#Deleted%20question%20'RAFgszsHVAmv'%20from%20lesson%20'cVYxj5ko0gnZ'
11%2F10%2F2025#13%3A48#Simjrn#TklL5uIUm35X#Question#Deleted%20question%20'TklL5uIUm35X'%20from%20lesson%20'cVYxj5ko0gnZ'
11%2F10%2F2025#13%3A48#Simjrn#XVuRXkfIoiLc#Question#Deleted%20question%20'XVuRXkfIoiLc'%20from%20lesson%20'cVYxj5ko0gnZ'
11%2F10%2F2025#13%3A48#Simjrn#G7796wyCGf8X#Question#Deleted%20question%20'G7796wyCGf8X'%20from%20lesson%20'cVYxj5ko0gnZ'
11%2F10%2F2025#13%3A48#Simjrn#ghntUJ7a0uAR#Question#Deleted%20question%20'ghntUJ7a0uAR'%20from%20lesson%20'cVYxj5ko0gnZ'
11%2F10%2F2025#13%3A48#Simjrn#8BT5C1Z3GQvW#Question#Deleted%20question%20'8BT5C1Z3GQvW'%20from%20lesson%20'cVYxj5ko0gnZ'
11%2F10%2F2025#13%3A48#Simjrn#ooNHVaHuavtc#Question#Deleted%20question%20'ooNHVaHuavtc'%20from%20lesson%20'cVYxj5ko0gnZ'
11%2F10%2F2025#13%3A48#Simjrn#gJYEPIwpxHNR#Question#Deleted%20question%20'gJYEPIwpxHNR'%20from%20lesson%20'cVYxj5ko0gnZ'
11%2F10%2F2025#13%3A48#Simjrn#n26oQNCNmmLr#Question#Deleted%20question%20'n26oQNCNmmLr'%20from%20lesson%20'cVYxj5ko0gnZ'
11%2F10%2F2025#13%3A47#Simjrn#XSbWIOVorKZf#Question#Deleted%20question%20'XSbWIOVorKZf'%20from%20lesson%20'cVYxj5ko0gnZ'
11%2F10%2F2025#13%3A47#Simjrn#dOptK2OyDebw#Question#Deleted%20question%20'dOptK2OyDebw'%20from%20lesson%20'cVYxj5ko0gnZ'
11%2F10%2F2025#13%3A47#Simjrn#8FvdPo63BBFn#Question#Deleted%20question%20'8FvdPo63BBFn'%20from%20lesson%20'cVYxj5ko0gnZ'
11%2F10%2F2025#13%3A47#Simjrn#PNDbKiny40Zy#Question#Deleted%20question%20'PNDbKiny40Zy'%20from%20lesson%20'cVYxj5ko0gnZ'
11%2F10%2F2025#13%3A47#Simjrn#YCst6YKNKBSH#Question#Deleted%20question%20'YCst6YKNKBSH'%20from%20lesson%20'cVYxj5ko0gnZ'
10%2F10%2F2025#17%3A42#Simjrn#000000000000#Project#Updated%20project%20metadata
10%2F10%2F2025#17%3A39#Simjrn#GXaAGoglQFkr#Question#Deleted%20question%20'GXaAGoglQFkr'%20from%20lesson%20'd6HlmFqiFHF5'
10%2F10%2F2025#17%3A39#Simjrn#VT6dk1DuQwLz#Question#Deleted%20question%20'VT6dk1DuQwLz'%20from%20lesson%20'd6HlmFqiFHF5'
10%2F10%2F2025#17%3A39#Simjrn#510NBnBwJ2rs#Question#Deleted%20question%20'510NBnBwJ2rs'%20from%20lesson%20'd6HlmFqiFHF5'
10%2F10%2F2025#17%3A39#Simjrn#S0P3s0GilZnA#Question#Deleted%20question%20'S0P3s0GilZnA'%20from%20lesson%20'd6HlmFqiFHF5'
10%2F10%2F2025#17%3A39#Simjrn#hZucDpQj646l#Question#Deleted%20question%20'hZucDpQj646l'%20from%20lesson%20'd6HlmFqiFHF5'
10%2F10%2F2025#17%3A39#Simjrn#07lmLCh1e2kr#Question#Deleted%20question%20'07lmLCh1e2kr'%20from%20lesson%20'd6HlmFqiFHF5'
10%2F10%2F2025#17%3A39#Simjrn#TwRKyIktpvWL#Question#Deleted%20question%20'TwRKyIktpvWL'%20from%20lesson%20'd6HlmFqiFHF5'
10%2F10%2F2025#17%3A39#Simjrn#yd80VYUy8svm#Question#Deleted%20question%20'yd80VYUy8svm'%20from%20lesson%20'd6HlmFqiFHF5'
10%2F10%2F2025#17%3A39#Simjrn#FVrZp0YMTb2u#Question#Deleted%20question%20'FVrZp0YMTb2u'%20from%20lesson%20'd6HlmFqiFHF5'
10%2F10%2F2025#17%3A38#Simjrn#EGJ2sadkGCcM#Question#Deleted%20question%20'EGJ2sadkGCcM'%20from%20lesson%20'd6HlmFqiFHF5'
10%2F10%2F2025#17%3A38#Simjrn#W2oce7hgb6Ms#Question#Deleted%20question%20'W2oce7hgb6Ms'%20from%20lesson%20'd6HlmFqiFHF5'
10%2F10%2F2025#17%3A38#Simjrn#5e8cvzSHHN2g#Question#Deleted%20question%20'5e8cvzSHHN2g'%20from%20lesson%20'd6HlmFqiFHF5'
10%2F10%2F2025#17%3A38#Simjrn#oyk0oHLwCQtk#Question#Deleted%20question%20'oyk0oHLwCQtk'%20from%20lesson%20'd6HlmFqiFHF5'
10%2F10%2F2025#17%3A38#Simjrn#N0UnEVlXQvv9#Question#Deleted%20question%20'N0UnEVlXQvv9'%20from%20lesson%20'd6HlmFqiFHF5'
10%2F10%2F2025#17%3A37#Simjrn#ePpqbaFUg3KU#Question#Deleted%20question%20'ePpqbaFUg3KU'%20from%20lesson%20'4S4VEMAeoIBm'
10%2F10%2F2025#17%3A37#Simjrn#uIXLsSrV9Ofn#Question#Deleted%20question%20'uIXLsSrV9Ofn'%20from%20lesson%20'4S4VEMAeoIBm'
10%2F10%2F2025#17%3A36#Simjrn#OE9vhxTYseWd#Question#Deleted%20question%20'OE9vhxTYseWd'%20from%20lesson%20'4S4VEMAeoIBm'
10%2F10%2F2025#17%3A36#Simjrn#UPQv2CpOwEMv#Question#Deleted%20question%20'UPQv2CpOwEMv'%20from%20lesson%20'4S4VEMAeoIBm'
10%2F10%2F2025#17%3A36#Simjrn#u7EHabSW1hOb#Question#Deleted%20question%20'u7EHabSW1hOb'%20from%20lesson%20'4S4VEMAeoIBm'
10%2F10%2F2025#17%3A36#Simjrn#TCHiSbLmfl7m#Question#Deleted%20question%20'TCHiSbLmfl7m'%20from%20lesson%20'4S4VEMAeoIBm'
10%2F10%2F2025#17%3A36#Simjrn#ERID24r20doB#Question#Deleted%20question%20'ERID24r20doB'%20from%20lesson%20'4S4VEMAeoIBm'
10%2F10%2F2025#17%3A36#Simjrn#O92LKVmf0gpb#Question#Deleted%20question%20'O92LKVmf0gpb'%20from%20lesson%20'4S4VEMAeoIBm'
10%2F10%2F2025#17%3A36#Simjrn#8y2zpRMku07F#Question#Deleted%20question%20'8y2zpRMku07F'%20from%20lesson%20'4S4VEMAeoIBm'
10%2F10%2F2025#17%3A36#Simjrn#wGl408j9NBM0#Question#Deleted%20question%20'wGl408j9NBM0'%20from%20lesson%20'4S4VEMAeoIBm'
10%2F10%2F2025#17%3A36#Simjrn#Ya4BPE0Z69Sw#Question#Deleted%20question%20'Ya4BPE0Z69Sw'%20from%20lesson%20'4S4VEMAeoIBm'
10%2F10%2F2025#17%3A36#Simjrn#0jme0WRmaIZm#Question#Deleted%20question%20'0jme0WRmaIZm'%20from%20lesson%20'4S4VEMAeoIBm'
10%2F10%2F2025#17%3A35#Simjrn#9z4JmhHMOvP7#Question#Deleted%20question%20'9z4JmhHMOvP7'%20from%20lesson%20'4S4VEMAeoIBm'
10%2F10%2F2025#17%3A34#Simjrn#G9raaJ9i7zDO#Question#Deleted%20question%20'G9raaJ9i7zDO'%20from%20lesson%20'4S4VEMAeoIBm'
10%2F10%2F2025#17%3A34#Simjrn#R3MMSLrlUq07#Question#Deleted%20question%20'R3MMSLrlUq07'%20from%20lesson%20'9m5phSBC1w49'
10%2F10%2F2025#17%3A33#Simjrn#arUyHB0tvSib#Question#Deleted%20question%20'arUyHB0tvSib'%20from%20lesson%20'9m5phSBC1w49'
10%2F10%2F2025#17%3A33#Simjrn#KUK8KBQVfjy8#Question#Deleted%20question%20'KUK8KBQVfjy8'%20from%20lesson%20'9m5phSBC1w49'
10%2F10%2F2025#17%3A33#Simjrn#DOnWAaQ2zNBL#Question#Deleted%20question%20'DOnWAaQ2zNBL'%20from%20lesson%20'9m5phSBC1w49'
10%2F10%2F2025#17%3A32#Simjrn#OKi70FP1daej#Question#Deleted%20question%20'OKi70FP1daej'%20from%20lesson%20'9m5phSBC1w49'
10%2F10%2F2025#17%3A32#Simjrn#9AqoVpRIM3mY#Question#Deleted%20question%20'9AqoVpRIM3mY'%20from%20lesson%20'9m5phSBC1w49'
10%2F10%2F2025#17%3A32#Simjrn#kACdZoBotahs#Question#Deleted%20question%20'kACdZoBotahs'%20from%20lesson%20'9m5phSBC1w49'
10%2F10%2F2025#17%3A31#Simjrn#asl7igomFoCk#Question#Deleted%20question%20'asl7igomFoCk'%20from%20lesson%20'9m5phSBC1w49'
10%2F10%2F2025#17%3A31#Simjrn#4MSGq9oae1Xf#Question#Deleted%20question%20'4MSGq9oae1Xf'%20from%20lesson%20'9m5phSBC1w49'
10%2F10%2F2025#17%3A31#Simjrn#bNgbvyXQU7Z1#Question#Deleted%20question%20'bNgbvyXQU7Z1'%20from%20lesson%20'9m5phSBC1w49'
10%2F10%2F2025#17%3A31#Simjrn#RvEOZ8gicUVF#Question#Deleted%20question%20'RvEOZ8gicUVF'%20from%20lesson%20'9m5phSBC1w49'
10%2F10%2F2025#17%3A31#Simjrn#jPg8L2fDKZMB#Question#Deleted%20question%20'jPg8L2fDKZMB'%20from%20lesson%20'9m5phSBC1w49'
10%2F10%2F2025#17%3A31#Simjrn#P2Vo9e7fdHyI#Question#Deleted%20question%20'P2Vo9e7fdHyI'%20from%20lesson%20'9m5phSBC1w49'
10%2F10%2F2025#17%3A31#Simjrn#L9FbkTnyqlMV#Question#Deleted%20question%20'L9FbkTnyqlMV'%20from%20lesson%20'ECdeX814Hd2w'
10%2F10%2F2025#17%3A31#Simjrn#Vaep69IErol9#Question#Deleted%20question%20'Vaep69IErol9'%20from%20lesson%20'ECdeX814Hd2w'
10%2F10%2F2025#17%3A31#Simjrn#AwlAVmVQq6s7#Question#Deleted%20question%20'AwlAVmVQq6s7'%20from%20lesson%20'ECdeX814Hd2w'
10%2F10%2F2025#17%3A31#Simjrn#sNkfxWtM4504#Question#Deleted%20question%20'sNkfxWtM4504'%20from%20lesson%20'ECdeX814Hd2w'
10%2F10%2F2025#17%3A31#Simjrn#LBaN3aCboCQc#Question#Deleted%20question%20'LBaN3aCboCQc'%20from%20lesson%20'ECdeX814Hd2w'
10%2F10%2F2025#17%3A31#Simjrn#tK7WNTvxPtNo#Question#Deleted%20question%20'tK7WNTvxPtNo'%20from%20lesson%20'ECdeX814Hd2w'
10%2F10%2F2025#17%3A31#Simjrn#DIPqOc8tB5r4#Question#Deleted%20question%20'DIPqOc8tB5r4'%20from%20lesson%20'ECdeX814Hd2w'
10%2F10%2F2025#17%3A31#Simjrn#Ly7GylhWG5fT#Question#Deleted%20question%20'Ly7GylhWG5fT'%20from%20lesson%20'ECdeX814Hd2w'
10%2F10%2F2025#17%3A31#Simjrn#boIA3r3Xw6u2#Question#Deleted%20question%20'boIA3r3Xw6u2'%20from%20lesson%20'ECdeX814Hd2w'
10%2F10%2F2025#17%3A30#Simjrn#woIU27tKrhIx#Question#Deleted%20question%20'woIU27tKrhIx'%20from%20lesson%20'ECdeX814Hd2w'
10%2F10%2F2025#17%3A30#Simjrn#G56eiyw5pDI9#Question#Deleted%20question%20'G56eiyw5pDI9'%20from%20lesson%20'ECdeX814Hd2w'
10%2F10%2F2025#17%3A30#Simjrn#qjT2AaLFWmon#Question#Deleted%20question%20'qjT2AaLFWmon'%20from%20lesson%20'ECdeX814Hd2w'
10%2F10%2F2025#17%3A30#Simjrn#Xtf396EgCHuL#Question#Deleted%20question%20'Xtf396EgCHuL'%20from%20lesson%20'ECdeX814Hd2w'
10%2F10%2F2025#17%3A30#Simjrn#y4UuDXEkNiRr#Question#Deleted%20question%20'y4UuDXEkNiRr'%20from%20lesson%20'ysryBOcRQLZE'
10%2F10%2F2025#17%3A30#Simjrn#D1jbUVuuUjXe#Question#Deleted%20question%20'D1jbUVuuUjXe'%20from%20lesson%20'ysryBOcRQLZE'
10%2F10%2F2025#17%3A30#Simjrn#fW2greYuoFmb#Question#Deleted%20question%20'fW2greYuoFmb'%20from%20lesson%20'ysryBOcRQLZE'
10%2F10%2F2025#17%3A29#Simjrn#xLaU4n7BLJDU#Question#Deleted%20question%20'xLaU4n7BLJDU'%20from%20lesson%20'ysryBOcRQLZE'
10%2F10%2F2025#17%3A29#Simjrn#1Opm7hs94trE#Question#Deleted%20question%20'1Opm7hs94trE'%20from%20lesson%20'ysryBOcRQLZE'
10%2F10%2F2025#17%3A29#Simjrn#YLjsSq1ojlyv#Question#Deleted%20question%20'YLjsSq1ojlyv'%20from%20lesson%20'ysryBOcRQLZE'
10%2F10%2F2025#17%3A29#Simjrn#zcxa6CQlnXlY#Question#Deleted%20question%20'zcxa6CQlnXlY'%20from%20lesson%20'ysryBOcRQLZE'
10%2F10%2F2025#17%3A29#Simjrn#daCm8sC4ZsJJ#Question#Deleted%20question%20'daCm8sC4ZsJJ'%20from%20lesson%20'ysryBOcRQLZE'
10%2F10%2F2025#17%3A29#Simjrn#kifNk53SGmoM#Question#Deleted%20question%20'kifNk53SGmoM'%20from%20lesson%20'ysryBOcRQLZE'
10%2F10%2F2025#17%3A29#Simjrn#Tt1HecXVJlj3#Question#Deleted%20question%20'Tt1HecXVJlj3'%20from%20lesson%20'ysryBOcRQLZE'
10%2F10%2F2025#17%3A29#Simjrn#rXYeYlDFbaY1#Question#Deleted%20question%20'rXYeYlDFbaY1'%20from%20lesson%20'ysryBOcRQLZE'
10%2F10%2F2025#17%3A29#Simjrn#1oe3rl4PLe5B#Question#Deleted%20question%20'1oe3rl4PLe5B'%20from%20lesson%20'ysryBOcRQLZE'
10%2F10%2F2025#17%3A29#Simjrn#RLct56rqtUE0#Question#Deleted%20question%20'RLct56rqtUE0'%20from%20lesson%20'ysryBOcRQLZE'
10%2F10%2F2025#17%3A29#Simjrn#dnyAlc9Rv2Dj#Skill#Updated%20skill%20'How%20long'%20details
05%2F10%2F2025#18%3A49#Simjrn#000000000000#Project#Updated%20project%20metadata
05%2F10%2F2025#18%3A49#Simjrn#dnyAlc9Rv2Dj#Sentences#Updated%20sentences%20for%20skill%20'How%20long'
05%2F10%2F2025#15%3A31#Simjrn#000000000000#Project#Updated%20project%20metadata
05%2F10%2F2025#15%3A31#Simjrn#dqgfLiYs8jaW#Vocab#Updated%20vocabulary%20for%20skill%20'Countries'
05%2F10%2F2025#15%3A31#Simjrn#000000000000#Project#Updated%20project%20metadata
05%2F10%2F2025#15%3A31#Simjrn#dnyAlc9Rv2Dj#Skill#Updated%20skill%20'How%20long'%20details
05%2F10%2F2025#15%3A25#Simjrn#dnyAlc9Rv2Dj#Vocab#Updated%20vocabulary%20for%20skill%20'How%20long'
05%2F10%2F2025#15%3A21#Simjrn#dnyAlc9Rv2Dj#Notes#Updated%20notes%20for%20skill%20'How%20long'
05%2F10%2F2025#15%3A19#Simjrn#dnyAlc9Rv2Dj#Skill#Updated%20skill%20'How%20long'%20details
05%2F10%2F2025#15%3A19#Simjrn#dnyAlc9Rv2Dj#Skill#Updated%20skill%20'How%20long'%20details
05%2F10%2F2025#15%3A19#Simjrn#dnyAlc9Rv2Dj#Skill#Updated%20skill%20'How%20long'%20details
05%2F10%2F2025#15%3A19#Simjrn#dnyAlc9Rv2Dj#Notes#Updated%20notes%20for%20skill%20'New%20Skill'
05%2F10%2F2025#15%3A19#Simjrn#7IgXpXh02gde#Notes#Updated%20notes%20for%20skill%20'Conjunctions'
05%2F10%2F2025#15%3A18#Simjrn#dnyAlc9Rv2Dj#Skill#Added%20new%20skill%20'New%20Skill'%20to%20unit%202
05%2F10%2F2025#15%3A14#Simjrn#000000000000#Project#Updated%20project%20metadata
05%2F10%2F2025#15%3A14#Simjrn#7IgXpXh02gde#Sentences#Updated%20sentences%20for%20skill%20'Conjunctions'
05%2F10%2F2025#15%3A12#Simjrn#BsWz9Ct2apFd#Question#Deleted%20question%20'BsWz9Ct2apFd'%20from%20lesson%20'wkH4XrQ32FEY'
05%2F10%2F2025#15%3A12#Simjrn#TLdDITKYJqjW#Question#Deleted%20question%20'TLdDITKYJqjW'%20from%20lesson%20'wkH4XrQ32FEY'
05%2F10%2F2025#15%3A11#Simjrn#xUFnuHGS4b9M#Question#Deleted%20question%20'xUFnuHGS4b9M'%20from%20lesson%20'wkH4XrQ32FEY'
05%2F10%2F2025#15%3A11#Simjrn#q4bxDrmU4Sj8#Question#Deleted%20question%20'q4bxDrmU4Sj8'%20from%20lesson%20'wkH4XrQ32FEY'
05%2F10%2F2025#15%3A09#Simjrn#yR5DONvDnHbW#Question#Deleted%20question%20'yR5DONvDnHbW'%20from%20lesson%20'wkH4XrQ32FEY'
05%2F10%2F2025#15%3A09#Simjrn#KcY0Da9Av8iO#Question#Deleted%20question%20'KcY0Da9Av8iO'%20from%20lesson%20'wkH4XrQ32FEY'
05%2F10%2F2025#15%3A09#Simjrn#jgBlnR3RICTv#Question#Deleted%20question%20'jgBlnR3RICTv'%20from%20lesson%20'wkH4XrQ32FEY'
05%2F10%2F2025#15%3A08#Simjrn#huQa2IncQBT0#Question#Deleted%20question%20'huQa2IncQBT0'%20from%20lesson%20'FX9uvMT4029R'
05%2F10%2F2025#15%3A08#Simjrn#22pVDJptIILY#Question#Deleted%20question%20'22pVDJptIILY'%20from%20lesson%20'FX9uvMT4029R'
05%2F10%2F2025#15%3A08#Simjrn#T7vf9t0lzmz7#Question#Deleted%20question%20'T7vf9t0lzmz7'%20from%20lesson%20'FX9uvMT4029R'
05%2F10%2F2025#15%3A08#Simjrn#ykM9O1vPINmD#Question#Deleted%20question%20'ykM9O1vPINmD'%20from%20lesson%20'FX9uvMT4029R'
05%2F10%2F2025#15%3A08#Simjrn#l7toX9GakEU5#Question#Deleted%20question%20'l7toX9GakEU5'%20from%20lesson%20'FX9uvMT4029R'
05%2F10%2F2025#15%3A08#Simjrn#U4ANryfhHwWz#Question#Deleted%20question%20'U4ANryfhHwWz'%20from%20lesson%20'FX9uvMT4029R'
05%2F10%2F2025#15%3A08#Simjrn#X7Ak683JTwWu#Question#Deleted%20question%20'X7Ak683JTwWu'%20from%20lesson%20'FX9uvMT4029R'
05%2F10%2F2025#15%3A06#Simjrn#Yj1RcXuz6Gw0#Question#Deleted%20question%20'Yj1RcXuz6Gw0'%20from%20lesson%20'Eow6JNaD784q'
05%2F10%2F2025#15%3A06#Simjrn#H59JAVzxfCKS#Question#Deleted%20question%20'H59JAVzxfCKS'%20from%20lesson%20'Eow6JNaD784q'
05%2F10%2F2025#15%3A05#Simjrn#YDjn8I7FIeM2#Question#Deleted%20question%20'YDjn8I7FIeM2'%20from%20lesson%20'Eow6JNaD784q'
05%2F10%2F2025#15%3A05#Simjrn#jBCESKEIHB07#Question#Deleted%20question%20'jBCESKEIHB07'%20from%20lesson%20'Eow6JNaD784q'
05%2F10%2F2025#15%3A05#Simjrn#bJQCEzzKWiqE#Question#Deleted%20question%20'bJQCEzzKWiqE'%20from%20lesson%20'Eow6JNaD784q'
05%2F10%2F2025#15%3A05#Simjrn#TLfQWysAPrks#Question#Deleted%20question%20'TLfQWysAPrks'%20from%20lesson%20'Eow6JNaD784q'
05%2F10%2F2025#15%3A05#Simjrn#OwxbtJOSn0Qm#Question#Deleted%20question%20'OwxbtJOSn0Qm'%20from%20lesson%20'Eow6JNaD784q'
05%2F10%2F2025#15%3A05#Simjrn#HMhjLdAUcwFi#Question#Deleted%20question%20'HMhjLdAUcwFi'%20from%20lesson%20'Eow6JNaD784q'
05%2F10%2F2025#15%3A04#Simjrn#LKo6CE8gbdZS#Question#Deleted%20question%20'LKo6CE8gbdZS'%20from%20lesson%20'nBJg1gb6XOFx'
05%2F10%2F2025#15%3A04#Simjrn#1dPsEp5GRzkm#Question#Deleted%20question%20'1dPsEp5GRzkm'%20from%20lesson%20'nBJg1gb6XOFx'
05%2F10%2F2025#15%3A04#Simjrn#b9yNkkjRggzd#Question#Deleted%20question%20'b9yNkkjRggzd'%20from%20lesson%20'nBJg1gb6XOFx'
05%2F10%2F2025#15%3A04#Simjrn#yEZ2gVrUMJj3#Question#Deleted%20question%20'yEZ2gVrUMJj3'%20from%20lesson%20'nBJg1gb6XOFx'
05%2F10%2F2025#15%3A04#Simjrn#vDskTmb74pBa#Question#Deleted%20question%20'vDskTmb74pBa'%20from%20lesson%20'nBJg1gb6XOFx'
05%2F10%2F2025#15%3A04#Simjrn#8pCTiZ9wkJkW#Question#Deleted%20question%20'8pCTiZ9wkJkW'%20from%20lesson%20'nBJg1gb6XOFx'
05%2F10%2F2025#15%3A03#Simjrn#nlmX6XjxWr6R#Question#Deleted%20question%20'nlmX6XjxWr6R'%20from%20lesson%20'nBJg1gb6XOFx'
05%2F10%2F2025#15%3A03#Simjrn#IUhCehKLRJqG#Question#Deleted%20question%20'IUhCehKLRJqG'%20from%20lesson%20'nBJg1gb6XOFx'
05%2F10%2F2025#15%3A03#Simjrn#bBlnfzqX6UXs#Question#Deleted%20question%20'bBlnfzqX6UXs'%20from%20lesson%20'nBJg1gb6XOFx'
05%2F10%2F2025#15%3A03#Simjrn#JytfYlnX0kri#Question#Deleted%20question%20'JytfYlnX0kri'%20from%20lesson%20'nBJg1gb6XOFx'
05%2F10%2F2025#15%3A03#Simjrn#wkSBY756fAOa#Question#Deleted%20question%20'wkSBY756fAOa'%20from%20lesson%20'nBJg1gb6XOFx'
05%2F10%2F2025#15%3A03#Simjrn#UKNLpYqJiIzX#Question#Deleted%20question%20'UKNLpYqJiIzX'%20from%20lesson%20'nBJg1gb6XOFx'
05%2F10%2F2025#15%3A03#Simjrn#cmftiGEGhwtg#Question#Deleted%20question%20'cmftiGEGhwtg'%20from%20lesson%20'nBJg1gb6XOFx'
05%2F10%2F2025#15%3A03#Simjrn#jcOTMfJHEm5D#Question#Deleted%20question%20'jcOTMfJHEm5D'%20from%20lesson%20'nBJg1gb6XOFx'
05%2F10%2F2025#15%3A03#Simjrn#4YIYV4B6gpl0#Question#Deleted%20question%20'4YIYV4B6gpl0'%20from%20lesson%20'nBJg1gb6XOFx'
05%2F10%2F2025#15%3A03#Simjrn#fkR1JqTPpvrT#Question#Deleted%20question%20'fkR1JqTPpvrT'%20from%20lesson%20'a0IIBFES77j2'
05%2F10%2F2025#15%3A03#Simjrn#fmzoyhiXGAcp#Question#Deleted%20question%20'fmzoyhiXGAcp'%20from%20lesson%20'a0IIBFES77j2'
05%2F10%2F2025#15%3A02#Simjrn#3uk9VxtAeJGX#Question#Deleted%20question%20'3uk9VxtAeJGX'%20from%20lesson%20'a0IIBFES77j2'
05%2F10%2F2025#15%3A02#Simjrn#qkDuGkxGH3WC#Question#Deleted%20question%20'qkDuGkxGH3WC'%20from%20lesson%20'a0IIBFES77j2'
05%2F10%2F2025#15%3A02#Simjrn#AVwnSu0wIo2L#Question#Deleted%20question%20'AVwnSu0wIo2L'%20from%20lesson%20'a0IIBFES77j2'
05%2F10%2F2025#15%3A02#Simjrn#j0oWw3oAzV6z#Question#Deleted%20question%20'j0oWw3oAzV6z'%20from%20lesson%20'a0IIBFES77j2'
05%2F10%2F2025#15%3A02#Simjrn#1ic2MtUXYus1#Question#Deleted%20question%20'1ic2MtUXYus1'%20from%20lesson%20'a0IIBFES77j2'
05%2F10%2F2025#15%3A02#Simjrn#17nOOfDoG1IN#Question#Deleted%20question%20'17nOOfDoG1IN'%20from%20lesson%20'a0IIBFES77j2'
05%2F10%2F2025#15%3A02#Simjrn#caL7No5J8Rse#Question#Deleted%20question%20'caL7No5J8Rse'%20from%20lesson%20'a0IIBFES77j2'
05%2F10%2F2025#15%3A01#Simjrn#2C7yIsXHl4Ah#Question#Deleted%20question%20'2C7yIsXHl4Ah'%20from%20lesson%20'a0IIBFES77j2'
05%2F10%2F2025#15%3A01#Simjrn#0Km5Tt1wVOYg#Question#Deleted%20question%20'0Km5Tt1wVOYg'%20from%20lesson%20'a0IIBFES77j2'
05%2F10%2F2025#15%3A01#Simjrn#At1ctcvtD5KD#Question#Deleted%20question%20'At1ctcvtD5KD'%20from%20lesson%20'a0IIBFES77j2'
05%2F10%2F2025#15%3A01#Simjrn#a9G2omLck2sa#Question#Deleted%20question%20'a9G2omLck2sa'%20from%20lesson%20'a0IIBFES77j2'
05%2F10%2F2025#15%3A01#Simjrn#7IgXpXh02gde#Skill#Updated%20skill%20'Conjunctions'%20details
05%2F10%2F2025#14%3A59#Simjrn#000000000000#Project#Updated%20project%20metadata
05%2F10%2F2025#14%3A59#Simjrn#7IgXpXh02gde#Sentences#Updated%20sentences%20for%20skill%20'Conjunctions'
05%2F10%2F2025#12%3A21#Simjrn#000000000000#Project#Updated%20project%20metadata
05%2F10%2F2025#12%3A20#Simjrn#7IgXpXh02gde#Vocab#Updated%20vocabulary%20for%20skill%20'Conjunctions'
05%2F10%2F2025#12%3A10#Simjrn#7IgXpXh02gde#Notes#Updated%20notes%20for%20skill%20'Conjunctions'
05%2F10%2F2025#12%3A09#Simjrn#nXc5HkaartBu#Vocab#Updated%20vocabulary%20for%20skill%20'People'
05%2F10%2F2025#12%3A08#Simjrn#7IgXpXh02gde#Skill#Updated%20skill%20'Conjunctions'%20details
05%2F10%2F2025#12%3A08#Simjrn#7IgXpXh02gde#Skill#Updated%20skill%20'Conjunctions'%20details
05%2F10%2F2025#12%3A08#Simjrn#7IgXpXh02gde#Skill#Updated%20skill%20'New%20Skill'%20details
05%2F10%2F2025#12%3A05#Simjrn#7IgXpXh02gde#Skill#Added%20new%20skill%20'New%20Skill'%20to%20unit%202
04%2F10%2F2025#16%3A00#Simjrn#000000000000#Project#Updated%20project%20metadata
04%2F10%2F2025#15%3A59#Simjrn#YV35eNbVnhCt#Vocab#Updated%20vocabulary%20for%20skill%20'Fruits'
04%2F10%2F2025#15%3A59#Simjrn#zvur6TATWLw7#Sentences#Updated%20sentences%20for%20skill%20'Colours'
04%2F10%2F2025#15%3A58#Simjrn#D8Wfwd2j87SQ#Question#Deleted%20question%20'D8Wfwd2j87SQ'%20from%20lesson%20'o2To5bXTOg1N'
04%2F10%2F2025#15%3A57#Simjrn#069qET4nxBWn#Question#Deleted%20question%20'069qET4nxBWn'%20from%20lesson%20'o2To5bXTOg1N'
04%2F10%2F2025#15%3A57#Simjrn#OApRHvRAgLgU#Question#Deleted%20question%20'OApRHvRAgLgU'%20from%20lesson%20'o2To5bXTOg1N'
04%2F10%2F2025#15%3A57#Simjrn#E0j6Kk4kS127#Question#Deleted%20question%20'E0j6Kk4kS127'%20from%20lesson%20'o2To5bXTOg1N'
04%2F10%2F2025#15%3A57#Simjrn#QIRnuw6KLJxx#Question#Deleted%20question%20'QIRnuw6KLJxx'%20from%20lesson%20'o2To5bXTOg1N'
04%2F10%2F2025#15%3A57#Simjrn#JUUpih4FI2hI#Question#Deleted%20question%20'JUUpih4FI2hI'%20from%20lesson%20'o2To5bXTOg1N'
04%2F10%2F2025#15%3A55#Simjrn#bigo5ITPZr70#Question#Deleted%20question%20'bigo5ITPZr70'%20from%20lesson%20'o2To5bXTOg1N'
04%2F10%2F2025#15%3A54#Simjrn#LlJ54v2u7L5V#Question#Deleted%20question%20'LlJ54v2u7L5V'%20from%20lesson%20'IaIept3op6ZZ'
04%2F10%2F2025#15%3A54#Simjrn#fvl82waANPVn#Question#Deleted%20question%20'fvl82waANPVn'%20from%20lesson%20'IaIept3op6ZZ'
04%2F10%2F2025#15%3A54#Simjrn#4mQ9Y2KogUjv#Question#Deleted%20question%20'4mQ9Y2KogUjv'%20from%20lesson%20'IaIept3op6ZZ'
04%2F10%2F2025#15%3A53#Simjrn#Uz9KTibm8iIu#Question#Deleted%20question%20'Uz9KTibm8iIu'%20from%20lesson%20'IaIept3op6ZZ'
04%2F10%2F2025#15%3A53#Simjrn#gL2VjXeKEbcU#Question#Deleted%20question%20'gL2VjXeKEbcU'%20from%20lesson%20'IaIept3op6ZZ'
04%2F10%2F2025#15%3A53#Simjrn#F2imSIBBwqLs#Question#Deleted%20question%20'F2imSIBBwqLs'%20from%20lesson%20'IaIept3op6ZZ'
04%2F10%2F2025#15%3A53#Simjrn#IQld1PchVu8w#Question#Deleted%20question%20'IQld1PchVu8w'%20from%20lesson%20'IaIept3op6ZZ'
04%2F10%2F2025#15%3A52#Simjrn#W1lMAvBZY5yI#Question#Deleted%20question%20'W1lMAvBZY5yI'%20from%20lesson%20'UzhPzhkyJaNC'
04%2F10%2F2025#15%3A51#Simjrn#rGmTANoMItED#Question#Deleted%20question%20'rGmTANoMItED'%20from%20lesson%20'UzhPzhkyJaNC'
04%2F10%2F2025#15%3A51#Simjrn#B2aZEuBZPWIM#Question#Deleted%20question%20'B2aZEuBZPWIM'%20from%20lesson%20'UzhPzhkyJaNC'
04%2F10%2F2025#15%3A51#Simjrn#dzcFBS0Y3Loz#Question#Deleted%20question%20'dzcFBS0Y3Loz'%20from%20lesson%20'UzhPzhkyJaNC'
04%2F10%2F2025#15%3A51#Simjrn#i1v2090wXZeA#Question#Deleted%20question%20'i1v2090wXZeA'%20from%20lesson%20'UzhPzhkyJaNC'
04%2F10%2F2025#15%3A51#Simjrn#fX0mPvjq9YqN#Question#Deleted%20question%20'fX0mPvjq9YqN'%20from%20lesson%20'UzhPzhkyJaNC'
04%2F10%2F2025#15%3A51#Simjrn#yjoSstRIriU3#Question#Deleted%20question%20'yjoSstRIriU3'%20from%20lesson%20'UzhPzhkyJaNC'
04%2F10%2F2025#15%3A50#Simjrn#Jq1hTbTZRV3A#Question#Deleted%20question%20'Jq1hTbTZRV3A'%20from%20lesson%20'yAV8YNHCEDdx'
04%2F10%2F2025#15%3A50#Simjrn#TqzW0JTAOAuo#Question#Deleted%20question%20'TqzW0JTAOAuo'%20from%20lesson%20'yAV8YNHCEDdx'
04%2F10%2F2025#15%3A49#Simjrn#9Bt650vx15rd#Question#Deleted%20question%20'9Bt650vx15rd'%20from%20lesson%20'yAV8YNHCEDdx'
04%2F10%2F2025#15%3A49#Simjrn#sLMr5Kaqzoa8#Question#Deleted%20question%20'sLMr5Kaqzoa8'%20from%20lesson%20'yAV8YNHCEDdx'
04%2F10%2F2025#15%3A49#Simjrn#FzfCYqJQU8J5#Question#Deleted%20question%20'FzfCYqJQU8J5'%20from%20lesson%20'yAV8YNHCEDdx'
04%2F10%2F2025#15%3A49#Simjrn#QTN3HXUNWrRJ#Question#Deleted%20question%20'QTN3HXUNWrRJ'%20from%20lesson%20'yAV8YNHCEDdx'
04%2F10%2F2025#15%3A49#Simjrn#q0B74c71ZtX3#Question#Deleted%20question%20'q0B74c71ZtX3'%20from%20lesson%20'yAV8YNHCEDdx'
04%2F10%2F2025#15%3A48#Simjrn#uDs8QPSaKEQP#Question#Deleted%20question%20'uDs8QPSaKEQP'%20from%20lesson%20'RbNrnnbZvodJ'
04%2F10%2F2025#15%3A48#Simjrn#zcFJcvLtKmKE#Question#Deleted%20question%20'zcFJcvLtKmKE'%20from%20lesson%20'RbNrnnbZvodJ'
04%2F10%2F2025#15%3A48#Simjrn#HG6vus7aYEQl#Question#Deleted%20question%20'HG6vus7aYEQl'%20from%20lesson%20'RbNrnnbZvodJ'
04%2F10%2F2025#15%3A48#Simjrn#dIUrmFXWddkc#Question#Deleted%20question%20'dIUrmFXWddkc'%20from%20lesson%20'RbNrnnbZvodJ'
04%2F10%2F2025#15%3A47#Simjrn#jLe77AbJpIhe#Question#Deleted%20question%20'jLe77AbJpIhe'%20from%20lesson%20'RbNrnnbZvodJ'
04%2F10%2F2025#15%3A47#Simjrn#J6ifnp2ImllT#Question#Deleted%20question%20'J6ifnp2ImllT'%20from%20lesson%20'RbNrnnbZvodJ'
04%2F10%2F2025#15%3A47#Simjrn#mF5L0xi0v9QR#Question#Deleted%20question%20'mF5L0xi0v9QR'%20from%20lesson%20'RbNrnnbZvodJ'
04%2F10%2F2025#15%3A47#Simjrn#PLLzFyz2opgS#Question#Deleted%20question%20'PLLzFyz2opgS'%20from%20lesson%20'RbNrnnbZvodJ'
04%2F10%2F2025#15%3A46#Simjrn#v2gyQXzikfCQ#Question#Deleted%20question%20'v2gyQXzikfCQ'%20from%20lesson%20'cvqsz90oup6P'
04%2F10%2F2025#15%3A46#Simjrn#CfVVEbzIqvD1#Question#Deleted%20question%20'CfVVEbzIqvD1'%20from%20lesson%20'cvqsz90oup6P'
04%2F10%2F2025#15%3A46#Simjrn#jTpMhpvj1Eq6#Question#Deleted%20question%20'jTpMhpvj1Eq6'%20from%20lesson%20'cvqsz90oup6P'
04%2F10%2F2025#15%3A46#Simjrn#I3U9TbXeUbJq#Question#Deleted%20question%20'I3U9TbXeUbJq'%20from%20lesson%20'cvqsz90oup6P'
04%2F10%2F2025#15%3A46#Simjrn#82UqFmcX24DQ#Question#Deleted%20question%20'82UqFmcX24DQ'%20from%20lesson%20'cvqsz90oup6P'
04%2F10%2F2025#15%3A45#Simjrn#jrjO9mvcKM7Q#Question#Deleted%20question%20'jrjO9mvcKM7Q'%20from%20lesson%20'cvqsz90oup6P'
04%2F10%2F2025#15%3A45#Simjrn#3btjtNeLBcYw#Question#Deleted%20question%20'3btjtNeLBcYw'%20from%20lesson%20'cvqsz90oup6P'
04%2F10%2F2025#15%3A45#Simjrn#ZDOdIySbZvWG#Question#Deleted%20question%20'ZDOdIySbZvWG'%20from%20lesson%20'cvqsz90oup6P'
04%2F10%2F2025#15%3A44#Simjrn#Vkk69vd1Z9mU#Question#Deleted%20question%20'Vkk69vd1Z9mU'%20from%20lesson%20'9IvcC8FozEzQ'
04%2F10%2F2025#15%3A44#Simjrn#KbvSPjWlMDEe#Question#Deleted%20question%20'KbvSPjWlMDEe'%20from%20lesson%20'9IvcC8FozEzQ'
04%2F10%2F2025#15%3A44#Simjrn#0uOrt8jEdQHd#Question#Deleted%20question%20'0uOrt8jEdQHd'%20from%20lesson%20'9IvcC8FozEzQ'
04%2F10%2F2025#15%3A44#Simjrn#yf8ro2eCptOQ#Question#Deleted%20question%20'yf8ro2eCptOQ'%20from%20lesson%20'9IvcC8FozEzQ'
04%2F10%2F2025#15%3A44#Simjrn#C4TQ2IUCRGO5#Question#Deleted%20question%20'C4TQ2IUCRGO5'%20from%20lesson%20'9IvcC8FozEzQ'
04%2F10%2F2025#15%3A43#Simjrn#d7oHUQOqzh6K#Question#Deleted%20question%20'd7oHUQOqzh6K'%20from%20lesson%20'9IvcC8FozEzQ'
04%2F10%2F2025#15%3A43#Simjrn#tyftW7Rs2TIs#Question#Deleted%20question%20'tyftW7Rs2TIs'%20from%20lesson%20'9IvcC8FozEzQ'
04%2F10%2F2025#15%3A43#Simjrn#HgdsbxiInFQB#Question#Deleted%20question%20'HgdsbxiInFQB'%20from%20lesson%20'9IvcC8FozEzQ'
04%2F10%2F2025#15%3A43#Simjrn#r2S4to74tTAK#Question#Deleted%20question%20'r2S4to74tTAK'%20from%20lesson%20'9IvcC8FozEzQ'
04%2F10%2F2025#15%3A43#Simjrn#RtOO3I8c8mNR#Question#Deleted%20question%20'RtOO3I8c8mNR'%20from%20lesson%20'9IvcC8FozEzQ'
04%2F10%2F2025#15%3A43#Simjrn#SC4VqChWaDyo#Question#Deleted%20question%20'SC4VqChWaDyo'%20from%20lesson%20'9IvcC8FozEzQ'
04%2F10%2F2025#15%3A43#Simjrn#9fywZDbiqm2R#Question#Deleted%20question%20'9fywZDbiqm2R'%20from%20lesson%20'9IvcC8FozEzQ'
04%2F10%2F2025#15%3A43#Simjrn#cYPMl9BKIauV#Question#Deleted%20question%20'cYPMl9BKIauV'%20from%20lesson%20'9IvcC8FozEzQ'
04%2F10%2F2025#15%3A42#Simjrn#P4HA0bTUffGT#Question#Deleted%20question%20'P4HA0bTUffGT'%20from%20lesson%20'9IvcC8FozEzQ'
04%2F10%2F2025#15%3A42#Simjrn#ePX8weKVCnsg#Question#Deleted%20question%20'ePX8weKVCnsg'%20from%20lesson%20'Ar7L6fOVIuhd'
04%2F10%2F2025#15%3A42#Simjrn#QiPoJfCY6Bwh#Question#Deleted%20question%20'QiPoJfCY6Bwh'%20from%20lesson%20'Ar7L6fOVIuhd'
04%2F10%2F2025#15%3A41#Simjrn#W62CxhF3Bm6F#Question#Deleted%20question%20'W62CxhF3Bm6F'%20from%20lesson%20'Ar7L6fOVIuhd'
04%2F10%2F2025#15%3A41#Simjrn#cpO3inTvX7hV#Question#Deleted%20question%20'cpO3inTvX7hV'%20from%20lesson%20'Ar7L6fOVIuhd'
04%2F10%2F2025#15%3A41#Simjrn#y7LAgZNwENjK#Question#Deleted%20question%20'y7LAgZNwENjK'%20from%20lesson%20'Ar7L6fOVIuhd'
04%2F10%2F2025#15%3A41#Simjrn#SalXSQhGLOPb#Question#Deleted%20question%20'SalXSQhGLOPb'%20from%20lesson%20'Ar7L6fOVIuhd'
04%2F10%2F2025#15%3A41#Simjrn#Kicm0MdDKeCh#Question#Deleted%20question%20'Kicm0MdDKeCh'%20from%20lesson%20'Ar7L6fOVIuhd'
04%2F10%2F2025#15%3A41#Simjrn#kcQCYtetLOJO#Question#Deleted%20question%20'kcQCYtetLOJO'%20from%20lesson%20'Ar7L6fOVIuhd'
04%2F10%2F2025#15%3A41#Simjrn#ulio6WjlHOpr#Question#Deleted%20question%20'ulio6WjlHOpr'%20from%20lesson%20'Ar7L6fOVIuhd'
04%2F10%2F2025#15%3A41#Simjrn#um61ofG1iwtM#Question#Deleted%20question%20'um61ofG1iwtM'%20from%20lesson%20'Ar7L6fOVIuhd'
04%2F10%2F2025#15%3A41#Simjrn#NIo8pvS1ATjG#Question#Deleted%20question%20'NIo8pvS1ATjG'%20from%20lesson%20'Ar7L6fOVIuhd'
04%2F10%2F2025#15%3A41#Simjrn#SmwLtcjVaE1B#Question#Deleted%20question%20'SmwLtcjVaE1B'%20from%20lesson%20'Ar7L6fOVIuhd'
04%2F10%2F2025#15%3A40#Simjrn#LeO7xR2VlB0R#Question#Deleted%20question%20'LeO7xR2VlB0R'%20from%20lesson%20'Ar7L6fOVIuhd'
04%2F10%2F2025#15%3A40#Simjrn#4iuu8O9kVjbU#Question#Deleted%20question%20'4iuu8O9kVjbU'%20from%20lesson%20'Ar7L6fOVIuhd'
04%2F10%2F2025#15%3A40#Simjrn#PbgCTaGsf8ya#Question#Deleted%20question%20'PbgCTaGsf8ya'%20from%20lesson%20'cPovVhtd2aCB'
04%2F10%2F2025#15%3A40#Simjrn#lzmDvhEsCP9C#Question#Deleted%20question%20'lzmDvhEsCP9C'%20from%20lesson%20'cPovVhtd2aCB'
04%2F10%2F2025#15%3A40#Simjrn#LcEU5c8aA9c7#Question#Deleted%20question%20'LcEU5c8aA9c7'%20from%20lesson%20'cPovVhtd2aCB'
04%2F10%2F2025#15%3A40#Simjrn#VOkfyW2PQLIJ#Question#Deleted%20question%20'VOkfyW2PQLIJ'%20from%20lesson%20'cPovVhtd2aCB'
04%2F10%2F2025#15%3A40#Simjrn#tftcz3XYpcNZ#Question#Deleted%20question%20'tftcz3XYpcNZ'%20from%20lesson%20'cPovVhtd2aCB'
04%2F10%2F2025#15%3A40#Simjrn#Os3i4LLpCuC4#Question#Deleted%20question%20'Os3i4LLpCuC4'%20from%20lesson%20'cPovVhtd2aCB'
04%2F10%2F2025#15%3A40#Simjrn#i3R2j4Ohz7G7#Question#Deleted%20question%20'i3R2j4Ohz7G7'%20from%20lesson%20'cPovVhtd2aCB'
04%2F10%2F2025#15%3A40#Simjrn#Omxe7w1bqKhy#Question#Deleted%20question%20'Omxe7w1bqKhy'%20from%20lesson%20'cPovVhtd2aCB'
04%2F10%2F2025#15%3A39#Simjrn#vqy3PMq8xHNG#Question#Deleted%20question%20'vqy3PMq8xHNG'%20from%20lesson%20'cPovVhtd2aCB'
04%2F10%2F2025#15%3A39#Simjrn#GdgterGZ0TGN#Question#Deleted%20question%20'GdgterGZ0TGN'%20from%20lesson%20'cPovVhtd2aCB'
04%2F10%2F2025#15%3A39#Simjrn#ICQN5gcKxPJp#Question#Deleted%20question%20'ICQN5gcKxPJp'%20from%20lesson%20'cPovVhtd2aCB'
04%2F10%2F2025#15%3A39#Simjrn#4IoCKRvsbJZ7#Question#Deleted%20question%20'4IoCKRvsbJZ7'%20from%20lesson%20'cPovVhtd2aCB'
04%2F10%2F2025#15%3A39#Simjrn#lViakRtNSq7b#Question#Deleted%20question%20'lViakRtNSq7b'%20from%20lesson%20'cPovVhtd2aCB'
04%2F10%2F2025#15%3A38#Simjrn#wJ2uIyMxHJvh#Question#Deleted%20question%20'wJ2uIyMxHJvh'%20from%20lesson%20'CMbbpQDDdIY0'
04%2F10%2F2025#15%3A38#Simjrn#V7sDH0v4x2zj#Question#Deleted%20question%20'V7sDH0v4x2zj'%20from%20lesson%20'CMbbpQDDdIY0'
04%2F10%2F2025#15%3A38#Simjrn#DXZqtLva6Msi#Question#Deleted%20question%20'DXZqtLva6Msi'%20from%20lesson%20'CMbbpQDDdIY0'
04%2F10%2F2025#15%3A38#Simjrn#LSAMT5EJBddZ#Question#Deleted%20question%20'LSAMT5EJBddZ'%20from%20lesson%20'CMbbpQDDdIY0'
04%2F10%2F2025#15%3A38#Simjrn#yJNVwhsS1SL8#Question#Deleted%20question%20'yJNVwhsS1SL8'%20from%20lesson%20'CMbbpQDDdIY0'
04%2F10%2F2025#15%3A38#Simjrn#WXMhCdDsc5Q6#Question#Deleted%20question%20'WXMhCdDsc5Q6'%20from%20lesson%20'CMbbpQDDdIY0'
04%2F10%2F2025#15%3A38#Simjrn#tGa4CFrQrRyI#Question#Deleted%20question%20'tGa4CFrQrRyI'%20from%20lesson%20'CMbbpQDDdIY0'
04%2F10%2F2025#15%3A38#Simjrn#y2fqCSuAdRcd#Question#Deleted%20question%20'y2fqCSuAdRcd'%20from%20lesson%20'CMbbpQDDdIY0'
04%2F10%2F2025#15%3A38#Simjrn#rydREciWCtEy#Question#Deleted%20question%20'rydREciWCtEy'%20from%20lesson%20'CMbbpQDDdIY0'
04%2F10%2F2025#15%3A37#Simjrn#z9U0JRxYRxik#Question#Deleted%20question%20'z9U0JRxYRxik'%20from%20lesson%20'CMbbpQDDdIY0'
04%2F10%2F2025#15%3A37#Simjrn#4nDAQoaMDoBS#Question#Deleted%20question%20'4nDAQoaMDoBS'%20from%20lesson%20'CMbbpQDDdIY0'
04%2F10%2F2025#15%3A37#Simjrn#X9TiJ0UFwaYk#Question#Deleted%20question%20'X9TiJ0UFwaYk'%20from%20lesson%20'CMbbpQDDdIY0'
04%2F10%2F2025#15%3A37#Simjrn#SsGLEQ1L0ugU.mp3#Audio#Saved%20audio%20file%20'SsGLEQ1L0ugU.mp3'
04%2F10%2F2025#15%3A37#Simjrn#SsGLEQ1L0ugU#Question#Deleted%20question%20'SsGLEQ1L0ugU'%20from%20lesson%20'CMbbpQDDdIY0'
04%2F10%2F2025#15%3A37#Simjrn#zvur6TATWLw7#Skill#Updated%20skill%20'Colours'%20details
04%2F10%2F2025#15%3A34#Simjrn#000000000000#Project#Updated%20project%20metadata
04%2F10%2F2025#15%3A34#Simjrn#zvur6TATWLw7#Sentences#Updated%20sentences%20for%20skill%20'Colours'
04%2F10%2F2025#15%3A28#Simjrn#zvur6TATWLw7#Vocab#Updated%20vocabulary%20for%20skill%20'Colours'
04%2F10%2F2025#15%3A28#Simjrn#zvur6TATWLw7#Sentences#Updated%20sentences%20for%20skill%20'Colours'
04%2F10%2F2025#08%3A06#Simjrn#000000000000#Project#Updated%20project%20metadata
04%2F10%2F2025#08%3A06#Simjrn#zvur6TATWLw7#Vocab#Updated%20vocabulary%20for%20skill%20'Colours'
04%2F10%2F2025#08%3A04#Simjrn#zvur6TATWLw7#Vocab#Updated%20vocabulary%20for%20skill%20'Colours'
04%2F10%2F2025#08%3A02#Simjrn#zvur6TATWLw7#Notes#Updated%20notes%20for%20skill%20'Colours'
04%2F10%2F2025#08%3A01#Simjrn#zvur6TATWLw7#Skill#Updated%20skill%20'Colours'%20details
04%2F10%2F2025#08%3A01#Simjrn#zvur6TATWLw7#Skill#Updated%20skill%20'colours'%20details
04%2F10%2F2025#08%3A00#Simjrn#f5M39bhnVnGI#Lock#Locked%20skill%20'Foods'
04%2F10%2F2025#08%3A00#Simjrn#f5M39bhnVnGI#Skill#Updated%20skill%20'Foods'%20details
04%2F10%2F2025#08%3A00#Simjrn#f5M39bhnVnGI#Lock#Unlocked%20skill%20'Foods'
04%2F10%2F2025#07%3A59#Simjrn#nXc5HkaartBu#Skill#Updated%20skill%20'People'%20details
04%2F10%2F2025#07%3A59#Simjrn#WQ3pFUHnrDEC#Skill#Updated%20skill%20'Prepositions'%20details
04%2F10%2F2025#07%3A59#Simjrn#zvur6TATWLw7#Skill#Updated%20skill%20'colours'%20details
04%2F10%2F2025#07%3A59#Simjrn#zvur6TATWLw7#Skill#Updated%20skill%20'colours'%20details
04%2F10%2F2025#07%3A58#Simjrn#zvur6TATWLw7#Skill#Updated%20skill%20'colours'%20details
04%2F10%2F2025#07%3A58#Simjrn#zvur6TATWLw7#Skill#Updated%20skill%20'colours'%20details
04%2F10%2F2025#07%3A55#Simjrn#zvur6TATWLw7#Skill#Updated%20skill%20'colours'%20details
04%2F10%2F2025#07%3A55#Simjrn#zvur6TATWLw7#Skill#Updated%20skill%20'Animals'%20details
04%2F10%2F2025#07%3A54#Simjrn#zvur6TATWLw7#Skill#Added%20new%20skill%20'New%20Skill'%20to%20unit%202
03%2F10%2F2025#16%3A22#Simjrn#000000000000#Project#Updated%20project%20metadata
03%2F10%2F2025#16%3A21#Simjrn#suhMrUiNOjwc#Question#Deleted%20question%20'suhMrUiNOjwc'%20from%20lesson%20'rk2OlZf7v5Ao'
03%2F10%2F2025#16%3A20#Simjrn#zvFiGrjnclmh#Question#Deleted%20question%20'zvFiGrjnclmh'%20from%20lesson%20'rk2OlZf7v5Ao'
03%2F10%2F2025#16%3A20#Simjrn#GyvQum31GyA3#Question#Deleted%20question%20'GyvQum31GyA3'%20from%20lesson%20'rk2OlZf7v5Ao'
03%2F10%2F2025#16%3A20#Simjrn#vOfjOwwZAlXG#Question#Deleted%20question%20'vOfjOwwZAlXG'%20from%20lesson%20'rk2OlZf7v5Ao'
03%2F10%2F2025#16%3A20#Simjrn#EKc3eiSmBpPQ#Question#Deleted%20question%20'EKc3eiSmBpPQ'%20from%20lesson%20'rk2OlZf7v5Ao'
03%2F10%2F2025#16%3A20#Simjrn#MuGAM5Z1oTtg#Question#Deleted%20question%20'MuGAM5Z1oTtg'%20from%20lesson%20'rk2OlZf7v5Ao'
03%2F10%2F2025#16%3A19#Simjrn#b3vn5naGtHvP#Question#Deleted%20question%20'b3vn5naGtHvP'%20from%20lesson%20'rk2OlZf7v5Ao'
03%2F10%2F2025#16%3A19#Simjrn#afuqaEa7s7Mc#Question#Deleted%20question%20'afuqaEa7s7Mc'%20from%20lesson%20'suqbV6WP8d8e'
03%2F10%2F2025#16%3A19#Simjrn#JWJcPxCYdloP#Question#Deleted%20question%20'JWJcPxCYdloP'%20from%20lesson%20'suqbV6WP8d8e'
03%2F10%2F2025#16%3A19#Simjrn#ozXdVIsuIALD#Question#Deleted%20question%20'ozXdVIsuIALD'%20from%20lesson%20'suqbV6WP8d8e'
03%2F10%2F2025#16%3A18#Simjrn#kuNomMkfbGdL#Question#Deleted%20question%20'kuNomMkfbGdL'%20from%20lesson%20'suqbV6WP8d8e'
03%2F10%2F2025#16%3A17#Simjrn#ILUVipGRu9ib#Question#Deleted%20question%20'ILUVipGRu9ib'%20from%20lesson%20'suqbV6WP8d8e'
03%2F10%2F2025#16%3A17#Simjrn#DwZq4RJ2Ajrr#Question#Deleted%20question%20'DwZq4RJ2Ajrr'%20from%20lesson%20'suqbV6WP8d8e'
03%2F10%2F2025#16%3A17#Simjrn#lNhqRDzbt7aO#Question#Deleted%20question%20'lNhqRDzbt7aO'%20from%20lesson%20'suqbV6WP8d8e'
03%2F10%2F2025#16%3A16#Simjrn#TcGp71sy3238#Question#Deleted%20question%20'TcGp71sy3238'%20from%20lesson%20'IHawjt0uIKtC'
03%2F10%2F2025#16%3A16#Simjrn#XQHnWdgfX542#Question#Deleted%20question%20'XQHnWdgfX542'%20from%20lesson%20'IHawjt0uIKtC'
03%2F10%2F2025#16%3A15#Simjrn#qgq2dtPggBnW#Question#Deleted%20question%20'qgq2dtPggBnW'%20from%20lesson%20'IHawjt0uIKtC'
03%2F10%2F2025#16%3A15#Simjrn#oXkWrKLNg7u6#Question#Deleted%20question%20'oXkWrKLNg7u6'%20from%20lesson%20'IHawjt0uIKtC'
03%2F10%2F2025#16%3A15#Simjrn#GGNcrajO2rjf#Question#Deleted%20question%20'GGNcrajO2rjf'%20from%20lesson%20'IHawjt0uIKtC'
03%2F10%2F2025#16%3A15#Simjrn#6WZ18u10sMLn#Question#Deleted%20question%20'6WZ18u10sMLn'%20from%20lesson%20'IHawjt0uIKtC'
03%2F10%2F2025#16%3A14#Simjrn#6BYCr0C71Utd#Question#Deleted%20question%20'6BYCr0C71Utd'%20from%20lesson%20'IHawjt0uIKtC'
03%2F10%2F2025#16%3A14#Simjrn#9FFR6KSEd97N#Question#Deleted%20question%20'9FFR6KSEd97N'%20from%20lesson%20'ZYprl9LEHaWF'
03%2F10%2F2025#16%3A14#Simjrn#AynJXr2dVIud#Question#Deleted%20question%20'AynJXr2dVIud'%20from%20lesson%20'ZYprl9LEHaWF'
03%2F10%2F2025#16%3A14#Simjrn#OFlHMTGbZFoP#Question#Deleted%20question%20'OFlHMTGbZFoP'%20from%20lesson%20'ZYprl9LEHaWF'
03%2F10%2F2025#16%3A14#Simjrn#8n8R045prK4K#Question#Deleted%20question%20'8n8R045prK4K'%20from%20lesson%20'ZYprl9LEHaWF'
03%2F10%2F2025#16%3A13#Simjrn#H592FVKN4lG6#Question#Deleted%20question%20'H592FVKN4lG6'%20from%20lesson%20'ZYprl9LEHaWF'
03%2F10%2F2025#16%3A13#Simjrn#63hEAQ2km6uz#Question#Deleted%20question%20'63hEAQ2km6uz'%20from%20lesson%20'ZYprl9LEHaWF'
03%2F10%2F2025#16%3A13#Simjrn#v6fSSVwdCJZZ#Question#Deleted%20question%20'v6fSSVwdCJZZ'%20from%20lesson%20'ZYprl9LEHaWF'
03%2F10%2F2025#16%3A12#Simjrn#HGq7DKoqJYKg#Question#Deleted%20question%20'HGq7DKoqJYKg'%20from%20lesson%20'ZYprl9LEHaWF'
03%2F10%2F2025#16%3A11#Simjrn#AydZsXPjeOpt#Question#Deleted%20question%20'AydZsXPjeOpt'%20from%20lesson%20'26oL6sik3oxC'
03%2F10%2F2025#16%3A11#Simjrn#asUgLrNrp3CK#Question#Deleted%20question%20'asUgLrNrp3CK'%20from%20lesson%20'26oL6sik3oxC'
03%2F10%2F2025#16%3A11#Simjrn#kSFc4eMA0o5n#Question#Deleted%20question%20'kSFc4eMA0o5n'%20from%20lesson%20'26oL6sik3oxC'
03%2F10%2F2025#16%3A11#Simjrn#inK3aTnNIZGe#Question#Deleted%20question%20'inK3aTnNIZGe'%20from%20lesson%20'26oL6sik3oxC'
03%2F10%2F2025#16%3A10#Simjrn#g9LRKzXSPgW4#Question#Deleted%20question%20'g9LRKzXSPgW4'%20from%20lesson%20'26oL6sik3oxC'
03%2F10%2F2025#16%3A10#Simjrn#yGEcfzUNCegS#Question#Deleted%20question%20'yGEcfzUNCegS'%20from%20lesson%20'26oL6sik3oxC'
03%2F10%2F2025#16%3A10#Simjrn#bpTRi2CNQRun#Question#Deleted%20question%20'bpTRi2CNQRun'%20from%20lesson%20'26oL6sik3oxC'
03%2F10%2F2025#16%3A10#Simjrn#Mybxmwm7rOK3#Question#Deleted%20question%20'Mybxmwm7rOK3'%20from%20lesson%20'26oL6sik3oxC'
03%2F10%2F2025#16%3A09#Simjrn#iVoXOqWJhWp0#Question#Deleted%20question%20'iVoXOqWJhWp0'%20from%20lesson%20'0o8g0I0zyZfR'
03%2F10%2F2025#16%3A09#Simjrn#NXI1YETJ6Zmq#Question#Deleted%20question%20'NXI1YETJ6Zmq'%20from%20lesson%20'0o8g0I0zyZfR'
03%2F10%2F2025#16%3A09#Simjrn#QMoQW0l1Oo4r#Question#Deleted%20question%20'QMoQW0l1Oo4r'%20from%20lesson%20'0o8g0I0zyZfR'
03%2F10%2F2025#16%3A08#Simjrn#yNPIjHyTXIDK#Question#Deleted%20question%20'yNPIjHyTXIDK'%20from%20lesson%20'0o8g0I0zyZfR'
03%2F10%2F2025#16%3A08#Simjrn#9eLM9aG0j0W1#Question#Deleted%20question%20'9eLM9aG0j0W1'%20from%20lesson%20'0o8g0I0zyZfR'
03%2F10%2F2025#16%3A07#Simjrn#nWr1BRfJWSud#Question#Deleted%20question%20'nWr1BRfJWSud'%20from%20lesson%20'0o8g0I0zyZfR'
03%2F10%2F2025#16%3A07#Simjrn#ydTLjRbHSBkQ#Question#Deleted%20question%20'ydTLjRbHSBkQ'%20from%20lesson%20'0o8g0I0zyZfR'
03%2F10%2F2025#16%3A06#Simjrn#O4I8Zfnb94Pe#Question#Deleted%20question%20'O4I8Zfnb94Pe'%20from%20lesson%20'0o8g0I0zyZfR'
03%2F10%2F2025#16%3A06#Simjrn#SgElVLW26dzC#Question#Deleted%20question%20'SgElVLW26dzC'%20from%20lesson%20'ZrpmJruisES7'
03%2F10%2F2025#16%3A06#Simjrn#FlbMfjy06T4S#Question#Deleted%20question%20'FlbMfjy06T4S'%20from%20lesson%20'ZrpmJruisES7'
03%2F10%2F2025#16%3A05#Simjrn#RISukoc8DY8N#Question#Deleted%20question%20'RISukoc8DY8N'%20from%20lesson%20'ZrpmJruisES7'
03%2F10%2F2025#16%3A05#Simjrn#QtbNi86Iz0zy#Question#Deleted%20question%20'QtbNi86Iz0zy'%20from%20lesson%20'ZrpmJruisES7'
03%2F10%2F2025#16%3A05#Simjrn#lVx8jR2PQZNX#Question#Deleted%20question%20'lVx8jR2PQZNX'%20from%20lesson%20'ZrpmJruisES7'
03%2F10%2F2025#16%3A05#Simjrn#1uRCvyo6AOjR#Question#Deleted%20question%20'1uRCvyo6AOjR'%20from%20lesson%20'ZrpmJruisES7'
03%2F10%2F2025#16%3A05#Simjrn#ptIsG7UIGMOv#Question#Deleted%20question%20'ptIsG7UIGMOv'%20from%20lesson%20'ZrpmJruisES7'
03%2F10%2F2025#16%3A05#Simjrn#gA8Bsy8AdAAt#Question#Deleted%20question%20'gA8Bsy8AdAAt'%20from%20lesson%20'ZrpmJruisES7'
03%2F10%2F2025#16%3A05#Simjrn#wSjPeCVDtdTJ#Question#Deleted%20question%20'wSjPeCVDtdTJ'%20from%20lesson%20'ZrpmJruisES7'
03%2F10%2F2025#16%3A05#Simjrn#XeehajF7EGmG#Question#Deleted%20question%20'XeehajF7EGmG'%20from%20lesson%20'ZrpmJruisES7'
03%2F10%2F2025#16%3A05#Simjrn#gZDJnOUQBtoG#Question#Deleted%20question%20'gZDJnOUQBtoG'%20from%20lesson%20'ZrpmJruisES7'
03%2F10%2F2025#16%3A05#Simjrn#5uRGqyK4klpD#Question#Deleted%20question%20'5uRGqyK4klpD'%20from%20lesson%20'ZrpmJruisES7'
03%2F10%2F2025#16%3A05#Simjrn#RB9vRZmd3KcG#Question#Deleted%20question%20'RB9vRZmd3KcG'%20from%20lesson%20'ZrpmJruisES7'
03%2F10%2F2025#16%3A05#Simjrn#tkr1JYXU5Y8Z#Question#Deleted%20question%20'tkr1JYXU5Y8Z'%20from%20lesson%20'ZrpmJruisES7'
03%2F10%2F2025#16%3A04#Simjrn#VjM1pRCf3Cfd#Question#Deleted%20question%20'VjM1pRCf3Cfd'%20from%20lesson%20'cNSBCbqUvgGM'
03%2F10%2F2025#16%3A04#Simjrn#HszcrJ0OhrXH#Question#Deleted%20question%20'HszcrJ0OhrXH'%20from%20lesson%20'cNSBCbqUvgGM'
03%2F10%2F2025#16%3A04#Simjrn#9nVvzN3GXpZ7#Question#Deleted%20question%20'9nVvzN3GXpZ7'%20from%20lesson%20'cNSBCbqUvgGM'
03%2F10%2F2025#16%3A04#Simjrn#EJVfNwa6LPbI#Question#Deleted%20question%20'EJVfNwa6LPbI'%20from%20lesson%20'cNSBCbqUvgGM'
03%2F10%2F2025#16%3A04#Simjrn#ycpG4RA1HnoA#Question#Deleted%20question%20'ycpG4RA1HnoA'%20from%20lesson%20'cNSBCbqUvgGM'
03%2F10%2F2025#16%3A04#Simjrn#3BV7CiS7rCBO#Question#Deleted%20question%20'3BV7CiS7rCBO'%20from%20lesson%20'cNSBCbqUvgGM'
03%2F10%2F2025#16%3A04#Simjrn#Pp73J6EvR61X#Question#Deleted%20question%20'Pp73J6EvR61X'%20from%20lesson%20'cNSBCbqUvgGM'
03%2F10%2F2025#16%3A04#Simjrn#zTEFBM5N8YaG#Question#Deleted%20question%20'zTEFBM5N8YaG'%20from%20lesson%20'cNSBCbqUvgGM'
03%2F10%2F2025#16%3A04#Simjrn#n4vWGOviAbuZ#Question#Deleted%20question%20'n4vWGOviAbuZ'%20from%20lesson%20'cNSBCbqUvgGM'
03%2F10%2F2025#16%3A03#Simjrn#LNOmR5EYGSIq#Question#Deleted%20question%20'LNOmR5EYGSIq'%20from%20lesson%20'cNSBCbqUvgGM'
03%2F10%2F2025#16%3A03#Simjrn#tvgUbXuiWacz#Question#Deleted%20question%20'tvgUbXuiWacz'%20from%20lesson%20'cNSBCbqUvgGM'
03%2F10%2F2025#16%3A03#Simjrn#hwK6KGSFOvFY#Question#Deleted%20question%20'hwK6KGSFOvFY'%20from%20lesson%20'cNSBCbqUvgGM'
03%2F10%2F2025#16%3A03#Simjrn#RNeqBlOZFZcN#Question#Deleted%20question%20'RNeqBlOZFZcN'%20from%20lesson%20'cNSBCbqUvgGM'
03%2F10%2F2025#16%3A03#Simjrn#5Ph9iGhhMZWN#Question#Deleted%20question%20'5Ph9iGhhMZWN'%20from%20lesson%20'cNSBCbqUvgGM'
03%2F10%2F2025#16%3A02#Simjrn#Yw6oR4VyH4Wf#Question#Deleted%20question%20'Yw6oR4VyH4Wf'%20from%20lesson%20'kF9NVqoMAmEG'
03%2F10%2F2025#16%3A02#Simjrn#p13ubI5pBFSM#Question#Deleted%20question%20'p13ubI5pBFSM'%20from%20lesson%20'kF9NVqoMAmEG'
03%2F10%2F2025#16%3A02#Simjrn#t18JuWpzJB05#Question#Deleted%20question%20't18JuWpzJB05'%20from%20lesson%20'kF9NVqoMAmEG'
03%2F10%2F2025#16%3A02#Simjrn#b6Xh5gr49Xiq#Question#Deleted%20question%20'b6Xh5gr49Xiq'%20from%20lesson%20'kF9NVqoMAmEG'
03%2F10%2F2025#16%3A02#Simjrn#GdDgOoqRBWtg#Question#Deleted%20question%20'GdDgOoqRBWtg'%20from%20lesson%20'kF9NVqoMAmEG'
03%2F10%2F2025#16%3A02#Simjrn#S2ECtxH1dljD#Question#Deleted%20question%20'S2ECtxH1dljD'%20from%20lesson%20'kF9NVqoMAmEG'
03%2F10%2F2025#16%3A02#Simjrn#7gin6bO32o9P#Question#Deleted%20question%20'7gin6bO32o9P'%20from%20lesson%20'kF9NVqoMAmEG'
03%2F10%2F2025#16%3A02#Simjrn#ZLNzn5rJaCsC#Question#Deleted%20question%20'ZLNzn5rJaCsC'%20from%20lesson%20'kF9NVqoMAmEG'
03%2F10%2F2025#16%3A01#Simjrn#PLudZuHN2nCf#Question#Deleted%20question%20'PLudZuHN2nCf'%20from%20lesson%20'kF9NVqoMAmEG'
03%2F10%2F2025#16%3A01#Simjrn#22UnFeD9TEg1#Question#Deleted%20question%20'22UnFeD9TEg1'%20from%20lesson%20'kF9NVqoMAmEG'
03%2F10%2F2025#16%3A01#Simjrn#22UnFeD9TEg1.mp3#Audio#Saved%20audio%20file%20'22UnFeD9TEg1.mp3'
03%2F10%2F2025#16%3A00#Simjrn#Y58mzMvwlABQ#Question#Deleted%20question%20'Y58mzMvwlABQ'%20from%20lesson%20'kF9NVqoMAmEG'
03%2F10%2F2025#16%3A00#Simjrn#pZ3sHw1LP4V3#Question#Deleted%20question%20'pZ3sHw1LP4V3'%20from%20lesson%20'kF9NVqoMAmEG'
03%2F10%2F2025#16%3A00#Simjrn#2nBH6szrcIql#Question#Deleted%20question%20'2nBH6szrcIql'%20from%20lesson%20'kF9NVqoMAmEG'
03%2F10%2F2025#16%3A00#Simjrn#NB6ydkJyX6fQ#Question#Deleted%20question%20'NB6ydkJyX6fQ'%20from%20lesson%20'ixbSkUKlE697'
03%2F10%2F2025#16%3A00#Simjrn#FOzQvPlB2wDv#Question#Deleted%20question%20'FOzQvPlB2wDv'%20from%20lesson%20'ixbSkUKlE697'
03%2F10%2F2025#16%3A00#Simjrn#4QveQb6KVPCh#Question#Deleted%20question%20'4QveQb6KVPCh'%20from%20lesson%20'ixbSkUKlE697'
03%2F10%2F2025#16%3A00#Simjrn#LeHfqYoe9JxB#Question#Deleted%20question%20'LeHfqYoe9JxB'%20from%20lesson%20'ixbSkUKlE697'
03%2F10%2F2025#16%3A00#Simjrn#bIU0FUqLwZzj#Question#Deleted%20question%20'bIU0FUqLwZzj'%20from%20lesson%20'ixbSkUKlE697'
03%2F10%2F2025#16%3A00#Simjrn#7lMGdU09m59J#Question#Deleted%20question%20'7lMGdU09m59J'%20from%20lesson%20'ixbSkUKlE697'
03%2F10%2F2025#16%3A00#Simjrn#jHaTUw74N4TQ#Question#Deleted%20question%20'jHaTUw74N4TQ'%20from%20lesson%20'ixbSkUKlE697'
03%2F10%2F2025#16%3A00#Simjrn#PxmZgbId1soY#Question#Deleted%20question%20'PxmZgbId1soY'%20from%20lesson%20'ixbSkUKlE697'
03%2F10%2F2025#15%3A59#Simjrn#pzXOUdmoKN9a#Question#Deleted%20question%20'pzXOUdmoKN9a'%20from%20lesson%20'ixbSkUKlE697'
03%2F10%2F2025#15%3A59#Simjrn#D5ytqlSBPcYD#Question#Deleted%20question%20'D5ytqlSBPcYD'%20from%20lesson%20'ixbSkUKlE697'
03%2F10%2F2025#15%3A59#Simjrn#sCRQ416MVL4X#Question#Deleted%20question%20'sCRQ416MVL4X'%20from%20lesson%20'ixbSkUKlE697'
03%2F10%2F2025#15%3A59#Simjrn#aPoIQ7Qui31d#Question#Deleted%20question%20'aPoIQ7Qui31d'%20from%20lesson%20'ixbSkUKlE697'
03%2F10%2F2025#15%3A58#Simjrn#BBg0tO1ibpAj#Question#Deleted%20question%20'BBg0tO1ibpAj'%20from%20lesson%20'ixbSkUKlE697'
02%2F10%2F2025#19%3A34#Simjrn#000000000000#Project#Updated%20project%20metadata
02%2F10%2F2025#17%3A27#Simjrn#YV35eNbVnhCt#Skill#Updated%20skill%20'Fruits'%20details
02%2F10%2F2025#17%3A26#Simjrn#ZwGjw0czI6CN#Notes#Updated%20notes%20for%20skill%20'Phonology'
02%2F10%2F2025#17%3A26#Simjrn#ZwGjw0czI6CN#Lock#Unlocked%20skill%20'Phonology'
02%2F10%2F2025#17%3A24#Simjrn#ZwGjw0czI6CN#Lock#Locked%20skill%20'Phonology'
02%2F10%2F2025#17%3A23#Simjrn#b9b8UMiUOlp8#Lock#Locked%20skill%20'To%20want'
02%2F10%2F2025#17%3A23#Simjrn#spqeL2otntJD#Lock#Locked%20skill%20'To%20eat'
02%2F10%2F2025#17%3A23#Simjrn#kYRNGNnR9Gd0#Lock#Locked%20skill%20'Pets'
02%2F10%2F2025#17%3A23#Simjrn#VTNxOVbkoFXa#Lock#Locked%20skill%20'To%20have'
02%2F10%2F2025#17%3A23#Simjrn#8YqwWvQK8kf0#Lock#Locked%20skill%20'Articles'
02%2F10%2F2025#17%3A23#Simjrn#EXWBPf3eJ5nj#Lock#Locked%20skill%20'Review'
02%2F10%2F2025#17%3A23#Simjrn#f5M39bhnVnGI#Lock#Locked%20skill%20'Foods'
02%2F10%2F2025#17%3A23#Simjrn#X737JxV5GyTv#Lock#Locked%20skill%20'The%20future'
02%2F10%2F2025#17%3A23#Simjrn#fYKBLDeM3hzV#Lock#Locked%20skill%20'Basic%20phrases'
02%2F10%2F2025#17%3A23#Simjrn#LMJskZwdHsKZ#Lock#Locked%20skill%20'Greetings'
02%2F10%2F2025#17%3A23#Simjrn#nFK3ScZjJWwo#Lock#Locked%20skill%20'To%20be'
02%2F10%2F2025#17%3A12#Simjrn#000000000000#Project#Updated%20project%20metadata
02%2F10%2F2025#17%3A12#Simjrn#YV35eNbVnhCt#Skill#Updated%20skill%20'Fruits'%20details
02%2F10%2F2025#17%3A12#Simjrn#YV35eNbVnhCt#Sentences#Updated%20sentences%20for%20skill%20'Fruits'
02%2F10%2F2025#16%3A55#Simjrn#YV35eNbVnhCt#Vocab#Updated%20vocabulary%20for%20skill%20'Fruits'
02%2F10%2F2025#16%3A52#Simjrn#YV35eNbVnhCt#Skill#Updated%20skill%20'Fruits'%20details
02%2F10%2F2025#16%3A51#Simjrn#YV35eNbVnhCt#Vocab#Updated%20vocabulary%20for%20skill%20'Nouns'
02%2F10%2F2025#16%3A49#Simjrn#YV35eNbVnhCt#Vocab#Updated%20vocabulary%20for%20skill%20'Nouns'
02%2F10%2F2025#16%3A45#Simjrn#YV35eNbVnhCt#Notes#Updated%20notes%20for%20skill%20'Nouns'
02%2F10%2F2025#16%3A45#Simjrn#YV35eNbVnhCt#Skill#Updated%20skill%20'Nouns'%20details
02%2F10%2F2025#16%3A44#Simjrn#YV35eNbVnhCt#Skill#Updated%20skill%20'Nouns'%20details
02%2F10%2F2025#16%3A44#Simjrn#YV35eNbVnhCt#Skill#Updated%20skill%20'Nouns'%20details
02%2F10%2F2025#16%3A44#Simjrn#YV35eNbVnhCt#Skill#Updated%20skill%20'Nouns'%20details
02%2F10%2F2025#16%3A44#Simjrn#YV35eNbVnhCt#Skill#Updated%20skill%20'Nouns'%20details
02%2F10%2F2025#15%3A36#Simjrn#000000000000#Project#Updated%20project%20metadata
02%2F10%2F2025#15%3A36#Simjrn#gMtarWkQV40z#Vocab#Updated%20vocabulary%20for%20skill%20'Neither'
02%2F10%2F2025#15%3A36#Simjrn#gMtarWkQV40z#Notes#Updated%20notes%20for%20skill%20'Neither'
02%2F10%2F2025#15%3A35#Simjrn#gMtarWkQV40z#Skill#Updated%20skill%20'Neither'%20details
02%2F10%2F2025#15%3A35#Simjrn#nXc5HkaartBu#Vocab#Updated%20vocabulary%20for%20skill%20'People'
02%2F10%2F2025#15%3A33#Simjrn#000000000000#Project#Updated%20project%20metadata
02%2F10%2F2025#15%3A32#Simjrn#nXc5HkaartBu#Skill#Moved%20skill%20'People'%20to%20Unit%201
02%2F10%2F2025#15%3A32#Simjrn#nXc5HkaartBu#Skill#Moved%20skill%20'People'%20to%20Unit%201
02%2F10%2F2025#15%3A32#Simjrn#YV35eNbVnhCt#Skill#Added%20new%20skill%20'New%20Skill'%20to%20unit%202
02%2F10%2F2025#15%3A32#Simjrn#gMtarWkQV40z#Skill#Moved%20skill%20'Changing%20the%20verb'%20to%20Unit%201
02%2F10%2F2025#15%3A32#Simjrn#gMtarWkQV40z#Skill#Moved%20skill%20'Changing%20the%20verb'%20to%20Unit%201
02%2F10%2F2025#15%3A32#Simjrn#WQ3pFUHnrDEC#Skill#Moved%20skill%20'Prepositions'%20to%20Unit%201
02%2F10%2F2025#15%3A32#Simjrn#WQ3pFUHnrDEC#Skill#Moved%20skill%20'Prepositions'%20to%20Unit%201
02%2F10%2F2025#15%3A32#Simjrn#9f7T911Vr93E#Skill#Moved%20skill%20'Languages'%20to%20Unit%201
02%2F10%2F2025#15%3A32#Simjrn#9f7T911Vr93E#Skill#Moved%20skill%20'Languages'%20to%20Unit%201
02%2F10%2F2025#15%3A32#Simjrn#558dWaaDjXZ8#Skill#Moved%20skill%20'To%20go'%20to%20Unit%201
02%2F10%2F2025#15%3A32#Simjrn#558dWaaDjXZ8#Skill#Moved%20skill%20'To%20go'%20to%20Unit%201
02%2F10%2F2025#15%3A32#Simjrn#dqgfLiYs8jaW#Skill#Moved%20skill%20'Countries'%20to%20Unit%201
02%2F10%2F2025#15%3A32#Simjrn#dqgfLiYs8jaW#Skill#Moved%20skill%20'Countries'%20to%20Unit%201
02%2F10%2F2025#15%3A32#Simjrn#s9Etk0DPm9Lt#Skill#Moved%20skill%20'Places'%20to%20Unit%201
02%2F10%2F2025#15%3A32#Simjrn#s9Etk0DPm9Lt#Skill#Moved%20skill%20'Places'%20to%20Unit%201
02%2F10%2F2025#15%3A32#Simjrn#3BwfKyDLsZ9k#Skill#Moved%20skill%20'Describing%20people'%20to%20Unit%201
02%2F10%2F2025#15%3A32#Simjrn#3BwfKyDLsZ9k#Skill#Moved%20skill%20'Describing%20people'%20to%20Unit%201
02%2F10%2F2025#15%3A32#Simjrn#nXc5HkaartBu#Skill#Moved%20skill%20'People'%20to%20Unit%202
02%2F10%2F2025#15%3A32#Simjrn#nXc5HkaartBu#Skill#Moved%20skill%20'People'%20to%20Unit%202
02%2F10%2F2025#15%3A32#Simjrn#dsT5c4SIEjIz#Skill#Added%20new%20skill%20'New%20Skill'%20to%20unit%203
02%2F10%2F2025#15%3A32#Simjrn#gMtarWkQV40z#Skill#Moved%20skill%20'Changing%20the%20verb'%20to%20Unit%202
02%2F10%2F2025#15%3A32#Simjrn#gMtarWkQV40z#Skill#Moved%20skill%20'Changing%20the%20verb'%20to%20Unit%202
02%2F10%2F2025#15%3A32#Simjrn#WQ3pFUHnrDEC#Skill#Moved%20skill%20'Prepositions'%20to%20Unit%202
02%2F10%2F2025#15%3A32#Simjrn#WQ3pFUHnrDEC#Skill#Moved%20skill%20'Prepositions'%20to%20Unit%202
02%2F10%2F2025#15%3A32#Simjrn#9f7T911Vr93E#Skill#Moved%20skill%20'Languages'%20to%20Unit%202
02%2F10%2F2025#15%3A32#Simjrn#9f7T911Vr93E#Skill#Moved%20skill%20'Languages'%20to%20Unit%202
02%2F10%2F2025#15%3A32#Simjrn#558dWaaDjXZ8#Skill#Moved%20skill%20'To%20go'%20to%20Unit%202
02%2F10%2F2025#15%3A32#Simjrn#558dWaaDjXZ8#Skill#Moved%20skill%20'To%20go'%20to%20Unit%202
02%2F10%2F2025#15%3A31#Simjrn#dqgfLiYs8jaW#Skill#Moved%20skill%20'Countries'%20to%20Unit%202
02%2F10%2F2025#15%3A31#Simjrn#dqgfLiYs8jaW#Skill#Moved%20skill%20'Countries'%20to%20Unit%202
02%2F10%2F2025#15%3A31#Simjrn#s9Etk0DPm9Lt#Skill#Moved%20skill%20'Places'%20to%20Unit%202
02%2F10%2F2025#15%3A31#Simjrn#s9Etk0DPm9Lt#Skill#Moved%20skill%20'Places'%20to%20Unit%202
02%2F10%2F2025#15%3A31#Simjrn#nXc5HkaartBu#Skill#Moved%20skill%20'People'%20to%20Unit%203
02%2F10%2F2025#15%3A31#Simjrn#nXc5HkaartBu#Skill#Moved%20skill%20'People'%20to%20Unit%203
02%2F10%2F2025#15%3A31#Simjrn#mHgMTI7kzbvo#Skill#Added%20new%20skill%20'New%20Skill'%20to%20unit%204
02%2F10%2F2025#15%3A31#Simjrn#gMtarWkQV40z#Skill#Moved%20skill%20'Changing%20the%20verb'%20to%20Unit%203
02%2F10%2F2025#15%3A31#Simjrn#gMtarWkQV40z#Skill#Moved%20skill%20'Changing%20the%20verb'%20to%20Unit%203
02%2F10%2F2025#15%3A31#Simjrn#WQ3pFUHnrDEC#Skill#Moved%20skill%20'Prepositions'%20to%20Unit%203
02%2F10%2F2025#15%3A31#Simjrn#WQ3pFUHnrDEC#Skill#Moved%20skill%20'Prepositions'%20to%20Unit%203
02%2F10%2F2025#15%3A31#Simjrn#9f7T911Vr93E#Skill#Moved%20skill%20'Languages'%20to%20Unit%203
02%2F10%2F2025#15%3A31#Simjrn#9f7T911Vr93E#Skill#Moved%20skill%20'Languages'%20to%20Unit%203
02%2F10%2F2025#15%3A31#Simjrn#558dWaaDjXZ8#Skill#Moved%20skill%20'To%20go'%20to%20Unit%203
02%2F10%2F2025#15%3A31#Simjrn#558dWaaDjXZ8#Skill#Moved%20skill%20'To%20go'%20to%20Unit%203
02%2F10%2F2025#15%3A31#Simjrn#dqgfLiYs8jaW#Skill#Moved%20skill%20'Countries'%20to%20Unit%203
02%2F10%2F2025#15%3A31#Simjrn#dqgfLiYs8jaW#Skill#Moved%20skill%20'Countries'%20to%20Unit%203
02%2F10%2F2025#15%3A31#Simjrn#nXc5HkaartBu#Skill#Moved%20skill%20'People'%20to%20Unit%204
02%2F10%2F2025#15%3A31#Simjrn#nXc5HkaartBu#Skill#Moved%20skill%20'People'%20to%20Unit%204
02%2F10%2F2025#15%3A31#Simjrn#YedXmnfCRTNR#Skill#Added%20new%20skill%20'New%20Skill'%20to%20unit%205
02%2F10%2F2025#15%3A31#Simjrn#gMtarWkQV40z#Skill#Moved%20skill%20'Changing%20the%20verb'%20to%20Unit%204
02%2F10%2F2025#15%3A31#Simjrn#gMtarWkQV40z#Skill#Moved%20skill%20'Changing%20the%20verb'%20to%20Unit%204
02%2F10%2F2025#15%3A31#Simjrn#WQ3pFUHnrDEC#Skill#Moved%20skill%20'Prepositions'%20to%20Unit%204
02%2F10%2F2025#15%3A31#Simjrn#WQ3pFUHnrDEC#Skill#Moved%20skill%20'Prepositions'%20to%20Unit%204
02%2F10%2F2025#15%3A31#Simjrn#9f7T911Vr93E#Skill#Moved%20skill%20'Languages'%20to%20Unit%204
02%2F10%2F2025#15%3A31#Simjrn#9f7T911Vr93E#Skill#Moved%20skill%20'Languages'%20to%20Unit%204
02%2F10%2F2025#15%3A31#Simjrn#558dWaaDjXZ8#Skill#Moved%20skill%20'To%20go'%20to%20Unit%204
02%2F10%2F2025#15%3A31#Simjrn#558dWaaDjXZ8#Skill#Moved%20skill%20'To%20go'%20to%20Unit%204
02%2F10%2F2025#15%3A31#Simjrn#nXc5HkaartBu#Skill#Moved%20skill%20'People'%20to%20Unit%205
02%2F10%2F2025#15%3A31#Simjrn#nXc5HkaartBu#Skill#Moved%20skill%20'People'%20to%20Unit%205
02%2F10%2F2025#15%3A30#Simjrn#GOIKpGg4oEkH#Skill#Added%20new%20skill%20'New%20Skill'%20to%20unit%206
02%2F10%2F2025#15%3A30#Simjrn#gMtarWkQV40z#Skill#Moved%20skill%20'Changing%20the%20verb'%20to%20Unit%205
02%2F10%2F2025#15%3A30#Simjrn#gMtarWkQV40z#Skill#Moved%20skill%20'Changing%20the%20verb'%20to%20Unit%205
02%2F10%2F2025#15%3A30#Simjrn#WQ3pFUHnrDEC#Skill#Moved%20skill%20'Prepositions'%20to%20Unit%205
02%2F10%2F2025#15%3A30#Simjrn#WQ3pFUHnrDEC#Skill#Moved%20skill%20'Prepositions'%20to%20Unit%205
02%2F10%2F2025#15%3A30#Simjrn#9f7T911Vr93E#Skill#Moved%20skill%20'Languages'%20to%20Unit%205
02%2F10%2F2025#15%3A30#Simjrn#9f7T911Vr93E#Skill#Moved%20skill%20'Languages'%20to%20Unit%205
02%2F10%2F2025#15%3A30#Simjrn#nXc5HkaartBu#Skill#Moved%20skill%20'People'%20to%20Unit%206
02%2F10%2F2025#15%3A30#Simjrn#nXc5HkaartBu#Skill#Moved%20skill%20'People'%20to%20Unit%206
02%2F10%2F2025#15%3A30#Simjrn#gMtarWkQV40z#Skill#Moved%20skill%20'Changing%20the%20verb'%20to%20Unit%206
02%2F10%2F2025#15%3A30#Simjrn#gMtarWkQV40z#Skill#Moved%20skill%20'Changing%20the%20verb'%20to%20Unit%206
02%2F10%2F2025#15%3A30#Simjrn#WQ3pFUHnrDEC#Skill#Moved%20skill%20'Prepositions'%20to%20Unit%206
02%2F10%2F2025#15%3A30#Simjrn#WQ3pFUHnrDEC#Skill#Moved%20skill%20'Prepositions'%20to%20Unit%206
02%2F10%2F2025#15%3A30#Simjrn#lMsnbwrstGQS#Skill#Moved%20skill%20'Family'%20to%20Unit%201
02%2F10%2F2025#15%3A30#Simjrn#lMsnbwrstGQS#Skill#Moved%20skill%20'Family'%20to%20Unit%201
02%2F10%2F2025#15%3A30#Simjrn#3BwfKyDLsZ9k#Skill#Moved%20skill%20'Describing%20people'%20to%20Unit%202
02%2F10%2F2025#15%3A30#Simjrn#4xwjpKev89O3#Skill#Moved%20skill%20'To%20do'%20to%20Unit%201
02%2F10%2F2025#15%3A30#Simjrn#4xwjpKev89O3#Skill#Moved%20skill%20'To%20do'%20to%20Unit%201
02%2F10%2F2025#15%3A30#Simjrn#lMsnbwrstGQS#Skill#Moved%20skill%20'Family'%20to%20Unit%202
02%2F10%2F2025#15%3A30#Simjrn#fOOfcIjvFvjy#Skill#Moved%20skill%20'Like%20doing%20things'%20to%20Unit%201
02%2F10%2F2025#15%3A30#Simjrn#fOOfcIjvFvjy#Skill#Moved%20skill%20'Like%20doing%20things'%20to%20Unit%201
02%2F10%2F2025#15%3A30#Simjrn#4xwjpKev89O3#Skill#Moved%20skill%20'To%20do'%20to%20Unit%202
02%2F10%2F2025#15%3A30#Simjrn#3dQdao6HAxn5#Skill#Moved%20skill%20'Negatives'%20to%20Unit%201
02%2F10%2F2025#15%3A30#Simjrn#3dQdao6HAxn5#Skill#Moved%20skill%20'Negatives'%20to%20Unit%201
02%2F10%2F2025#15%3A30#Simjrn#fOOfcIjvFvjy#Skill#Moved%20skill%20'Like%20doing%20things'%20to%20Unit%202
02%2F10%2F2025#15%3A29#Simjrn#kDweLPrjBhFL#Skill#Moved%20skill%20'When%3F'%20to%20Unit%201
02%2F10%2F2025#15%3A29#Simjrn#kDweLPrjBhFL#Skill#Moved%20skill%20'When%3F'%20to%20Unit%201
02%2F10%2F2025#15%3A29#Simjrn#3dQdao6HAxn5#Skill#Moved%20skill%20'Negatives'%20to%20Unit%202
02%2F10%2F2025#15%3A29#Simjrn#s9Etk0DPm9Lt#Skill#Moved%20skill%20'Places'%20to%20Unit%203
02%2F10%2F2025#15%3A29#Simjrn#s9Etk0DPm9Lt#Skill#Moved%20skill%20'Places'%20to%20Unit%203
02%2F10%2F2025#15%3A29#Simjrn#3BwfKyDLsZ9k#Skill#Moved%20skill%20'Describing%20people'%20to%20Unit%203
02%2F10%2F2025#15%3A29#Simjrn#3BwfKyDLsZ9k#Skill#Moved%20skill%20'Describing%20people'%20to%20Unit%203
02%2F10%2F2025#15%3A29#Simjrn#lMsnbwrstGQS#Skill#Moved%20skill%20'Family'%20to%20Unit%203
02%2F10%2F2025#15%3A29#Simjrn#lMsnbwrstGQS#Skill#Moved%20skill%20'Family'%20to%20Unit%203
02%2F10%2F2025#15%3A29#Simjrn#4xwjpKev89O3#Skill#Moved%20skill%20'To%20do'%20to%20Unit%203
02%2F10%2F2025#15%3A29#Simjrn#4xwjpKev89O3#Skill#Moved%20skill%20'To%20do'%20to%20Unit%203
02%2F10%2F2025#15%3A29#Simjrn#fOOfcIjvFvjy#Skill#Moved%20skill%20'Like%20doing%20things'%20to%20Unit%203
02%2F10%2F2025#15%3A29#Simjrn#fOOfcIjvFvjy#Skill#Moved%20skill%20'Like%20doing%20things'%20to%20Unit%203
02%2F10%2F2025#15%3A29#Simjrn#dqgfLiYs8jaW#Skill#Moved%20skill%20'Countries'%20to%20Unit%204
02%2F10%2F2025#15%3A29#Simjrn#dqgfLiYs8jaW#Skill#Moved%20skill%20'Countries'%20to%20Unit%204
02%2F10%2F2025#15%3A29#Simjrn#s9Etk0DPm9Lt#Skill#Moved%20skill%20'Places'%20to%20Unit%204
02%2F10%2F2025#15%3A29#Simjrn#s9Etk0DPm9Lt#Skill#Moved%20skill%20'Places'%20to%20Unit%204
02%2F10%2F2025#15%3A29#Simjrn#3BwfKyDLsZ9k#Skill#Moved%20skill%20'Describing%20people'%20to%20Unit%204
02%2F10%2F2025#15%3A29#Simjrn#3BwfKyDLsZ9k#Skill#Moved%20skill%20'Describing%20people'%20to%20Unit%204
02%2F10%2F2025#15%3A29#Simjrn#558dWaaDjXZ8#Skill#Moved%20skill%20'To%20go'%20to%20Unit%205
02%2F10%2F2025#15%3A29#Simjrn#558dWaaDjXZ8#Skill#Moved%20skill%20'To%20go'%20to%20Unit%205
02%2F10%2F2025#15%3A29#Simjrn#dqgfLiYs8jaW#Skill#Moved%20skill%20'Countries'%20to%20Unit%205
02%2F10%2F2025#15%3A29#Simjrn#dqgfLiYs8jaW#Skill#Moved%20skill%20'Countries'%20to%20Unit%205
02%2F10%2F2025#15%3A29#Simjrn#3BwfKyDLsZ9k#Skill#Moved%20skill%20'Describing%20people'%20to%20Unit%205
02%2F10%2F2025#15%3A29#Simjrn#s9Etk0DPm9Lt#Skill#Moved%20skill%20'Places'%20to%20Unit%205
02%2F10%2F2025#15%3A28#Simjrn#lMsnbwrstGQS#Skill#Moved%20skill%20'Family'%20to%20Unit%204
02%2F10%2F2025#15%3A28#Simjrn#lMsnbwrstGQS#Skill#Moved%20skill%20'Family'%20to%20Unit%204
02%2F10%2F2025#15%3A28#Simjrn#4xwjpKev89O3#Skill#Moved%20skill%20'To%20do'%20to%20Unit%204
02%2F10%2F2025#15%3A28#Simjrn#4xwjpKev89O3#Skill#Moved%20skill%20'To%20do'%20to%20Unit%204
02%2F10%2F2025#15%3A28#Simjrn#b9b8UMiUOlp8#Skill#Moved%20skill%20'To%20want'%20to%20Unit%200
02%2F10%2F2025#15%3A28#Simjrn#b9b8UMiUOlp8#Skill#Moved%20skill%20'To%20want'%20to%20Unit%200
02%2F10%2F2025#15%3A28#Simjrn#Yh5zFN3AOqXh#Skill#Moved%20skill%20'Where%20do%20you%20live%3F'%20to%20Unit%201
02%2F10%2F2025#15%3A28#Simjrn#kDweLPrjBhFL#Skill#Moved%20skill%20'When%3F'%20to%20Unit%202
02%2F10%2F2025#15%3A28#Simjrn#3dQdao6HAxn5#Skill#Moved%20skill%20'Negatives'%20to%20Unit%203
02%2F10%2F2025#15%3A28#Simjrn#fOOfcIjvFvjy#Skill#Moved%20skill%20'Like%20doing%20things'%20to%20Unit%204
02%2F10%2F2025#15%3A27#Simjrn#spqeL2otntJD#Skill#Moved%20skill%20'To%20eat'%20to%20Unit%200
02%2F10%2F2025#15%3A27#Simjrn#spqeL2otntJD#Skill#Moved%20skill%20'To%20eat'%20to%20Unit%200
02%2F10%2F2025#15%3A27#Simjrn#b9b8UMiUOlp8#Skill#Moved%20skill%20'To%20want'%20to%20Unit%201
02%2F10%2F2025#15%3A27#Simjrn#Yh5zFN3AOqXh#Skill#Moved%20skill%20'Where%20do%20you%20live%3F'%20to%20Unit%202
02%2F10%2F2025#15%3A27#Simjrn#kDweLPrjBhFL#Skill#Moved%20skill%20'When%3F'%20to%20Unit%203
02%2F10%2F2025#15%3A27#Simjrn#kYRNGNnR9Gd0#Skill#Moved%20skill%20'Pets'%20to%20Unit%200
02%2F10%2F2025#15%3A27#Simjrn#kYRNGNnR9Gd0#Skill#Moved%20skill%20'Pets'%20to%20Unit%200
02%2F10%2F2025#15%3A27#Simjrn#spqeL2otntJD#Skill#Moved%20skill%20'To%20eat'%20to%20Unit%201
02%2F10%2F2025#15%3A27#Simjrn#b9b8UMiUOlp8#Skill#Moved%20skill%20'To%20want'%20to%20Unit%202
02%2F10%2F2025#15%3A27#Simjrn#Yh5zFN3AOqXh#Skill#Moved%20skill%20'Where%20do%20you%20live%3F'%20to%20Unit%203
02%2F10%2F2025#15%3A27#Simjrn#VTNxOVbkoFXa#Skill#Moved%20skill%20'To%20have'%20to%20Unit%200
02%2F10%2F2025#15%3A26#Simjrn#EXWBPf3eJ5nj#Skill#Moved%20skill%20'Review'%20to%20Unit%200
02%2F10%2F2025#15%3A26#Simjrn#VTNxOVbkoFXa#Skill#Moved%20skill%20'To%20have'%20to%20Unit%200
02%2F10%2F2025#15%3A26#Simjrn#VTNxOVbkoFXa#Skill#Moved%20skill%20'To%20have'%20to%20Unit%200
02%2F10%2F2025#15%3A26#Simjrn#kYRNGNnR9Gd0#Skill#Moved%20skill%20'Pets'%20to%20Unit%201
02%2F10%2F2025#15%3A26#Simjrn#spqeL2otntJD#Skill#Moved%20skill%20'To%20eat'%20to%20Unit%202
02%2F10%2F2025#15%3A26#Simjrn#EXWBPf3eJ5nj#Skill#Moved%20skill%20'Review'%20to%20Unit%200
02%2F10%2F2025#15%3A26#Simjrn#EXWBPf3eJ5nj#Skill#Moved%20skill%20'Review'%20to%20Unit%200
02%2F10%2F2025#15%3A26#Simjrn#VTNxOVbkoFXa#Skill#Moved%20skill%20'To%20have'%20to%20Unit%201
02%2F10%2F2025#15%3A26#Simjrn#8YqwWvQK8kf0#Skill#Moved%20skill%20'Articles'%20to%20Unit%200
02%2F10%2F2025#15%3A26#Simjrn#8YqwWvQK8kf0#Skill#Moved%20skill%20'Articles'%20to%20Unit%200
02%2F10%2F2025#15%3A26#Simjrn#EXWBPf3eJ5nj#Skill#Moved%20skill%20'Review'%20to%20Unit%201
02%2F10%2F2025#15%3A26#Simjrn#f5M39bhnVnGI#Skill#Moved%20skill%20'Foods'%20to%20Unit%200
02%2F10%2F2025#15%3A26#Simjrn#f5M39bhnVnGI#Skill#Moved%20skill%20'Foods'%20to%20Unit%200
02%2F10%2F2025#15%3A26#Simjrn#8YqwWvQK8kf0#Skill#Moved%20skill%20'Articles'%20to%20Unit%201
02%2F10%2F2025#15%3A26#Simjrn#X737JxV5GyTv#Skill#Moved%20skill%20'The%20future'%20to%20Unit%200
02%2F10%2F2025#15%3A26#Simjrn#X737JxV5GyTv#Skill#Moved%20skill%20'The%20future'%20to%20Unit%200
02%2F10%2F2025#15%3A24#Simjrn#000000000000#Project#Updated%20project%20metadata
02%2F10%2F2025#15%3A24#Simjrn#n6isBD5KjH5V#Question#Deleted%20question%20'n6isBD5KjH5V'%20from%20lesson%20'og7VVyguCV3Q'
02%2F10%2F2025#15%3A24#Simjrn#MKys6vdMWfLj#Question#Deleted%20question%20'MKys6vdMWfLj'%20from%20lesson%20'og7VVyguCV3Q'
02%2F10%2F2025#15%3A22#Simjrn#Gn5WPq95GU38fsKCdU.mp3#Audio#Saved%20audio%20file%20'Gn5WPq95GU38fsKCdU.mp3'
02%2F10%2F2025#15%3A22#Simjrn#49dSDXGc7d2V7DONJb.mp3#Audio#Saved%20audio%20file%20'49dSDXGc7d2V7DONJb.mp3'
02%2F10%2F2025#15%3A22#Simjrn#audio_match_id2.mp3#Audio#Saved%20audio%20file%20'audio_match_id2.mp3'
02%2F10%2F2025#15%3A22#Simjrn#audio_match_id1.mp3#Audio#Saved%20audio%20file%20'audio_match_id1.mp3'
02%2F10%2F2025#15%3A21#Simjrn#LWQXv1Yv8Ad9#Question#Added%20new%20'AudioMatch'%20question%20to%20lesson%20'og7VVyguCV3Q'
02%2F10%2F2025#15%3A21#Simjrn#1ZmDhPry3Ptn2JgywI.mp3#Audio#Saved%20audio%20file%20'1ZmDhPry3Ptn2JgywI.mp3'
02%2F10%2F2025#15%3A21#Simjrn#VnyvGlByOq031k8AkI.mp3#Audio#Saved%20audio%20file%20'VnyvGlByOq031k8AkI.mp3'
02%2F10%2F2025#15%3A20#Simjrn#audio_match_id2.mp3#Audio#Saved%20audio%20file%20'audio_match_id2.mp3'
02%2F10%2F2025#15%3A20#Simjrn#audio_match_id1.mp3#Audio#Saved%20audio%20file%20'audio_match_id1.mp3'
02%2F10%2F2025#15%3A20#Simjrn#MKys6vdMWfLj#Question#Added%20new%20'AudioMatch'%20question%20to%20lesson%20'og7VVyguCV3Q'
02%2F10%2F2025#15%3A20#Simjrn#obfplaZ0Bjfk6pjnKG.mp3#Audio#Saved%20audio%20file%20'obfplaZ0Bjfk6pjnKG.mp3'
02%2F10%2F2025#15%3A19#Simjrn#xp0VpSg5OEZ1itR6U2.mp3#Audio#Saved%20audio%20file%20'xp0VpSg5OEZ1itR6U2.mp3'
02%2F10%2F2025#15%3A19#Simjrn#audio_match_id2.mp3#Audio#Saved%20audio%20file%20'audio_match_id2.mp3'
02%2F10%2F2025#15%3A19#Simjrn#audio_match_id1.mp3#Audio#Saved%20audio%20file%20'audio_match_id1.mp3'
02%2F10%2F2025#15%3A19#Simjrn#n6isBD5KjH5V#Question#Added%20new%20'AudioMatch'%20question%20to%20lesson%20'og7VVyguCV3Q'
02%2F10%2F2025#15%3A19#Simjrn#tnPbBinGmNL3#Lesson#Deleted%20lesson%202%20from%20skill%20'ZwGjw0czI6CN'
02%2F10%2F2025#15%3A19#Simjrn#ZXd41A2ogvd8#Question#Deleted%20question%20'ZXd41A2ogvd8'%20from%20lesson%20'tnPbBinGmNL3'
02%2F10%2F2025#15%3A19#Simjrn#tK162mkrcIwS#Question#Deleted%20question%20'tK162mkrcIwS'%20from%20lesson%20'tnPbBinGmNL3'
02%2F10%2F2025#15%3A19#Simjrn#tK162mkrcIwS#Question#Added%20new%20'Match'%20question%20to%20lesson%20'tnPbBinGmNL3'
02%2F10%2F2025#15%3A18#Simjrn#ZXd41A2ogvd8-c.mp3#Audio#Saved%20audio%20file%20'ZXd41A2ogvd8-c.mp3'
02%2F10%2F2025#15%3A18#Simjrn#ZXd41A2ogvd8-b.mp3#Audio#Saved%20audio%20file%20'ZXd41A2ogvd8-b.mp3'
02%2F10%2F2025#15%3A18#Simjrn#ZXd41A2ogvd8-a.mp3#Audio#Saved%20audio%20file%20'ZXd41A2ogvd8-a.mp3'
02%2F10%2F2025#15%3A17#Simjrn#ZXd41A2ogvd8#Question#Added%20new%20'PickOneAudio'%20question%20to%20lesson%20'tnPbBinGmNL3'
02%2F10%2F2025#15%3A17#Simjrn#CGtfYZXVmz5K#Question#Deleted%20question%20'CGtfYZXVmz5K'%20from%20lesson%20'tnPbBinGmNL3'
02%2F10%2F2025#15%3A17#Simjrn#CGtfYZXVmz5K#Question#Added%20new%20'PickOneMeaning'%20question%20to%20lesson%20'tnPbBinGmNL3'
02%2F10%2F2025#15%3A17#Simjrn#oVEKm3SgyxQZ#Question#Deleted%20question%20'oVEKm3SgyxQZ'%20from%20lesson%20'tnPbBinGmNL3'
02%2F10%2F2025#15%3A17#Simjrn#oVEKm3SgyxQZ.mp3#Audio#Saved%20audio%20file%20'oVEKm3SgyxQZ.mp3'
02%2F10%2F2025#15%3A17#Simjrn#oVEKm3SgyxQZ#Question#Added%20new%20'PickOneAudio'%20question%20to%20lesson%20'tnPbBinGmNL3'
02%2F10%2F2025#15%3A16#Simjrn#QpBEh5dfvaUx#Question#Deleted%20question%20'QpBEh5dfvaUx'%20from%20lesson%20'tnPbBinGmNL3'
02%2F10%2F2025#15%3A16#Simjrn#QpBEh5dfvaUx-o3.mp3#Audio#Saved%20audio%20file%20'QpBEh5dfvaUx-o3.mp3'
02%2F10%2F2025#15%3A16#Simjrn#QpBEh5dfvaUx-o2.mp3#Audio#Saved%20audio%20file%20'QpBEh5dfvaUx-o2.mp3'
02%2F10%2F2025#15%3A16#Simjrn#QpBEh5dfvaUx-o1.mp3#Audio#Saved%20audio%20file%20'QpBEh5dfvaUx-o1.mp3'
02%2F10%2F2025#15%3A16#Simjrn#QpBEh5dfvaUx.mp3#Audio#Saved%20audio%20file%20'QpBEh5dfvaUx.mp3'
02%2F10%2F2025#15%3A16#Simjrn#QpBEh5dfvaUx#Question#Added%20new%20'PickOneMeaning'%20question%20to%20lesson%20'tnPbBinGmNL3'
02%2F10%2F2025#15%3A15#Simjrn#tnPbBinGmNL3#Lesson#Added%20new%20lesson%202%20to%20skill%20'ZwGjw0czI6CN'
02%2F10%2F2025#15%3A15#Simjrn#WkaDPxmfmmKq#Lesson#Deleted%20lesson%202%20from%20skill%20'ZwGjw0czI6CN'
02%2F10%2F2025#15%3A15#Simjrn#audio_match_id2.mp3#Audio#Saved%20audio%20file%20'audio_match_id2.mp3'
02%2F10%2F2025#15%3A15#Simjrn#audio_match_id1.mp3#Audio#Saved%20audio%20file%20'audio_match_id1.mp3'
02%2F10%2F2025#15%3A14#Simjrn#pcBQM2A5Qcl8#Question#Added%20new%20'AudioMatch'%20question%20to%20lesson%20'WkaDPxmfmmKq'
02%2F10%2F2025#15%3A14#Simjrn#2w2xo4STeTvG#Question#Added%20new%20'AudioMatch'%20question%20to%20lesson%20'WkaDPxmfmmKq'
02%2F10%2F2025#15%3A14#Simjrn#UjxyHY2vIIKK#Question#Deleted%20question%20'UjxyHY2vIIKK'%20from%20lesson%20'WkaDPxmfmmKq'
02%2F10%2F2025#15%3A13#Simjrn#n24ynRj59tZb#Question#Added%20new%20'AudioMatch'%20question%20to%20lesson%20'WkaDPxmfmmKq'
02%2F10%2F2025#15%3A13#Simjrn#C1P0cXfVvDxE#Question#Deleted%20question%20'C1P0cXfVvDxE'%20from%20lesson%20'WkaDPxmfmmKq'
02%2F10%2F2025#15%3A13#Simjrn#UjxyHY2vIIKK#Question#Added%20new%20'SpellingPick'%20question%20to%20lesson%20'WkaDPxmfmmKq'
02%2F10%2F2025#15%3A13#Simjrn#cmE0W5dqFTXh#Question#Deleted%20question%20'cmE0W5dqFTXh'%20from%20lesson%20'WkaDPxmfmmKq'
02%2F10%2F2025#15%3A13#Simjrn#audio_match_id2.mp3#Audio#Saved%20audio%20file%20'audio_match_id2.mp3'
02%2F10%2F2025#15%3A13#Simjrn#audio_match_id1.mp3#Audio#Saved%20audio%20file%20'audio_match_id1.mp3'
02%2F10%2F2025#15%3A12#Simjrn#C1P0cXfVvDxE#Question#Added%20new%20'AudioMatch'%20question%20to%20lesson%20'WkaDPxmfmmKq'
02%2F10%2F2025#15%3A12#Simjrn#SAB9eipoduwT#Question#Deleted%20question%20'SAB9eipoduwT'%20from%20lesson%20'WkaDPxmfmmKq'
02%2F10%2F2025#15%3A12#Simjrn#SAB9eipoduwT#Question#Added%20new%20'AudioMatch'%20question%20to%20lesson%20'WkaDPxmfmmKq'
02%2F10%2F2025#15%3A12#Simjrn#pUkiUACmLnas#Question#Deleted%20question%20'pUkiUACmLnas'%20from%20lesson%20'WkaDPxmfmmKq'
02%2F10%2F2025#15%3A12#Simjrn#ReMH1ivUhmUM94LwNB.mp3#Audio#Saved%20audio%20file%20'ReMH1ivUhmUM94LwNB.mp3'
02%2F10%2F2025#15%3A11#Simjrn#PEkYn9AFbg8ZHKsy9i.mp3#Audio#Saved%20audio%20file%20'PEkYn9AFbg8ZHKsy9i.mp3'
02%2F10%2F2025#15%3A11#Simjrn#audio_match_id1.mp3#Audio#Saved%20audio%20file%20'audio_match_id1.mp3'
02%2F10%2F2025#15%3A11#Simjrn#audio_match_id2.mp3#Audio#Saved%20audio%20file%20'audio_match_id2.mp3'
02%2F10%2F2025#15%3A09#Simjrn#7Mzsc33iR4h0V15pGI.mp3#Audio#Saved%20audio%20file%20'7Mzsc33iR4h0V15pGI.mp3'
02%2F10%2F2025#15%3A09#Simjrn#rcsGfNddph79QMVYjE.mp3#Audio#Saved%20audio%20file%20'rcsGfNddph79QMVYjE.mp3'
02%2F10%2F2025#15%3A07#Simjrn#pUkiUACmLnas#Question#Added%20new%20'AudioMatch'%20question%20to%20lesson%20'WkaDPxmfmmKq'
02%2F10%2F2025#15%3A06#Simjrn#orO2go8mWL1o#Question#Deleted%20question%20'orO2go8mWL1o'%20from%20lesson%20'WkaDPxmfmmKq'
02%2F10%2F2025#15%3A06#Simjrn#Ol32cAtTOLyg#Question#Deleted%20question%20'Ol32cAtTOLyg'%20from%20lesson%20'WkaDPxmfmmKq'
02%2F10%2F2025#15%3A06#Simjrn#cmE0W5dqFTXh#Question#Added%20new%20'AudioMatch'%20question%20to%20lesson%20'WkaDPxmfmmKq'
02%2F10%2F2025#15%3A05#Simjrn#WkaDPxmfmmKq#Lesson#Added%20new%20lesson%202%20to%20skill%20'ZwGjw0czI6CN'
02%2F10%2F2025#15%3A04#Simjrn#ym1mRbey5cBD.mp3#Audio#Saved%20audio%20file%20'ym1mRbey5cBD.mp3'
02%2F10%2F2025#15%3A04#Simjrn#ym1mRbey5cBD#Question#Added%20new%20'SpellingPick'%20question%20to%20lesson%20'og7VVyguCV3Q'
02%2F10%2F2025#15%3A03#Simjrn#WBgmGgAkXQj1.mp3#Audio#Saved%20audio%20file%20'WBgmGgAkXQj1.mp3'
02%2F10%2F2025#15%3A03#Simjrn#WBgmGgAkXQj1#Question#Added%20new%20'SpellingPick'%20question%20to%20lesson%20'og7VVyguCV3Q'
02%2F10%2F2025#15%3A02#Simjrn#zmLH9W91cfSr.mp3#Audio#Saved%20audio%20file%20'zmLH9W91cfSr.mp3'
02%2F10%2F2025#15%3A01#Simjrn#fs0G9t6wNtGF.mp3#Audio#Saved%20audio%20file%20'fs0G9t6wNtGF.mp3'
02%2F10%2F2025#15%3A01#Simjrn#zmLH9W91cfSr#Question#Added%20new%20'SpellingPick'%20question%20to%20lesson%20'og7VVyguCV3Q'
02%2F10%2F2025#15%3A01#Simjrn#fs0G9t6wNtGF#Question#Added%20new%20'SpellingPick'%20question%20to%20lesson%20'og7VVyguCV3Q'
02%2F10%2F2025#15%3A00#Simjrn#5L8eE74X1vPJ.mp3#Audio#Saved%20audio%20file%20'5L8eE74X1vPJ.mp3'
02%2F10%2F2025#15%3A00#Simjrn#5L8eE74X1vPJ#Question#Added%20new%20'SpellingPick'%20question%20to%20lesson%20'og7VVyguCV3Q'
02%2F10%2F2025#15%3A00#Simjrn#1AGQDRQ8Al4q#Question#Deleted%20question%20'1AGQDRQ8Al4q'%20from%20lesson%20'og7VVyguCV3Q'
02%2F10%2F2025#15%3A00#Simjrn#1AGQDRQ8Al4q.mp3#Audio#Saved%20audio%20file%20'1AGQDRQ8Al4q.mp3'
02%2F10%2F2025#14%3A59#Simjrn#1AGQDRQ8Al4q#Question#Added%20new%20'SpellingPick'%20question%20to%20lesson%20'og7VVyguCV3Q'
02%2F10%2F2025#14%3A58#Simjrn#QSKHOpaoLBBs.mp3#Audio#Saved%20audio%20file%20'QSKHOpaoLBBs.mp3'
02%2F10%2F2025#14%3A58#Simjrn#PE4QpPzRqpHR.mp3#Audio#Saved%20audio%20file%20'PE4QpPzRqpHR.mp3'
02%2F10%2F2025#14%3A57#Simjrn#Hpob8Gx9cLeI.mp3#Audio#Saved%20audio%20file%20'Hpob8Gx9cLeI.mp3'
02%2F10%2F2025#14%3A57#Simjrn#QSKHOpaoLBBs#Question#Added%20new%20'SpellingPick'%20question%20to%20lesson%20'og7VVyguCV3Q'
02%2F10%2F2025#14%3A57#Simjrn#PE4QpPzRqpHR#Question#Added%20new%20'SpellingPick'%20question%20to%20lesson%20'og7VVyguCV3Q'
02%2F10%2F2025#14%3A57#Simjrn#Hpob8Gx9cLeI#Question#Added%20new%20'SpellingPick'%20question%20to%20lesson%20'og7VVyguCV3Q'
02%2F10%2F2025#14%3A56#Simjrn#pYO7lF14ySti.mp3#Audio#Saved%20audio%20file%20'pYO7lF14ySti.mp3'
02%2F10%2F2025#14%3A55#Simjrn#SFJIUTeTK4kZ.mp3#Audio#Saved%20audio%20file%20'SFJIUTeTK4kZ.mp3'
02%2F10%2F2025#14%3A55#Simjrn#oeCoZ1YYSmHO.mp3#Audio#Saved%20audio%20file%20'oeCoZ1YYSmHO.mp3'
02%2F10%2F2025#14%3A55#Simjrn#pYO7lF14ySti#Question#Added%20new%20'SpellingPick'%20question%20to%20lesson%20'og7VVyguCV3Q'
02%2F10%2F2025#14%3A55#Simjrn#SFJIUTeTK4kZ#Question#Added%20new%20'SpellingPick'%20question%20to%20lesson%20'og7VVyguCV3Q'
02%2F10%2F2025#14%3A54#Simjrn#GoMnb9HFCXrc#Question#Deleted%20question%20'GoMnb9HFCXrc'%20from%20lesson%20'og7VVyguCV3Q'
02%2F10%2F2025#14%3A54#Simjrn#ZSzuh8YuzGda#Question#Deleted%20question%20'ZSzuh8YuzGda'%20from%20lesson%20'og7VVyguCV3Q'
02%2F10%2F2025#14%3A54#Simjrn#oeCoZ1YYSmHO#Question#Added%20new%20'SpellingPick'%20question%20to%20lesson%20'og7VVyguCV3Q'
02%2F10%2F2025#14%3A54#Simjrn#ZwGjw0czI6CN#Skill#Moved%20skill%20'Phonology'%20to%20Unit%200
01%2F10%2F2025#16%3A37#simjrn#000000000000#Project#Updated%20project%20metadata
01%2F10%2F2025#16%3A36#simjrn#IO4AFPMEJbTS#Question#Deleted%20question%20'IO4AFPMEJbTS'%20from%20lesson%20'cG05JlryuWNJ'
01%2F10%2F2025#16%3A36#simjrn#UyxzmC0OzBca#Question#Deleted%20question%20'UyxzmC0OzBca'%20from%20lesson%20'cG05JlryuWNJ'
01%2F10%2F2025#16%3A36#simjrn#T2HB65P68uAW#Question#Deleted%20question%20'T2HB65P68uAW'%20from%20lesson%20'cG05JlryuWNJ'
01%2F10%2F2025#16%3A35#simjrn#koal0TPQR3FI#Question#Deleted%20question%20'koal0TPQR3FI'%20from%20lesson%20'cG05JlryuWNJ'
01%2F10%2F2025#16%3A35#simjrn#Vm65Ldr3alNg#Question#Deleted%20question%20'Vm65Ldr3alNg'%20from%20lesson%20'cG05JlryuWNJ'
01%2F10%2F2025#16%3A35#simjrn#9nrIDSNVqXst#Question#Deleted%20question%20'9nrIDSNVqXst'%20from%20lesson%20'cG05JlryuWNJ'
01%2F10%2F2025#16%3A34#simjrn#kRGQo5kc2xYp#Question#Deleted%20question%20'kRGQo5kc2xYp'%20from%20lesson%20'cG05JlryuWNJ'
01%2F10%2F2025#16%3A34#simjrn#uKhREaaCabrW#Question#Deleted%20question%20'uKhREaaCabrW'%20from%20lesson%20'xJLi3LUt5Tgr'
01%2F10%2F2025#16%3A34#simjrn#IiIpPsYMWVz7#Question#Deleted%20question%20'IiIpPsYMWVz7'%20from%20lesson%20'xJLi3LUt5Tgr'
01%2F10%2F2025#16%3A34#simjrn#YGHyMJbPfrFM#Question#Deleted%20question%20'YGHyMJbPfrFM'%20from%20lesson%20'xJLi3LUt5Tgr'
01%2F10%2F2025#16%3A34#simjrn#BJYAsat1ceF3#Question#Deleted%20question%20'BJYAsat1ceF3'%20from%20lesson%20'xJLi3LUt5Tgr'
01%2F10%2F2025#16%3A33#simjrn#dvM1ryOnXnds#Question#Deleted%20question%20'dvM1ryOnXnds'%20from%20lesson%20'xJLi3LUt5Tgr'
01%2F10%2F2025#16%3A33#simjrn#FLJOXfTdlmKj#Question#Deleted%20question%20'FLJOXfTdlmKj'%20from%20lesson%20'xJLi3LUt5Tgr'
01%2F10%2F2025#16%3A32#simjrn#DDE0DEC5OZcZ#Question#Deleted%20question%20'DDE0DEC5OZcZ'%20from%20lesson%20'xJLi3LUt5Tgr'
01%2F10%2F2025#16%3A32#simjrn#aW12ZMTIBH1U#Question#Deleted%20question%20'aW12ZMTIBH1U'%20from%20lesson%20'CvEVs5buSGTb'
01%2F10%2F2025#16%3A32#simjrn#Gt8Yv6U3zdw4#Question#Deleted%20question%20'Gt8Yv6U3zdw4'%20from%20lesson%20'CvEVs5buSGTb'
01%2F10%2F2025#16%3A32#simjrn#6wURkxuB7BRk#Question#Deleted%20question%20'6wURkxuB7BRk'%20from%20lesson%20'CvEVs5buSGTb'
01%2F10%2F2025#16%3A31#simjrn#H7KM2ThruGep.mp3#Audio#Deleted%20audio%20file%20'H7KM2ThruGep.mp3'
01%2F10%2F2025#16%3A31#simjrn#H7KM2ThruGep.mp3#Audio#Saved%20audio%20file%20'H7KM2ThruGep.mp3'
01%2F10%2F2025#16%3A31#simjrn#KgjVspOOXbAq#Question#Deleted%20question%20'KgjVspOOXbAq'%20from%20lesson%20'CvEVs5buSGTb'
01%2F10%2F2025#16%3A31#simjrn#FiXO8XuU6cAp#Question#Deleted%20question%20'FiXO8XuU6cAp'%20from%20lesson%20'CvEVs5buSGTb'
01%2F10%2F2025#16%3A30#simjrn#3u2y7mcM2PrC#Question#Deleted%20question%20'3u2y7mcM2PrC'%20from%20lesson%20'CvEVs5buSGTb'
01%2F10%2F2025#16%3A30#simjrn#D8tQoT2mxNf2#Question#Deleted%20question%20'D8tQoT2mxNf2'%20from%20lesson%20'CvEVs5buSGTb'
01%2F10%2F2025#16%3A29#simjrn#ZyqAlzqjWrLc#Question#Deleted%20question%20'ZyqAlzqjWrLc'%20from%20lesson%20'TG2F1VBcx0Ba'
01%2F10%2F2025#16%3A29#simjrn#EHc0g8InMKFt#Question#Deleted%20question%20'EHc0g8InMKFt'%20from%20lesson%20'TG2F1VBcx0Ba'
01%2F10%2F2025#16%3A29#simjrn#OU6hFD2Uyhkc#Question#Deleted%20question%20'OU6hFD2Uyhkc'%20from%20lesson%20'TG2F1VBcx0Ba'
01%2F10%2F2025#16%3A29#simjrn#J4Ml9RwjRLvj#Question#Deleted%20question%20'J4Ml9RwjRLvj'%20from%20lesson%20'TG2F1VBcx0Ba'
01%2F10%2F2025#16%3A28#simjrn#iTXiT3WHmHR4#Question#Deleted%20question%20'iTXiT3WHmHR4'%20from%20lesson%20'TG2F1VBcx0Ba'
01%2F10%2F2025#16%3A28#simjrn#EcLkiCm9pagJ#Question#Deleted%20question%20'EcLkiCm9pagJ'%20from%20lesson%20'TG2F1VBcx0Ba'
01%2F10%2F2025#16%3A28#simjrn#ztWh8Sl3ARn7#Question#Deleted%20question%20'ztWh8Sl3ARn7'%20from%20lesson%20'TG2F1VBcx0Ba'
01%2F10%2F2025#16%3A28#simjrn#wE4VCdetkkkj#Question#Deleted%20question%20'wE4VCdetkkkj'%20from%20lesson%20'TG2F1VBcx0Ba'
01%2F10%2F2025#16%3A28#simjrn#9c7k124ICobM#Question#Deleted%20question%20'9c7k124ICobM'%20from%20lesson%20'TG2F1VBcx0Ba'
01%2F10%2F2025#16%3A28#simjrn#IDgbNIx4E6lm#Question#Deleted%20question%20'IDgbNIx4E6lm'%20from%20lesson%20'TG2F1VBcx0Ba'
01%2F10%2F2025#16%3A28#simjrn#BkVI7u0SePfV#Question#Deleted%20question%20'BkVI7u0SePfV'%20from%20lesson%20'TG2F1VBcx0Ba'
01%2F10%2F2025#16%3A28#simjrn#1BMR57xDaYPa#Question#Deleted%20question%20'1BMR57xDaYPa'%20from%20lesson%20'TG2F1VBcx0Ba'
01%2F10%2F2025#16%3A27#simjrn#abCSfJa2Vtxi#Question#Deleted%20question%20'abCSfJa2Vtxi'%20from%20lesson%20'TG2F1VBcx0Ba'
01%2F10%2F2025#16%3A27#simjrn#MijxyWVMcsDJ#Question#Deleted%20question%20'MijxyWVMcsDJ'%20from%20lesson%20'TG2F1VBcx0Ba'
01%2F10%2F2025#16%3A27#simjrn#e4SBzwWW29ei#Question#Deleted%20question%20'e4SBzwWW29ei'%20from%20lesson%20'bMogzfb1d1WY'
01%2F10%2F2025#16%3A26#simjrn#SmiqRVXlsaxz#Question#Deleted%20question%20'SmiqRVXlsaxz'%20from%20lesson%20'bMogzfb1d1WY'
01%2F10%2F2025#16%3A26#simjrn#wZG4gh5yrLGS#Question#Deleted%20question%20'wZG4gh5yrLGS'%20from%20lesson%20'bMogzfb1d1WY'
01%2F10%2F2025#16%3A26#simjrn#c6pQP7kyAUwp#Question#Deleted%20question%20'c6pQP7kyAUwp'%20from%20lesson%20'bMogzfb1d1WY'
01%2F10%2F2025#16%3A26#simjrn#D5cI02YZlNCU#Question#Deleted%20question%20'D5cI02YZlNCU'%20from%20lesson%20'bMogzfb1d1WY'
01%2F10%2F2025#16%3A26#simjrn#hw4N88X3UIuR#Question#Deleted%20question%20'hw4N88X3UIuR'%20from%20lesson%20'bMogzfb1d1WY'
01%2F10%2F2025#16%3A26#simjrn#NaV3NLykRfyI#Question#Deleted%20question%20'NaV3NLykRfyI'%20from%20lesson%20'bMogzfb1d1WY'
01%2F10%2F2025#16%3A26#simjrn#BUnu68RUNPz9#Question#Deleted%20question%20'BUnu68RUNPz9'%20from%20lesson%20'bMogzfb1d1WY'
01%2F10%2F2025#16%3A26#simjrn#ry37CcyrK8gj#Question#Deleted%20question%20'ry37CcyrK8gj'%20from%20lesson%20'bMogzfb1d1WY'
01%2F10%2F2025#16%3A26#simjrn#PxGVKZok7uSF#Question#Deleted%20question%20'PxGVKZok7uSF'%20from%20lesson%20'bMogzfb1d1WY'
01%2F10%2F2025#16%3A26#simjrn#D4T7mZSnb6gc#Question#Deleted%20question%20'D4T7mZSnb6gc'%20from%20lesson%20'bMogzfb1d1WY'
01%2F10%2F2025#16%3A26#simjrn#QmQ8zukc4nhi#Question#Deleted%20question%20'QmQ8zukc4nhi'%20from%20lesson%20'bMogzfb1d1WY'
01%2F10%2F2025#16%3A25#simjrn#dxMEWvIITLm6#Question#Deleted%20question%20'dxMEWvIITLm6'%20from%20lesson%20'bMogzfb1d1WY'
01%2F10%2F2025#16%3A25#simjrn#gMtarWkQV40z#Sentences#Updated%20sentences%20for%20skill%20'Changing%20the%20verb'
01%2F10%2F2025#16%3A24#simjrn#nXc5HkaartBu#Skill#Updated%20skill%20'People'%20details
01%2F10%2F2025#16%3A20#simjrn#000000000000#Project#Updated%20project%20metadata
01%2F10%2F2025#16%3A20#simjrn#nXc5HkaartBu#Sentences#Updated%20sentences%20for%20skill%20'People'
01%2F10%2F2025#16%3A16#simjrn#kO1CeodxDV4O#Lock#Unlocked%20lesson%201
01%2F10%2F2025#16%3A16#simjrn#kO1CeodxDV4O#Lock#Locked%20lesson%201
01%2F10%2F2025#16%3A15#simjrn#07toUJ62tnj4.mp3#Audio#Saved%20audio%20file%20'07toUJ62tnj4.mp3'
01%2F10%2F2025#16%3A14#simjrn#nXc5HkaartBu#Vocab#Updated%20vocabulary%20for%20skill%20'People'
01%2F10%2F2025#15%3A58#simjrn#nXc5HkaartBu#Sentences#Updated%20sentences%20for%20skill%20'People'
01%2F10%2F2025#15%3A54#simjrn#nXc5HkaartBu#Vocab#Updated%20vocabulary%20for%20skill%20'People'
01%2F10%2F2025#15%3A52#simjrn#nXc5HkaartBu#Notes#Updated%20notes%20for%20skill%20'People'
01%2F10%2F2025#15%3A51#simjrn#nXc5HkaartBu#Notes#Updated%20notes%20for%20skill%20'People'
01%2F10%2F2025#15%3A51#simjrn#nXc5HkaartBu#Notes#Updated%20notes%20for%20skill%20'People'
01%2F10%2F2025#15%3A51#simjrn#nXc5HkaartBu#Notes#Updated%20notes%20for%20skill%20'People'
01%2F10%2F2025#15%3A51#simjrn#IkMeNjaSf75t#Skill#Added%20new%20skill%20'New%20Skill'%20to%20unit%207
01%2F10%2F2025#15%3A51#simjrn#nXc5HkaartBu#Notes#Updated%20notes%20for%20skill%20'People'
01%2F10%2F2025#15%3A50#simjrn#nXc5HkaartBu#Vocab#Updated%20vocabulary%20for%20skill%20'People'
01%2F10%2F2025#15%3A45#simjrn#nXc5HkaartBu#Notes#Updated%20notes%20for%20skill%20'People'
01%2F10%2F2025#15%3A45#simjrn#nXc5HkaartBu#Skill#Updated%20skill%20'People'%20details
01%2F10%2F2025#15%3A45#simjrn#nXc5HkaartBu#Skill#Updated%20skill%20'People'%20details
01%2F10%2F2025#15%3A45#simjrn#nXc5HkaartBu#Skill#Added%20new%20skill%20'New%20Skill'%20to%20unit%207
01%2F10%2F2025#15%3A44#simjrn#ycANveJeheZX.mp3#Audio#Saved%20audio%20file%20'ycANveJeheZX.mp3'
01%2F10%2F2025#15%3A44#simjrn#bu634NWIILQB#Question#Deleted%20question%20'bu634NWIILQB'%20from%20lesson%20'0UeIvAoCJLU8'
01%2F10%2F2025#15%3A43#simjrn#bu634NWIILQB#Question#Added%20new%20'Match'%20question%20to%20lesson%20'0UeIvAoCJLU8'
01%2F10%2F2025#15%3A41#simjrn#vryj71USx8lq.mp3#Audio#Saved%20audio%20file%20'vryj71USx8lq.mp3'
01%2F10%2F2025#15%3A39#simjrn#chaXJO7tIaef.mp3#Audio#Saved%20audio%20file%20'chaXJO7tIaef.mp3'
30%2F09%2F2025#17%3A43#Simjrn#000000000000#Project#Updated%20project%20metadata
30%2F09%2F2025#17%3A42#Simjrn#V0DUK0o2B7Zm#Question#Deleted%20question%20'V0DUK0o2B7Zm'%20from%20lesson%20'SOkUPPLWOdW5'
30%2F09%2F2025#17%3A42#Simjrn#BQfcoNG3nmC7#Question#Deleted%20question%20'BQfcoNG3nmC7'%20from%20lesson%20'SOkUPPLWOdW5'
30%2F09%2F2025#17%3A42#Simjrn#MqBiPXhktGVi#Question#Deleted%20question%20'MqBiPXhktGVi'%20from%20lesson%20'SOkUPPLWOdW5'
30%2F09%2F2025#17%3A42#Simjrn#Xzna6huEuchB#Question#Deleted%20question%20'Xzna6huEuchB'%20from%20lesson%20'SOkUPPLWOdW5'
30%2F09%2F2025#17%3A42#Simjrn#h9biO72h4OpX#Question#Deleted%20question%20'h9biO72h4OpX'%20from%20lesson%20'SOkUPPLWOdW5'
30%2F09%2F2025#17%3A39#Simjrn#1SWKeDqYgsRS#Question#Deleted%20question%20'1SWKeDqYgsRS'%20from%20lesson%20'SOkUPPLWOdW5'
30%2F09%2F2025#17%3A37#Simjrn#5aTmErv2gSzo#Question#Deleted%20question%20'5aTmErv2gSzo'%20from%20lesson%20'SOkUPPLWOdW5'
30%2F09%2F2025#17%3A36#Simjrn#qnKLdfjvdvhR#Question#Deleted%20question%20'qnKLdfjvdvhR'%20from%20lesson%20'UZks0inElqaJ'
30%2F09%2F2025#17%3A34#Simjrn#6ldbBg6Dfl0O#Question#Deleted%20question%20'6ldbBg6Dfl0O'%20from%20lesson%20'UZks0inElqaJ'
30%2F09%2F2025#17%3A34#Simjrn#EnecYHnj9CJN#Question#Deleted%20question%20'EnecYHnj9CJN'%20from%20lesson%20'UZks0inElqaJ'
30%2F09%2F2025#17%3A34#Simjrn#jVgw9b1eem7W#Question#Deleted%20question%20'jVgw9b1eem7W'%20from%20lesson%20'UZks0inElqaJ'
30%2F09%2F2025#17%3A34#Simjrn#FDMiUXjMhBTt#Question#Deleted%20question%20'FDMiUXjMhBTt'%20from%20lesson%20'UZks0inElqaJ'
30%2F09%2F2025#17%3A33#Simjrn#Ip7m2DBKzhno#Question#Deleted%20question%20'Ip7m2DBKzhno'%20from%20lesson%20'UZks0inElqaJ'
30%2F09%2F2025#17%3A33#Simjrn#D65Jf02iZZDs#Question#Deleted%20question%20'D65Jf02iZZDs'%20from%20lesson%20'UZks0inElqaJ'
30%2F09%2F2025#17%3A31#Simjrn#ZoLuBoJgueQy#Question#Deleted%20question%20'ZoLuBoJgueQy'%20from%20lesson%20'EpmO7q3Kvb72'
30%2F09%2F2025#17%3A31#Simjrn#GhbrqoiOiu0S#Question#Deleted%20question%20'GhbrqoiOiu0S'%20from%20lesson%20'EpmO7q3Kvb72'
30%2F09%2F2025#17%3A30#Simjrn#0XutneoiHF48#Question#Deleted%20question%20'0XutneoiHF48'%20from%20lesson%20'EpmO7q3Kvb72'
30%2F09%2F2025#17%3A29#Simjrn#YCXeL1lPjiNc#Question#Deleted%20question%20'YCXeL1lPjiNc'%20from%20lesson%20'EpmO7q3Kvb72'
30%2F09%2F2025#17%3A29#Simjrn#sE94Xc8lvKy3#Question#Deleted%20question%20'sE94Xc8lvKy3'%20from%20lesson%20'EpmO7q3Kvb72'
30%2F09%2F2025#17%3A28#Simjrn#1QtI0NQZTtBW#Question#Deleted%20question%20'1QtI0NQZTtBW'%20from%20lesson%20'EpmO7q3Kvb72'
30%2F09%2F2025#17%3A28#Simjrn#DlVs5HUUnn6L#Question#Deleted%20question%20'DlVs5HUUnn6L'%20from%20lesson%20'EpmO7q3Kvb72'
30%2F09%2F2025#17%3A26#Simjrn#uQ7RdYv2FlIL#Question#Deleted%20question%20'uQ7RdYv2FlIL'%20from%20lesson%20'EpmO7q3Kvb72'
30%2F09%2F2025#17%3A24#Simjrn#XkL1DJCawbG8#Question#Deleted%20question%20'XkL1DJCawbG8'%20from%20lesson%20'VZ8HvdbvYYBR'
30%2F09%2F2025#17%3A24#Simjrn#FYTJcNe8E0Hx#Question#Deleted%20question%20'FYTJcNe8E0Hx'%20from%20lesson%20'VZ8HvdbvYYBR'
30%2F09%2F2025#17%3A23#Simjrn#o1j8uPTsCHlR#Question#Deleted%20question%20'o1j8uPTsCHlR'%20from%20lesson%20'VZ8HvdbvYYBR'
30%2F09%2F2025#17%3A22#Simjrn#BKLZbO9619f3#Question#Deleted%20question%20'BKLZbO9619f3'%20from%20lesson%20'VZ8HvdbvYYBR'
30%2F09%2F2025#17%3A22#Simjrn#5AbV3Nl54JKT#Question#Deleted%20question%20'5AbV3Nl54JKT'%20from%20lesson%20'VZ8HvdbvYYBR'
30%2F09%2F2025#17%3A22#Simjrn#rn5tf3IKKQpa#Question#Deleted%20question%20'rn5tf3IKKQpa'%20from%20lesson%20'VZ8HvdbvYYBR'
30%2F09%2F2025#17%3A22#Simjrn#lq9FT5r71sCy#Question#Deleted%20question%20'lq9FT5r71sCy'%20from%20lesson%20'VZ8HvdbvYYBR'
30%2F09%2F2025#17%3A22#Simjrn#IPTSWFJsJxoQ#Question#Deleted%20question%20'IPTSWFJsJxoQ'%20from%20lesson%20'VZ8HvdbvYYBR'
30%2F09%2F2025#17%3A22#Simjrn#xO3VRrdHkta7#Question#Deleted%20question%20'xO3VRrdHkta7'%20from%20lesson%20'VZ8HvdbvYYBR'
30%2F09%2F2025#17%3A22#Simjrn#AGnEj4z2eFh4#Question#Deleted%20question%20'AGnEj4z2eFh4'%20from%20lesson%20'VZ8HvdbvYYBR'
30%2F09%2F2025#17%3A22#Simjrn#mHq9zUG42IZJ#Question#Deleted%20question%20'mHq9zUG42IZJ'%20from%20lesson%20'VZ8HvdbvYYBR'
30%2F09%2F2025#17%3A21#Simjrn#sTC2PnYR2xz5#Question#Deleted%20question%20'sTC2PnYR2xz5'%20from%20lesson%20'VZ8HvdbvYYBR'
30%2F09%2F2025#17%3A20#Simjrn#pognnVHWRGBs#Question#Deleted%20question%20'pognnVHWRGBs'%20from%20lesson%20'VZ8HvdbvYYBR'
30%2F09%2F2025#17%3A20#Simjrn#Vcwq1JVyt1Vv#Question#Deleted%20question%20'Vcwq1JVyt1Vv'%20from%20lesson%20'VZ8HvdbvYYBR'
30%2F09%2F2025#17%3A20#Simjrn#MOEMi28FttO7#Question#Deleted%20question%20'MOEMi28FttO7'%20from%20lesson%20'tOXXuciF9dwz'
30%2F09%2F2025#17%3A20#Simjrn#5L4No151zlb6#Question#Deleted%20question%20'5L4No151zlb6'%20from%20lesson%20'tOXXuciF9dwz'
30%2F09%2F2025#17%3A20#Simjrn#v1hsCc7a31Vw#Question#Deleted%20question%20'v1hsCc7a31Vw'%20from%20lesson%20'tOXXuciF9dwz'
30%2F09%2F2025#17%3A16#Simjrn#vy5s5JgxKFee#Question#Deleted%20question%20'vy5s5JgxKFee'%20from%20lesson%20'tOXXuciF9dwz'
30%2F09%2F2025#17%3A16#Simjrn#Abl42RiOVyQG#Question#Deleted%20question%20'Abl42RiOVyQG'%20from%20lesson%20'tOXXuciF9dwz'
30%2F09%2F2025#17%3A16#Simjrn#1EDwykFDt0TD#Question#Deleted%20question%20'1EDwykFDt0TD'%20from%20lesson%20'tOXXuciF9dwz'
30%2F09%2F2025#17%3A16#Simjrn#R2nE00I4HcOB#Question#Deleted%20question%20'R2nE00I4HcOB'%20from%20lesson%20'tOXXuciF9dwz'
30%2F09%2F2025#16%3A30#Simjrn#Q5lWL1bYfy3l#Question#Deleted%20question%20'Q5lWL1bYfy3l'%20from%20lesson%20'tOXXuciF9dwz'
30%2F09%2F2025#16%3A30#Simjrn#WhJTfHA7fygd#Question#Deleted%20question%20'WhJTfHA7fygd'%20from%20lesson%20'tOXXuciF9dwz'
30%2F09%2F2025#16%3A30#Simjrn#qJyQjnJaJNOt#Question#Deleted%20question%20'qJyQjnJaJNOt'%20from%20lesson%20'tOXXuciF9dwz'
30%2F09%2F2025#16%3A30#Simjrn#ZMgQQlomJN6K#Question#Deleted%20question%20'ZMgQQlomJN6K'%20from%20lesson%20'tOXXuciF9dwz'
30%2F09%2F2025#16%3A29#Simjrn#yjnEVtYsD6qi#Question#Deleted%20question%20'yjnEVtYsD6qi'%20from%20lesson%20'tOXXuciF9dwz'
30%2F09%2F2025#16%3A29#Simjrn#fLr8LWvuFBEf#Question#Deleted%20question%20'fLr8LWvuFBEf'%20from%20lesson%20'tOXXuciF9dwz'
30%2F09%2F2025#16%3A29#Simjrn#gMtarWkQV40z#Skill#Updated%20skill%20'Changing%20the%20verb'%20details
30%2F09%2F2025#16%3A25#Simjrn#000000000000#Project#Updated%20project%20metadata
30%2F09%2F2025#16%3A24#Simjrn#gMtarWkQV40z#Sentences#Updated%20sentences%20for%20skill%20'Changing%20the%20verb'
30%2F09%2F2025#16%3A18#Simjrn#gMtarWkQV40z#Notes#Updated%20notes%20for%20skill%20'Changing%20the%20verb'
30%2F09%2F2025#16%3A18#Simjrn#gMtarWkQV40z#Notes#Updated%20notes%20for%20skill%20'Changing%20the%20verb'
30%2F09%2F2025#16%3A10#Simjrn#gMtarWkQV40z#Vocab#Updated%20vocabulary%20for%20skill%20'Changing%20the%20verb'
30%2F09%2F2025#16%3A10#Simjrn#gMtarWkQV40z#Vocab#Updated%20vocabulary%20for%20skill%20'Changing%20the%20verb'
30%2F09%2F2025#16%3A05#Simjrn#gMtarWkQV40z#Skill#Updated%20skill%20'Changing%20the%20verb'%20details
30%2F09%2F2025#16%3A04#Simjrn#gMtarWkQV40z#Skill#Updated%20skill%20'Changing%20the%20verb'%20details
30%2F09%2F2025#16%3A04#Simjrn#gMtarWkQV40z#Notes#Updated%20notes%20for%20skill%20'New%20Skill'
30%2F09%2F2025#16%3A04#Simjrn#gMtarWkQV40z#Skill#Added%20new%20skill%20'New%20Skill'%20to%20unit%207
30%2F09%2F2025#16%3A03#Simjrn#o59PrLowcDQ7#Question#Deleted%20question%20'o59PrLowcDQ7'%20from%20lesson%20'cVOO5lj9VuOc'
30%2F09%2F2025#16%3A02#Simjrn#o59PrLowcDQ7.mp3#Audio#Saved%20audio%20file%20'o59PrLowcDQ7.mp3'
02%2F09%2F2025#15%3A05#Simjrn#000000000000#Project#Updated%20project%20metadata
02%2F09%2F2025#14%3A48#Simjrn#KunF6MSoq1Da#Question#Deleted%20question%20'KunF6MSoq1Da'%20from%20lesson%20'5sX2hhlFZ0Wa'
02%2F09%2F2025#14%3A46#Simjrn#zIrGPheKywUq#Question#Deleted%20question%20'zIrGPheKywUq'%20from%20lesson%20'5sX2hhlFZ0Wa'
02%2F09%2F2025#14%3A46#Simjrn#Y1BcHGWOURhq#Question#Deleted%20question%20'Y1BcHGWOURhq'%20from%20lesson%20'5sX2hhlFZ0Wa'
02%2F09%2F2025#14%3A45#Simjrn#5qhLRioxI8Ct#Question#Deleted%20question%20'5qhLRioxI8Ct'%20from%20lesson%20'5sX2hhlFZ0Wa'
02%2F09%2F2025#14%3A45#Simjrn#ErAtKZ1P03Fq#Question#Deleted%20question%20'ErAtKZ1P03Fq'%20from%20lesson%20'5sX2hhlFZ0Wa'
02%2F09%2F2025#14%3A45#Simjrn#2JLQYKcY4rkQ#Question#Deleted%20question%20'2JLQYKcY4rkQ'%20from%20lesson%20'5sX2hhlFZ0Wa'
02%2F09%2F2025#14%3A45#Simjrn#qRFEC1kHbQ5p#Question#Deleted%20question%20'qRFEC1kHbQ5p'%20from%20lesson%20'5sX2hhlFZ0Wa'
02%2F09%2F2025#14%3A45#Simjrn#h0Y0Jw960KH5#Question#Deleted%20question%20'h0Y0Jw960KH5'%20from%20lesson%20'Ja2jPjiQDODu'
02%2F09%2F2025#14%3A45#Simjrn#1rcVJmghLYz9#Question#Deleted%20question%20'1rcVJmghLYz9'%20from%20lesson%20'Ja2jPjiQDODu'
02%2F09%2F2025#14%3A45#Simjrn#k41I5aVZyJh6#Question#Deleted%20question%20'k41I5aVZyJh6'%20from%20lesson%20'Ja2jPjiQDODu'
02%2F09%2F2025#14%3A43#Simjrn#VZcywQtrt722#Question#Deleted%20question%20'VZcywQtrt722'%20from%20lesson%20'Ja2jPjiQDODu'
02%2F09%2F2025#14%3A43#Simjrn#Lln6uJqXVrWg#Question#Deleted%20question%20'Lln6uJqXVrWg'%20from%20lesson%20'Ja2jPjiQDODu'
02%2F09%2F2025#14%3A43#Simjrn#PZ6EBuc1ThYU#Question#Deleted%20question%20'PZ6EBuc1ThYU'%20from%20lesson%20'Ja2jPjiQDODu'
02%2F09%2F2025#14%3A43#Simjrn#wbdSs701CTdW#Question#Deleted%20question%20'wbdSs701CTdW'%20from%20lesson%20'Ja2jPjiQDODu'
02%2F09%2F2025#14%3A42#Simjrn#fLcnS9v7IfTi#Question#Deleted%20question%20'fLcnS9v7IfTi'%20from%20lesson%20'74LbmpsvEvr1'
02%2F09%2F2025#14%3A42#Simjrn#204Ag6NSQiL7#Question#Deleted%20question%20'204Ag6NSQiL7'%20from%20lesson%20'74LbmpsvEvr1'
02%2F09%2F2025#14%3A42#Simjrn#M5BmHv18JLn7#Question#Deleted%20question%20'M5BmHv18JLn7'%20from%20lesson%20'74LbmpsvEvr1'
02%2F09%2F2025#14%3A40#Simjrn#3gNV1cLRbzk9#Question#Deleted%20question%20'3gNV1cLRbzk9'%20from%20lesson%20'74LbmpsvEvr1'
02%2F09%2F2025#14%3A40#Simjrn#jkq78metJd7g#Question#Deleted%20question%20'jkq78metJd7g'%20from%20lesson%20'74LbmpsvEvr1'
02%2F09%2F2025#14%3A40#Simjrn#MyXEve5759Qp#Question#Deleted%20question%20'MyXEve5759Qp'%20from%20lesson%20'74LbmpsvEvr1'
02%2F09%2F2025#14%3A40#Simjrn#MylUZmJNichR#Question#Deleted%20question%20'MylUZmJNichR'%20from%20lesson%20'74LbmpsvEvr1'
02%2F09%2F2025#14%3A40#Simjrn#lBi5TmxE7GZu#Question#Deleted%20question%20'lBi5TmxE7GZu'%20from%20lesson%20'74LbmpsvEvr1'
02%2F09%2F2025#14%3A39#Simjrn#Vm0utMLNzOab#Question#Deleted%20question%20'Vm0utMLNzOab'%20from%20lesson%20'T5VYWyXNdI9T'
02%2F09%2F2025#14%3A39#Simjrn#JNlCGTdVAvfr#Question#Deleted%20question%20'JNlCGTdVAvfr'%20from%20lesson%20'T5VYWyXNdI9T'
02%2F09%2F2025#14%3A39#Simjrn#0n40q15y3F54#Question#Deleted%20question%20'0n40q15y3F54'%20from%20lesson%20'T5VYWyXNdI9T'
02%2F09%2F2025#14%3A39#Simjrn#ysKejHfxAlDi#Question#Deleted%20question%20'ysKejHfxAlDi'%20from%20lesson%20'T5VYWyXNdI9T'
02%2F09%2F2025#14%3A39#Simjrn#eRBRi7gYmj2t#Question#Deleted%20question%20'eRBRi7gYmj2t'%20from%20lesson%20'T5VYWyXNdI9T'
02%2F09%2F2025#14%3A38#Simjrn#VCMXMiE7zV62#Question#Deleted%20question%20'VCMXMiE7zV62'%20from%20lesson%20'T5VYWyXNdI9T'
02%2F09%2F2025#14%3A38#Simjrn#teh8VGfgKuGB#Question#Deleted%20question%20'teh8VGfgKuGB'%20from%20lesson%20'T5VYWyXNdI9T'
02%2F09%2F2025#14%3A38#Simjrn#YuMy6gfnqTeE#Question#Deleted%20question%20'YuMy6gfnqTeE'%20from%20lesson%20'T5VYWyXNdI9T'
02%2F09%2F2025#14%3A38#Simjrn#4Mu6jeAr73AW#Question#Deleted%20question%20'4Mu6jeAr73AW'%20from%20lesson%20'T5VYWyXNdI9T'
02%2F09%2F2025#14%3A38#Simjrn#jDakOX8ubsOq#Question#Deleted%20question%20'jDakOX8ubsOq'%20from%20lesson%20'T5VYWyXNdI9T'
02%2F09%2F2025#14%3A38#Simjrn#NXyvuWbwVj5t#Question#Deleted%20question%20'NXyvuWbwVj5t'%20from%20lesson%20'T5VYWyXNdI9T'
02%2F09%2F2025#14%3A38#Simjrn#pKQLQzbjFAgs#Question#Deleted%20question%20'pKQLQzbjFAgs'%20from%20lesson%20'T5VYWyXNdI9T'
02%2F09%2F2025#14%3A38#Simjrn#mS0xnsn5C2Ne#Question#Deleted%20question%20'mS0xnsn5C2Ne'%20from%20lesson%20'T5VYWyXNdI9T'
02%2F09%2F2025#14%3A38#Simjrn#8KnWcM69a6iO#Question#Deleted%20question%20'8KnWcM69a6iO'%20from%20lesson%20'T5VYWyXNdI9T'
02%2F09%2F2025#14%3A38#Simjrn#FxyhYtD66wQI#Question#Deleted%20question%20'FxyhYtD66wQI'%20from%20lesson%20'1IaPnJt4vGNy'
02%2F09%2F2025#14%3A38#Simjrn#FGfjifFeKaye#Question#Deleted%20question%20'FGfjifFeKaye'%20from%20lesson%20'1IaPnJt4vGNy'
02%2F09%2F2025#14%3A38#Simjrn#CZ7NXHn2uxaE#Question#Deleted%20question%20'CZ7NXHn2uxaE'%20from%20lesson%20'1IaPnJt4vGNy'
02%2F09%2F2025#14%3A37#Simjrn#81GTNXBEk8Jz#Question#Deleted%20question%20'81GTNXBEk8Jz'%20from%20lesson%20'1IaPnJt4vGNy'
02%2F09%2F2025#14%3A37#Simjrn#n73xY9RBJquY#Question#Deleted%20question%20'n73xY9RBJquY'%20from%20lesson%20'1IaPnJt4vGNy'
02%2F09%2F2025#14%3A37#Simjrn#U97NyZaT10cn#Question#Deleted%20question%20'U97NyZaT10cn'%20from%20lesson%20'1IaPnJt4vGNy'
02%2F09%2F2025#14%3A37#Simjrn#MiJrGXdSs801#Question#Deleted%20question%20'MiJrGXdSs801'%20from%20lesson%20'1IaPnJt4vGNy'
02%2F09%2F2025#14%3A37#Simjrn#IUTl9i6alNON#Question#Deleted%20question%20'IUTl9i6alNON'%20from%20lesson%20'1IaPnJt4vGNy'
02%2F09%2F2025#14%3A37#Simjrn#beP1YTD33oE1#Question#Deleted%20question%20'beP1YTD33oE1'%20from%20lesson%20'1IaPnJt4vGNy'
02%2F09%2F2025#14%3A37#Simjrn#Q0X7f3qsI30Q#Question#Deleted%20question%20'Q0X7f3qsI30Q'%20from%20lesson%20'1IaPnJt4vGNy'
02%2F09%2F2025#14%3A37#Simjrn#zTQUnACPZJuc#Question#Deleted%20question%20'zTQUnACPZJuc'%20from%20lesson%20'1IaPnJt4vGNy'
02%2F09%2F2025#14%3A37#Simjrn#WDKrd8AVC1BG#Question#Deleted%20question%20'WDKrd8AVC1BG'%20from%20lesson%20'1IaPnJt4vGNy'
02%2F09%2F2025#14%3A36#Simjrn#aaljIBI00RN8#Question#Deleted%20question%20'aaljIBI00RN8'%20from%20lesson%20'1IaPnJt4vGNy'
02%2F09%2F2025#14%3A36#Simjrn#WQ3pFUHnrDEC#Skill#Updated%20skill%20'Prepositions'%20details
02%2F09%2F2025#14%3A36#Simjrn#WQ3pFUHnrDEC#Sentences#Updated%20sentences%20for%20skill%20'Prepositions'
02%2F09%2F2025#14%3A35#Simjrn#000000000000#Project#Updated%20project%20metadata
02%2F09%2F2025#14%3A33#Simjrn#WQ3pFUHnrDEC#Sentences#Updated%20sentences%20for%20skill%20'Prepositions'
02%2F09%2F2025#14%3A24#Simjrn#000000000000#Project#Updated%20project%20metadata
02%2F09%2F2025#14%3A24#Simjrn#8#Unit#Deleted%20unit%208
02%2F09%2F2025#14%3A24#Simjrn#000000000000#Project#Updated%20project%20metadata
02%2F09%2F2025#14%3A24#Simjrn#9#Unit#Deleted%20unit%209
02%2F09%2F2025#14%3A24#Simjrn#000000000000#Project#Updated%20project%20metadata
02%2F09%2F2025#14%3A24#Simjrn#10#Unit#Deleted%20unit%2010
02%2F09%2F2025#14%3A24#Simjrn#10#Unit#Added%20new%20unit%2010
02%2F09%2F2025#14%3A24#Simjrn#000000000000#Project#Updated%20project%20metadata
02%2F09%2F2025#14%3A24#Simjrn#9#Unit#Added%20new%20unit%209
02%2F09%2F2025#14%3A24#Simjrn#000000000000#Project#Updated%20project%20metadata
02%2F09%2F2025#14%3A24#Simjrn#8#Unit#Added%20new%20unit%208
02%2F09%2F2025#14%3A24#Simjrn#000000000000#Project#Updated%20project%20metadata
02%2F09%2F2025#14%3A23#Simjrn#WQ3pFUHnrDEC#Vocab#Updated%20vocabulary%20for%20skill%20'Prepositions'
02%2F09%2F2025#14%3A10#Simjrn#WQ3pFUHnrDEC#Skill#Updated%20skill%20'Prepositions'%20details
02%2F09%2F2025#14%3A10#Simjrn#WQ3pFUHnrDEC#Skill#Updated%20skill%20'Prepositions'%20details
02%2F09%2F2025#14%3A09#Simjrn#WQ3pFUHnrDEC#Skill#Updated%20skill%20'Prepositions'%20details
02%2F09%2F2025#14%3A07#Simjrn#7#Unit#Added%20new%20unit%207
02%2F09%2F2025#14%3A07#Simjrn#000000000000#Project#Updated%20project%20metadata
02%2F09%2F2025#13%3A11#Simjrn#F6NsSxz7oT1Y#Skill#Deleted%20skill%20'New%20Skill'%20from%20unit%201
02%2F09%2F2025#13%3A01#Simjrn#F6NsSxz7oT1Y#Skill#Updated%20skill%20'New%20Skill'%20details
02%2F09%2F2025#13%3A00#Simjrn#f5M39bhnVnGI#Skill#Updated%20skill%20'Foods'%20details
02%2F09%2F2025#13%3A00#Simjrn#F6NsSxz7oT1Y#Skill#Added%20new%20skill%20'New%20Skill'%20to%20unit%201
02%2F09%2F2025#11%3A45#Simjrn#000000000000#Project#Updated%20project%20metadata
02%2F09%2F2025#11%3A35#Simjrn#0d0UoCMeQlpZ#Question#Deleted%20question%20'0d0UoCMeQlpZ'%20from%20lesson%20'9ztozvOHHeNv'
02%2F09%2F2025#11%3A35#Simjrn#kqTFbnAuPLzn#Question#Deleted%20question%20'kqTFbnAuPLzn'%20from%20lesson%20'9ztozvOHHeNv'
02%2F09%2F2025#11%3A35#Simjrn#TDMiLUmjPwp1#Question#Deleted%20question%20'TDMiLUmjPwp1'%20from%20lesson%20'9ztozvOHHeNv'
02%2F09%2F2025#11%3A35#Simjrn#BaofAauCQjv2#Question#Deleted%20question%20'BaofAauCQjv2'%20from%20lesson%20'9ztozvOHHeNv'
02%2F09%2F2025#11%3A34#Simjrn#gxyUbQn0bwnq#Question#Deleted%20question%20'gxyUbQn0bwnq'%20from%20lesson%20'9ztozvOHHeNv'
02%2F09%2F2025#11%3A34#Simjrn#lWyJQM6vpv2K#Question#Deleted%20question%20'lWyJQM6vpv2K'%20from%20lesson%20'9ztozvOHHeNv'
02%2F09%2F2025#11%3A33#Simjrn#6uMEHVHvdMwe#Question#Deleted%20question%20'6uMEHVHvdMwe'%20from%20lesson%20'9ztozvOHHeNv'
02%2F09%2F2025#11%3A30#Simjrn#IXYf7w5OXXWi#Question#Deleted%20question%20'IXYf7w5OXXWi'%20from%20lesson%20'6SSAVQWwpZwe'
02%2F09%2F2025#11%3A30#Simjrn#olDzQHLVjPIQ#Question#Deleted%20question%20'olDzQHLVjPIQ'%20from%20lesson%20'6SSAVQWwpZwe'
02%2F09%2F2025#11%3A30#Simjrn#Y0763ZPWJQtS#Question#Deleted%20question%20'Y0763ZPWJQtS'%20from%20lesson%20'6SSAVQWwpZwe'
02%2F09%2F2025#11%3A30#Simjrn#W2QOSsL5geeP#Question#Deleted%20question%20'W2QOSsL5geeP'%20from%20lesson%20'6SSAVQWwpZwe'
02%2F09%2F2025#11%3A30#Simjrn#rJ5hWbGm3cNh#Question#Deleted%20question%20'rJ5hWbGm3cNh'%20from%20lesson%20'6SSAVQWwpZwe'
02%2F09%2F2025#11%3A29#Simjrn#J3pGfTYdoG6V#Question#Deleted%20question%20'J3pGfTYdoG6V'%20from%20lesson%20'6SSAVQWwpZwe'
02%2F09%2F2025#11%3A29#Simjrn#kTf8LlcgTsgJ#Question#Deleted%20question%20'kTf8LlcgTsgJ'%20from%20lesson%20'6SSAVQWwpZwe'
02%2F09%2F2025#11%3A28#Simjrn#maerK6Guq90n#Question#Deleted%20question%20'maerK6Guq90n'%20from%20lesson%20'F0wmezFrNL85'
02%2F09%2F2025#11%3A28#Simjrn#pZ4bGMNZarRg#Question#Deleted%20question%20'pZ4bGMNZarRg'%20from%20lesson%20'F0wmezFrNL85'
02%2F09%2F2025#11%3A28#Simjrn#Vo9kBLcb4GQM#Question#Deleted%20question%20'Vo9kBLcb4GQM'%20from%20lesson%20'F0wmezFrNL85'
02%2F09%2F2025#11%3A28#Simjrn#ldE0nb49u6qM#Question#Deleted%20question%20'ldE0nb49u6qM'%20from%20lesson%20'F0wmezFrNL85'
02%2F09%2F2025#11%3A27#Simjrn#zw1rfhrYU9h0#Question#Deleted%20question%20'zw1rfhrYU9h0'%20from%20lesson%20'F0wmezFrNL85'
02%2F09%2F2025#11%3A27#Simjrn#5otT9UdRLr1N#Question#Deleted%20question%20'5otT9UdRLr1N'%20from%20lesson%20'F0wmezFrNL85'
02%2F09%2F2025#11%3A27#Simjrn#OptBDdweLuvw#Question#Deleted%20question%20'OptBDdweLuvw'%20from%20lesson%20'F0wmezFrNL85'
02%2F09%2F2025#11%3A27#Simjrn#6dLirNpxtqSS#Question#Deleted%20question%20'6dLirNpxtqSS'%20from%20lesson%20'F0wmezFrNL85'
02%2F09%2F2025#11%3A26#Simjrn#Cn1712DwQNPE#Question#Deleted%20question%20'Cn1712DwQNPE'%20from%20lesson%20'SnDTXLW7WhhF'
02%2F09%2F2025#11%3A26#Simjrn#9pdR83M3VMBs#Question#Deleted%20question%20'9pdR83M3VMBs'%20from%20lesson%20'SnDTXLW7WhhF'
02%2F09%2F2025#11%3A26#Simjrn#WxDyKAxsHRKz#Question#Deleted%20question%20'WxDyKAxsHRKz'%20from%20lesson%20'SnDTXLW7WhhF'
02%2F09%2F2025#11%3A26#Simjrn#QemQllWf0mWt#Question#Deleted%20question%20'QemQllWf0mWt'%20from%20lesson%20'SnDTXLW7WhhF'
02%2F09%2F2025#11%3A26#Simjrn#ferfg16LBG5x#Question#Deleted%20question%20'ferfg16LBG5x'%20from%20lesson%20'SnDTXLW7WhhF'
02%2F09%2F2025#11%3A26#Simjrn#QeJ3MGEBSuUh#Question#Deleted%20question%20'QeJ3MGEBSuUh'%20from%20lesson%20'SnDTXLW7WhhF'
02%2F09%2F2025#11%3A26#Simjrn#rDUKa44yB9z4#Question#Deleted%20question%20'rDUKa44yB9z4'%20from%20lesson%20'SnDTXLW7WhhF'
02%2F09%2F2025#11%3A26#Simjrn#SdzVMWidkZUd#Question#Deleted%20question%20'SdzVMWidkZUd'%20from%20lesson%20'SnDTXLW7WhhF'
02%2F09%2F2025#11%3A25#Simjrn#0k4uHonwf4hc#Question#Deleted%20question%20'0k4uHonwf4hc'%20from%20lesson%20'SnDTXLW7WhhF'
02%2F09%2F2025#11%3A25#Simjrn#3zEUbXbjkK86#Question#Deleted%20question%20'3zEUbXbjkK86'%20from%20lesson%20'SnDTXLW7WhhF'
02%2F09%2F2025#11%3A17#Simjrn#gE5f0BRDaOJT#Question#Deleted%20question%20'gE5f0BRDaOJT'%20from%20lesson%20'SnDTXLW7WhhF'
02%2F09%2F2025#10%3A50#Simjrn#boH2YgEfOHIs#Question#Deleted%20question%20'boH2YgEfOHIs'%20from%20lesson%20'SnDTXLW7WhhF'
02%2F09%2F2025#10%3A50#Simjrn#7sye87uvFiji#Question#Deleted%20question%20'7sye87uvFiji'%20from%20lesson%20'SnDTXLW7WhhF'
02%2F09%2F2025#10%3A50#Simjrn#V3xIGSsl2rXA#Question#Deleted%20question%20'V3xIGSsl2rXA'%20from%20lesson%20'SnDTXLW7WhhF'
02%2F09%2F2025#10%3A49#Simjrn#0Fy8oZXsf1Z4#Question#Deleted%20question%20'0Fy8oZXsf1Z4'%20from%20lesson%20'zhnTm0hPI2UP'
02%2F09%2F2025#10%3A49#Simjrn#eCEGVQdf7lVW#Question#Deleted%20question%20'eCEGVQdf7lVW'%20from%20lesson%20'zhnTm0hPI2UP'
02%2F09%2F2025#10%3A48#Simjrn#1qpgUAYRp2To#Question#Deleted%20question%20'1qpgUAYRp2To'%20from%20lesson%20'zhnTm0hPI2UP'
02%2F09%2F2025#10%3A48#Simjrn#gjJDfKgRTwvg#Question#Deleted%20question%20'gjJDfKgRTwvg'%20from%20lesson%20'zhnTm0hPI2UP'
02%2F09%2F2025#10%3A48#Simjrn#pVXNAH4GPXp4#Question#Deleted%20question%20'pVXNAH4GPXp4'%20from%20lesson%20'zhnTm0hPI2UP'
02%2F09%2F2025#10%3A48#Simjrn#Badr8BZwT5Iv#Question#Deleted%20question%20'Badr8BZwT5Iv'%20from%20lesson%20'zhnTm0hPI2UP'
02%2F09%2F2025#10%3A48#Simjrn#ZxjLNXXl3tE6#Question#Deleted%20question%20'ZxjLNXXl3tE6'%20from%20lesson%20'zhnTm0hPI2UP'
02%2F09%2F2025#10%3A48#Simjrn#ZPKsSyXIAt8I#Question#Deleted%20question%20'ZPKsSyXIAt8I'%20from%20lesson%20'zhnTm0hPI2UP'
02%2F09%2F2025#10%3A48#Simjrn#JMZ7LH75rjDL#Question#Deleted%20question%20'JMZ7LH75rjDL'%20from%20lesson%20'zhnTm0hPI2UP'
02%2F09%2F2025#10%3A48#Simjrn#HXU4uWHVm72c#Question#Deleted%20question%20'HXU4uWHVm72c'%20from%20lesson%20'zhnTm0hPI2UP'
02%2F09%2F2025#10%3A48#Simjrn#XwGKZkLSYS1j#Question#Deleted%20question%20'XwGKZkLSYS1j'%20from%20lesson%20'zhnTm0hPI2UP'
02%2F09%2F2025#10%3A48#Simjrn#seoJpjPb5rML#Question#Deleted%20question%20'seoJpjPb5rML'%20from%20lesson%20'zhnTm0hPI2UP'
02%2F09%2F2025#10%3A48#Simjrn#ItDm01XQsqKc#Question#Deleted%20question%20'ItDm01XQsqKc'%20from%20lesson%20'zhnTm0hPI2UP'
02%2F09%2F2025#10%3A33#Simjrn#9f7T911Vr93E#Skill#Updated%20skill%20'Languages'%20details
02%2F09%2F2025#10%3A32#Simjrn#9f7T911Vr93E#Skill#Updated%20skill%20'Language'%20details
02%2F09%2F2025#10%3A31#Simjrn#000000000000#Project#Updated%20project%20metadata
02%2F09%2F2025#10%3A31#Simjrn#9f7T911Vr93E#Notes#Updated%20notes%20for%20skill%20'Language'
02%2F09%2F2025#10%3A30#Simjrn#9f7T911Vr93E#Sentences#Updated%20sentences%20for%20skill%20'Language'
02%2F09%2F2025#10%3A24#Simjrn#9f7T911Vr93E#Vocab#Updated%20vocabulary%20for%20skill%20'Language'
02%2F09%2F2025#10%3A21#Simjrn#9f7T911Vr93E#Notes#Updated%20notes%20for%20skill%20'Language'
02%2F09%2F2025#10%3A21#Simjrn#9f7T911Vr93E#Skill#Updated%20skill%20'Language'%20details
02%2F09%2F2025#10%3A20#Simjrn#9f7T911Vr93E#Skill#Updated%20skill%20'Language'%20details
02%2F09%2F2025#10%3A20#Simjrn#9f7T911Vr93E#Skill#Updated%20skill%20'New%20Skill'%20details
02%2F09%2F2025#10%3A20#Simjrn#9f7T911Vr93E#Skill#Updated%20skill%20'New%20Skill'%20details
02%2F09%2F2025#10%3A18#Simjrn#9f7T911Vr93E#Skill#Added%20new%20skill%20'New%20Skill'%20to%20unit%206
02%2F09%2F2025#09%3A56#Simjrn#s9Etk0DPm9Lt#Skill#Updated%20skill%20'Places'%20details
02%2F09%2F2025#09%3A55#Simjrn#s9Etk0DPm9Lt#Skill#Updated%20skill%20'Places'%20details
02%2F09%2F2025#09%3A55#Simjrn#s9Etk0DPm9Lt#Skill#Updated%20skill%20'Places'%20details
02%2F09%2F2025#09%3A55#Simjrn#dqgfLiYs8jaW#Skill#Updated%20skill%20'Countries'%20details
02%2F09%2F2025#09%3A24#Simjrn#000000000000#Project#Updated%20project%20metadata
02%2F09%2F2025#09%3A23#Simjrn#558dWaaDjXZ8#Sentences#Updated%20sentences%20for%20skill%20'To%20go'
02%2F09%2F2025#09%3A22#Simjrn#hfd8HA3CWinn#Question#Deleted%20question%20'hfd8HA3CWinn'%20from%20lesson%20'tcReB0iUNNvs'
02%2F09%2F2025#09%3A22#Simjrn#XUIF8OeS1oL0#Question#Deleted%20question%20'XUIF8OeS1oL0'%20from%20lesson%20'tcReB0iUNNvs'
02%2F09%2F2025#09%3A21#Simjrn#PUWFIBYuxzPC#Question#Deleted%20question%20'PUWFIBYuxzPC'%20from%20lesson%20'tcReB0iUNNvs'
02%2F09%2F2025#09%3A21#Simjrn#FHJOhwgr3Cko#Question#Deleted%20question%20'FHJOhwgr3Cko'%20from%20lesson%20'tcReB0iUNNvs'
02%2F09%2F2025#09%3A21#Simjrn#xJPbBhIcbGIm#Question#Deleted%20question%20'xJPbBhIcbGIm'%20from%20lesson%20'tcReB0iUNNvs'
02%2F09%2F2025#09%3A21#Simjrn#mKxYkhB19fHM#Question#Deleted%20question%20'mKxYkhB19fHM'%20from%20lesson%20'tcReB0iUNNvs'
02%2F09%2F2025#09%3A20#Simjrn#aOiZjNPc5aLn#Question#Deleted%20question%20'aOiZjNPc5aLn'%20from%20lesson%20'tcReB0iUNNvs'
02%2F09%2F2025#09%3A20#Simjrn#ECa5xg6sR7rL#Question#Deleted%20question%20'ECa5xg6sR7rL'%20from%20lesson%20'H39WZTWIT32y'
02%2F09%2F2025#09%3A19#Simjrn#ty1sYCuSIds7#Question#Deleted%20question%20'ty1sYCuSIds7'%20from%20lesson%20'H39WZTWIT32y'
02%2F09%2F2025#09%3A19#Simjrn#u0T30sTGsuHh#Question#Deleted%20question%20'u0T30sTGsuHh'%20from%20lesson%20'H39WZTWIT32y'
02%2F09%2F2025#09%3A18#Simjrn#45vi3fc2gNsd#Question#Deleted%20question%20'45vi3fc2gNsd'%20from%20lesson%20'H39WZTWIT32y'
02%2F09%2F2025#09%3A18#Simjrn#pHiCQuGW7KpG#Question#Deleted%20question%20'pHiCQuGW7KpG'%20from%20lesson%20'H39WZTWIT32y'
02%2F09%2F2025#09%3A18#Simjrn#iAKZhOuAhbkl#Question#Deleted%20question%20'iAKZhOuAhbkl'%20from%20lesson%20'H39WZTWIT32y'
02%2F09%2F2025#09%3A17#Simjrn#KVLUl3b6VAKZ#Question#Deleted%20question%20'KVLUl3b6VAKZ'%20from%20lesson%20'H39WZTWIT32y'
02%2F09%2F2025#09%3A17#Simjrn#A44VPpkAxWMn#Question#Deleted%20question%20'A44VPpkAxWMn'%20from%20lesson%20'jFkMAIJ8c06e'
02%2F09%2F2025#09%3A17#Simjrn#nxds7DkjGSYH#Question#Deleted%20question%20'nxds7DkjGSYH'%20from%20lesson%20'jFkMAIJ8c06e'
02%2F09%2F2025#09%3A17#Simjrn#I5w9eqO6Xlnw#Question#Deleted%20question%20'I5w9eqO6Xlnw'%20from%20lesson%20'jFkMAIJ8c06e'
02%2F09%2F2025#09%3A17#Simjrn#uqDHs31UYKVK#Question#Deleted%20question%20'uqDHs31UYKVK'%20from%20lesson%20'jFkMAIJ8c06e'
02%2F09%2F2025#09%3A17#Simjrn#2CGSoBpIzikM#Question#Deleted%20question%20'2CGSoBpIzikM'%20from%20lesson%20'jFkMAIJ8c06e'
02%2F09%2F2025#09%3A17#Simjrn#CeKP6Uw2OWHA#Question#Deleted%20question%20'CeKP6Uw2OWHA'%20from%20lesson%20'jFkMAIJ8c06e'
02%2F09%2F2025#09%3A17#Simjrn#pQ5jvncNZRdv#Question#Deleted%20question%20'pQ5jvncNZRdv'%20from%20lesson%20'jFkMAIJ8c06e'
02%2F09%2F2025#09%3A16#Simjrn#6g08s8m87nQV#Question#Deleted%20question%20'6g08s8m87nQV'%20from%20lesson%20'jFkMAIJ8c06e'
02%2F09%2F2025#09%3A15#Simjrn#WO28bQQFcDFM#Question#Deleted%20question%20'WO28bQQFcDFM'%20from%20lesson%20'HFzEX5zrDqrC'
02%2F09%2F2025#09%3A15#Simjrn#fymhA6ZnqE1H#Question#Deleted%20question%20'fymhA6ZnqE1H'%20from%20lesson%20'HFzEX5zrDqrC'
02%2F09%2F2025#09%3A15#Simjrn#V3BweAW0LNeF#Question#Deleted%20question%20'V3BweAW0LNeF'%20from%20lesson%20'HFzEX5zrDqrC'
02%2F09%2F2025#09%3A15#Simjrn#YjtX4rJ2Wh8q#Question#Deleted%20question%20'YjtX4rJ2Wh8q'%20from%20lesson%20'HFzEX5zrDqrC'
02%2F09%2F2025#09%3A15#Simjrn#GKMrfcad0hAo#Question#Deleted%20question%20'GKMrfcad0hAo'%20from%20lesson%20'HFzEX5zrDqrC'
02%2F09%2F2025#09%3A15#Simjrn#CNabF2ubVl01#Question#Deleted%20question%20'CNabF2ubVl01'%20from%20lesson%20'HFzEX5zrDqrC'
02%2F09%2F2025#09%3A15#Simjrn#RHK2S3KDfF0X#Question#Deleted%20question%20'RHK2S3KDfF0X'%20from%20lesson%20'HFzEX5zrDqrC'
02%2F09%2F2025#09%3A15#Simjrn#eGPANJMWCDxt#Question#Deleted%20question%20'eGPANJMWCDxt'%20from%20lesson%20'HFzEX5zrDqrC'
02%2F09%2F2025#09%3A14#Simjrn#VQnK1FES2mSW#Question#Deleted%20question%20'VQnK1FES2mSW'%20from%20lesson%20'HFzEX5zrDqrC'
02%2F09%2F2025#09%3A14#Simjrn#jfiPNphu7qYj#Question#Deleted%20question%20'jfiPNphu7qYj'%20from%20lesson%20'HFzEX5zrDqrC'
02%2F09%2F2025#09%3A14#Simjrn#eo76jxJAHz9z#Question#Deleted%20question%20'eo76jxJAHz9z'%20from%20lesson%20'HFzEX5zrDqrC'
02%2F09%2F2025#09%3A14#Simjrn#nECmh8mo1X5y#Question#Deleted%20question%20'nECmh8mo1X5y'%20from%20lesson%20'HFzEX5zrDqrC'
02%2F09%2F2025#09%3A14#Simjrn#HK37DWAxOewZ#Question#Deleted%20question%20'HK37DWAxOewZ'%20from%20lesson%20'HFzEX5zrDqrC'
02%2F09%2F2025#09%3A14#Simjrn#UVVr5s0pBkch#Question#Deleted%20question%20'UVVr5s0pBkch'%20from%20lesson%20'HFzEX5zrDqrC'
02%2F09%2F2025#09%3A14#Simjrn#TXmxh8LZqc4R#Question#Deleted%20question%20'TXmxh8LZqc4R'%20from%20lesson%20'fq1QSnF8hN5h'
02%2F09%2F2025#09%3A14#Simjrn#vHK9v8WiQ3R2#Question#Deleted%20question%20'vHK9v8WiQ3R2'%20from%20lesson%20'fq1QSnF8hN5h'
02%2F09%2F2025#09%3A14#Simjrn#8L6zarf7JtYN#Question#Deleted%20question%20'8L6zarf7JtYN'%20from%20lesson%20'fq1QSnF8hN5h'
02%2F09%2F2025#09%3A14#Simjrn#mwAuOAbx4XZD#Question#Deleted%20question%20'mwAuOAbx4XZD'%20from%20lesson%20'fq1QSnF8hN5h'
02%2F09%2F2025#09%3A14#Simjrn#cGlTCgPtzuPU#Question#Deleted%20question%20'cGlTCgPtzuPU'%20from%20lesson%20'fq1QSnF8hN5h'
02%2F09%2F2025#09%3A13#Simjrn#kizykgBmk2do#Question#Deleted%20question%20'kizykgBmk2do'%20from%20lesson%20'fq1QSnF8hN5h'
02%2F09%2F2025#09%3A13#Simjrn#w5Pbz0RxKCfO#Question#Deleted%20question%20'w5Pbz0RxKCfO'%20from%20lesson%20'fq1QSnF8hN5h'
02%2F09%2F2025#09%3A13#Simjrn#Yhf9AAooX3y3#Question#Deleted%20question%20'Yhf9AAooX3y3'%20from%20lesson%20'fq1QSnF8hN5h'
02%2F09%2F2025#09%3A13#Simjrn#ZIQILO6ME3Zs#Question#Deleted%20question%20'ZIQILO6ME3Zs'%20from%20lesson%20'fq1QSnF8hN5h'
02%2F09%2F2025#09%3A13#Simjrn#RfMRYZfqb63t#Question#Deleted%20question%20'RfMRYZfqb63t'%20from%20lesson%20'fq1QSnF8hN5h'
02%2F09%2F2025#09%3A13#Simjrn#fpLsFIRRQk07#Question#Deleted%20question%20'fpLsFIRRQk07'%20from%20lesson%20'fq1QSnF8hN5h'
02%2F09%2F2025#09%3A13#Simjrn#7KtxfCZDt45L#Question#Deleted%20question%20'7KtxfCZDt45L'%20from%20lesson%20'fq1QSnF8hN5h'
02%2F09%2F2025#09%3A13#Simjrn#cp8qFLZx8S1t#Question#Deleted%20question%20'cp8qFLZx8S1t'%20from%20lesson%20'fq1QSnF8hN5h'
02%2F09%2F2025#09%3A13#Simjrn#558dWaaDjXZ8#Skill#Updated%20skill%20'To%20go'%20details
02%2F09%2F2025#09%3A12#Simjrn#558dWaaDjXZ8#Skill#Updated%20skill%20'To%20go'%20details
02%2F09%2F2025#08%3A47#Simjrn#000000000000#Project#Updated%20project%20metadata
02%2F09%2F2025#08%3A47#Simjrn#558dWaaDjXZ8#Sentences#Updated%20sentences%20for%20skill%20'To%20go'
02%2F09%2F2025#08%3A37#Simjrn#558dWaaDjXZ8#Vocab#Updated%20vocabulary%20for%20skill%20'To%20go'
02%2F09%2F2025#08%3A37#Simjrn#558dWaaDjXZ8#Vocab#Updated%20vocabulary%20for%20skill%20'To%20go'
02%2F09%2F2025#08%3A36#Simjrn#558dWaaDjXZ8#Notes#Updated%20notes%20for%20skill%20'To%20go'
02%2F09%2F2025#08%3A36#Simjrn#558dWaaDjXZ8#Skill#Updated%20skill%20'To%20go'%20details
02%2F09%2F2025#08%3A35#Simjrn#558dWaaDjXZ8#Skill#Updated%20skill%20'To%20go'%20details
02%2F09%2F2025#08%3A35#Simjrn#558dWaaDjXZ8#Skill#Updated%20skill%20'to%20go'%20details
02%2F09%2F2025#08%3A35#Simjrn#558dWaaDjXZ8#Skill#Updated%20skill%20'New%20Skill'%20details
02%2F09%2F2025#08%3A34#Simjrn#558dWaaDjXZ8#Skill#Updated%20skill%20'New%20Skill'%20details
02%2F09%2F2025#08%3A34#Simjrn#558dWaaDjXZ8#Skill#Updated%20skill%20'New%20Skill'%20details
02%2F09%2F2025#08%3A32#Simjrn#558dWaaDjXZ8#Skill#Updated%20skill%20'New%20Skill'%20details
02%2F09%2F2025#08%3A32#Simjrn#dqgfLiYs8jaW#Skill#Updated%20skill%20'Countries'%20details
02%2F09%2F2025#08%3A32#Simjrn#558dWaaDjXZ8#Skill#Added%20new%20skill%20'New%20Skill'%20to%20unit%206
02%2F09%2F2025#08%3A13#Simjrn#000000000000#Project#Updated%20project%20metadata
02%2F09%2F2025#08%3A12#Simjrn#rVX7aHpXZieR#Question#Deleted%20question%20'rVX7aHpXZieR'%20from%20lesson%20'Bloe4wnlQmcT'
02%2F09%2F2025#08%3A12#Simjrn#LQZcnBt0VEPp#Question#Deleted%20question%20'LQZcnBt0VEPp'%20from%20lesson%20'Bloe4wnlQmcT'
02%2F09%2F2025#08%3A12#Simjrn#gCk9kkOX49qu#Question#Deleted%20question%20'gCk9kkOX49qu'%20from%20lesson%20'Bloe4wnlQmcT'
02%2F09%2F2025#08%3A11#Simjrn#jPOgVxqJOM28#Question#Deleted%20question%20'jPOgVxqJOM28'%20from%20lesson%20'Bloe4wnlQmcT'
02%2F09%2F2025#08%3A11#Simjrn#0htKHWtu7Yp8#Question#Deleted%20question%20'0htKHWtu7Yp8'%20from%20lesson%20'Bloe4wnlQmcT'
02%2F09%2F2025#08%3A11#Simjrn#kq0pqTNhVVuz#Question#Deleted%20question%20'kq0pqTNhVVuz'%20from%20lesson%20'Bloe4wnlQmcT'
02%2F09%2F2025#08%3A11#Simjrn#W5ypqHE3e2dK#Question#Deleted%20question%20'W5ypqHE3e2dK'%20from%20lesson%20'Bloe4wnlQmcT'
02%2F09%2F2025#08%3A10#Simjrn#eBqZq91AikRo#Question#Deleted%20question%20'eBqZq91AikRo'%20from%20lesson%20'9BEzWZC9zBss'
02%2F09%2F2025#08%3A09#Simjrn#3Fn2Mul3KAD6#Question#Deleted%20question%20'3Fn2Mul3KAD6'%20from%20lesson%20'9BEzWZC9zBss'
02%2F09%2F2025#08%3A09#Simjrn#I3k5fFRvAodl#Question#Deleted%20question%20'I3k5fFRvAodl'%20from%20lesson%20'9BEzWZC9zBss'
02%2F09%2F2025#08%3A08#Simjrn#pFzHrARa49ec#Question#Deleted%20question%20'pFzHrARa49ec'%20from%20lesson%20'9BEzWZC9zBss'
02%2F09%2F2025#08%3A08#Simjrn#jArL1GgmVo07#Question#Deleted%20question%20'jArL1GgmVo07'%20from%20lesson%20'9BEzWZC9zBss'
02%2F09%2F2025#08%3A08#Simjrn#N4DoP5Q5ucRU#Question#Deleted%20question%20'N4DoP5Q5ucRU'%20from%20lesson%20'9BEzWZC9zBss'
02%2F09%2F2025#08%3A08#Simjrn#i9vQZDSNnMck#Question#Deleted%20question%20'i9vQZDSNnMck'%20from%20lesson%20'9BEzWZC9zBss'
02%2F09%2F2025#08%3A07#Simjrn#h4zkokJJziIw#Question#Deleted%20question%20'h4zkokJJziIw'%20from%20lesson%20'GsqKdyzuJOxV'
02%2F09%2F2025#08%3A07#Simjrn#r8uOAHh1R1JS#Question#Deleted%20question%20'r8uOAHh1R1JS'%20from%20lesson%20'GsqKdyzuJOxV'
02%2F09%2F2025#08%3A07#Simjrn#mmehJ0MxVXx8#Question#Deleted%20question%20'mmehJ0MxVXx8'%20from%20lesson%20'GsqKdyzuJOxV'
02%2F09%2F2025#08%3A07#Simjrn#VcXbTRs6jR6M#Question#Deleted%20question%20'VcXbTRs6jR6M'%20from%20lesson%20'GsqKdyzuJOxV'
02%2F09%2F2025#08%3A07#Simjrn#ZJbIw3xw4QOm#Question#Deleted%20question%20'ZJbIw3xw4QOm'%20from%20lesson%20'GsqKdyzuJOxV'
02%2F09%2F2025#08%3A06#Simjrn#igXPpDjXWpEs#Question#Deleted%20question%20'igXPpDjXWpEs'%20from%20lesson%20'GsqKdyzuJOxV'
02%2F09%2F2025#08%3A06#Simjrn#N6rEfmyuqXVK#Question#Deleted%20question%20'N6rEfmyuqXVK'%20from%20lesson%20'GsqKdyzuJOxV'
02%2F09%2F2025#08%3A06#Simjrn#xCJFNsd9iYhW#Question#Deleted%20question%20'xCJFNsd9iYhW'%20from%20lesson%20'TcnKvQadWDJt'
02%2F09%2F2025#08%3A05#Simjrn#Xi5COUFqS39I#Question#Deleted%20question%20'Xi5COUFqS39I'%20from%20lesson%20'TcnKvQadWDJt'
02%2F09%2F2025#08%3A05#Simjrn#HaZvQmKb7igs#Question#Deleted%20question%20'HaZvQmKb7igs'%20from%20lesson%20'TcnKvQadWDJt'
02%2F09%2F2025#08%3A05#Simjrn#978brCzlmm6h#Question#Deleted%20question%20'978brCzlmm6h'%20from%20lesson%20'TcnKvQadWDJt'
02%2F09%2F2025#08%3A05#Simjrn#jp0QBkAt1fNa#Question#Deleted%20question%20'jp0QBkAt1fNa'%20from%20lesson%20'TcnKvQadWDJt'
02%2F09%2F2025#08%3A04#Simjrn#2o3kcO1xogLt#Question#Deleted%20question%20'2o3kcO1xogLt'%20from%20lesson%20'TcnKvQadWDJt'
02%2F09%2F2025#08%3A04#Simjrn#IGJVQo2ktPJN#Question#Deleted%20question%20'IGJVQo2ktPJN'%20from%20lesson%20'TcnKvQadWDJt'
02%2F09%2F2025#08%3A02#Simjrn#DybWCnzJVpsm#Question#Deleted%20question%20'DybWCnzJVpsm'%20from%20lesson%20'E5Qqp5H8cHrw'
02%2F09%2F2025#08%3A02#Simjrn#9OjoE9T1l9JP#Question#Deleted%20question%20'9OjoE9T1l9JP'%20from%20lesson%20'E5Qqp5H8cHrw'
02%2F09%2F2025#08%3A02#Simjrn#nrz5R2jjQEdx#Question#Deleted%20question%20'nrz5R2jjQEdx'%20from%20lesson%20'E5Qqp5H8cHrw'
02%2F09%2F2025#08%3A02#Simjrn#CBKCVvvMxsbO#Question#Deleted%20question%20'CBKCVvvMxsbO'%20from%20lesson%20'E5Qqp5H8cHrw'
02%2F09%2F2025#08%3A02#Simjrn#O4bKBN5tBRFk#Question#Deleted%20question%20'O4bKBN5tBRFk'%20from%20lesson%20'E5Qqp5H8cHrw'
02%2F09%2F2025#08%3A02#Simjrn#hJgKESE4oBmk#Question#Deleted%20question%20'hJgKESE4oBmk'%20from%20lesson%20'E5Qqp5H8cHrw'
02%2F09%2F2025#08%3A02#Simjrn#di24GaqLmyDq#Question#Deleted%20question%20'di24GaqLmyDq'%20from%20lesson%20'E5Qqp5H8cHrw'
02%2F09%2F2025#08%3A01#Simjrn#Gh0xiOmR4N4y#Question#Deleted%20question%20'Gh0xiOmR4N4y'%20from%20lesson%20'E5Qqp5H8cHrw'
02%2F09%2F2025#08%3A01#Simjrn#zxV1HLadgXP6#Question#Deleted%20question%20'zxV1HLadgXP6'%20from%20lesson%20'Ah4PFeThHzFa'
02%2F09%2F2025#08%3A01#Simjrn#v8ylIxMigvfi#Question#Deleted%20question%20'v8ylIxMigvfi'%20from%20lesson%20'Ah4PFeThHzFa'
02%2F09%2F2025#08%3A00#Simjrn#86SIWID5Devu#Question#Deleted%20question%20'86SIWID5Devu'%20from%20lesson%20'Ah4PFeThHzFa'
02%2F09%2F2025#08%3A00#Simjrn#6u5sBrs94GTp#Question#Deleted%20question%20'6u5sBrs94GTp'%20from%20lesson%20'Ah4PFeThHzFa'
02%2F09%2F2025#08%3A00#Simjrn#36uoE1sh8Eqt#Question#Deleted%20question%20'36uoE1sh8Eqt'%20from%20lesson%20'Ah4PFeThHzFa'
02%2F09%2F2025#07%3A59#Simjrn#h32rM0IIA3sT#Question#Deleted%20question%20'h32rM0IIA3sT'%20from%20lesson%20'Ah4PFeThHzFa'
02%2F09%2F2025#07%3A59#Simjrn#jeuIdia4g85S#Question#Deleted%20question%20'jeuIdia4g85S'%20from%20lesson%20'Ah4PFeThHzFa'
02%2F09%2F2025#07%3A59#Simjrn#J54xxtorLwBa#Question#Deleted%20question%20'J54xxtorLwBa'%20from%20lesson%20'Ah4PFeThHzFa'
02%2F09%2F2025#07%3A58#Simjrn#11kSAfk8tUSZ#Question#Deleted%20question%20'11kSAfk8tUSZ'%20from%20lesson%20'JmlPwBb6OsZR'
02%2F09%2F2025#07%3A58#Simjrn#7hqYv1lFMsOD#Question#Deleted%20question%20'7hqYv1lFMsOD'%20from%20lesson%20'JmlPwBb6OsZR'
02%2F09%2F2025#07%3A58#Simjrn#Bdy1R9TRrq1O#Question#Deleted%20question%20'Bdy1R9TRrq1O'%20from%20lesson%20'JmlPwBb6OsZR'
02%2F09%2F2025#07%3A58#Simjrn#14rOSGcfqT8u#Question#Deleted%20question%20'14rOSGcfqT8u'%20from%20lesson%20'JmlPwBb6OsZR'
02%2F09%2F2025#07%3A58#Simjrn#Whv5QBG1MNox#Question#Deleted%20question%20'Whv5QBG1MNox'%20from%20lesson%20'JmlPwBb6OsZR'
02%2F09%2F2025#07%3A58#Simjrn#QKBL8FSkBEwj#Question#Deleted%20question%20'QKBL8FSkBEwj'%20from%20lesson%20'JmlPwBb6OsZR'
02%2F09%2F2025#07%3A58#Simjrn#jrVyXPwhbeHt#Question#Deleted%20question%20'jrVyXPwhbeHt'%20from%20lesson%20'JmlPwBb6OsZR'
02%2F09%2F2025#07%3A58#Simjrn#1FZJIrvgNawx#Question#Deleted%20question%20'1FZJIrvgNawx'%20from%20lesson%20'JmlPwBb6OsZR'
02%2F09%2F2025#07%3A58#Simjrn#XQUY38jfkDVj#Question#Deleted%20question%20'XQUY38jfkDVj'%20from%20lesson%20'JmlPwBb6OsZR'
02%2F09%2F2025#07%3A58#Simjrn#7dKUrMoJZPnN#Question#Deleted%20question%20'7dKUrMoJZPnN'%20from%20lesson%20'JmlPwBb6OsZR'
02%2F09%2F2025#07%3A58#Simjrn#7f0im1ET8LEv#Question#Deleted%20question%20'7f0im1ET8LEv'%20from%20lesson%20'JmlPwBb6OsZR'
02%2F09%2F2025#07%3A57#Simjrn#WYNUGUq7QZ0l#Question#Deleted%20question%20'WYNUGUq7QZ0l'%20from%20lesson%20'JmlPwBb6OsZR'
02%2F09%2F2025#07%3A57#Simjrn#1Nm3HrreogWU#Question#Deleted%20question%20'1Nm3HrreogWU'%20from%20lesson%20'JmlPwBb6OsZR'
02%2F09%2F2025#07%3A57#Simjrn#OkCKVRAGrC2H#Question#Deleted%20question%20'OkCKVRAGrC2H'%20from%20lesson%20'JmlPwBb6OsZR'
02%2F09%2F2025#07%3A57#Simjrn#IQoM69u0vEhm#Question#Deleted%20question%20'IQoM69u0vEhm'%20from%20lesson%20'71KMG2GWV0el'
02%2F09%2F2025#07%3A57#Simjrn#yFwhXKPoLAuz#Question#Deleted%20question%20'yFwhXKPoLAuz'%20from%20lesson%20'71KMG2GWV0el'
02%2F09%2F2025#07%3A57#Simjrn#Sp12RLX8JRYZ#Question#Deleted%20question%20'Sp12RLX8JRYZ'%20from%20lesson%20'71KMG2GWV0el'
02%2F09%2F2025#07%3A57#Simjrn#ZHzcMzcDUjoB#Question#Deleted%20question%20'ZHzcMzcDUjoB'%20from%20lesson%20'71KMG2GWV0el'
02%2F09%2F2025#07%3A57#Simjrn#e7YSACzD4frR#Question#Deleted%20question%20'e7YSACzD4frR'%20from%20lesson%20'71KMG2GWV0el'
02%2F09%2F2025#07%3A57#Simjrn#RniFSmHMx00z#Question#Deleted%20question%20'RniFSmHMx00z'%20from%20lesson%20'71KMG2GWV0el'
02%2F09%2F2025#07%3A57#Simjrn#PL0F4xK8VeQR#Question#Deleted%20question%20'PL0F4xK8VeQR'%20from%20lesson%20'71KMG2GWV0el'
02%2F09%2F2025#07%3A56#Simjrn#FhfD0XNJbY61#Question#Deleted%20question%20'FhfD0XNJbY61'%20from%20lesson%20'71KMG2GWV0el'
02%2F09%2F2025#07%3A56#Simjrn#WPSzEpv3KpAg#Question#Deleted%20question%20'WPSzEpv3KpAg'%20from%20lesson%20'71KMG2GWV0el'
02%2F09%2F2025#07%3A56#Simjrn#UssTKZmeVIph#Question#Deleted%20question%20'UssTKZmeVIph'%20from%20lesson%20'71KMG2GWV0el'
02%2F09%2F2025#07%3A56#Simjrn#5WLTJF2Wwx7m#Question#Deleted%20question%20'5WLTJF2Wwx7m'%20from%20lesson%20'71KMG2GWV0el'
02%2F09%2F2025#07%3A56#Simjrn#N7VAhCs4UXb9#Question#Deleted%20question%20'N7VAhCs4UXb9'%20from%20lesson%20'71KMG2GWV0el'
02%2F09%2F2025#07%3A56#Simjrn#nMyaIGYzNSuH#Question#Deleted%20question%20'nMyaIGYzNSuH'%20from%20lesson%20'71KMG2GWV0el'
02%2F09%2F2025#07%3A56#Simjrn#tEHECskBOpJi#Question#Deleted%20question%20'tEHECskBOpJi'%20from%20lesson%20'71KMG2GWV0el'
01%2F09%2F2025#18%3A41#Simjrn#000000000000#Project#Updated%20project%20metadata
01%2F09%2F2025#17%3A54#Simjrn#thKlpsoEuzFF#Question#Deleted%20question%20'thKlpsoEuzFF'%20from%20lesson%20'TzBjcZkDPg2h'
01%2F09%2F2025#17%3A54#Simjrn#1HU23ASQRE1T#Question#Deleted%20question%20'1HU23ASQRE1T'%20from%20lesson%20'TzBjcZkDPg2h'
01%2F09%2F2025#17%3A54#Simjrn#iWGX6cRwuy9h#Question#Deleted%20question%20'iWGX6cRwuy9h'%20from%20lesson%20'TzBjcZkDPg2h'
01%2F09%2F2025#17%3A54#Simjrn#9naZSqGtg7Vv#Question#Deleted%20question%20'9naZSqGtg7Vv'%20from%20lesson%20'TzBjcZkDPg2h'
01%2F09%2F2025#17%3A54#Simjrn#v85HdDMzOP1U#Question#Deleted%20question%20'v85HdDMzOP1U'%20from%20lesson%20'TzBjcZkDPg2h'
01%2F09%2F2025#17%3A54#Simjrn#0qLRNIkZzjt8#Question#Deleted%20question%20'0qLRNIkZzjt8'%20from%20lesson%20'TzBjcZkDPg2h'
01%2F09%2F2025#17%3A54#Simjrn#xG9S6cX53lOb#Question#Deleted%20question%20'xG9S6cX53lOb'%20from%20lesson%20'TzBjcZkDPg2h'
01%2F09%2F2025#17%3A54#Simjrn#UEhJOjEMnzZq#Question#Deleted%20question%20'UEhJOjEMnzZq'%20from%20lesson%20'TzBjcZkDPg2h'
01%2F09%2F2025#17%3A54#Simjrn#V2hSMhCEkBWn#Question#Deleted%20question%20'V2hSMhCEkBWn'%20from%20lesson%20'TzBjcZkDPg2h'
01%2F09%2F2025#17%3A54#Simjrn#mxVFJqsx9CPc#Question#Deleted%20question%20'mxVFJqsx9CPc'%20from%20lesson%20'TzBjcZkDPg2h'
01%2F09%2F2025#17%3A39#Simjrn#cuwoEjgP2NAc#Question#Deleted%20question%20'cuwoEjgP2NAc'%20from%20lesson%20'TzBjcZkDPg2h'
01%2F09%2F2025#17%3A39#Simjrn#P0iY0JImw4Lg#Question#Deleted%20question%20'P0iY0JImw4Lg'%20from%20lesson%20'TzBjcZkDPg2h'
01%2F09%2F2025#17%3A39#Simjrn#tiwLSBefmSdV#Question#Deleted%20question%20'tiwLSBefmSdV'%20from%20lesson%20'TzBjcZkDPg2h'
01%2F09%2F2025#17%3A24#Simjrn#H49qpOIvKqpx#Question#Deleted%20question%20'H49qpOIvKqpx'%20from%20lesson%20'SVRbVekBZrFz'
01%2F09%2F2025#17%3A24#Simjrn#Ws4rIklg7bDg#Question#Deleted%20question%20'Ws4rIklg7bDg'%20from%20lesson%20'SVRbVekBZrFz'
01%2F09%2F2025#17%3A24#Simjrn#RW82MaztNEzM#Question#Deleted%20question%20'RW82MaztNEzM'%20from%20lesson%20'SVRbVekBZrFz'
01%2F09%2F2025#17%3A24#Simjrn#znoNBhz5sOPA#Question#Deleted%20question%20'znoNBhz5sOPA'%20from%20lesson%20'SVRbVekBZrFz'
01%2F09%2F2025#17%3A24#Simjrn#1q87NEvK8rBZ#Question#Deleted%20question%20'1q87NEvK8rBZ'%20from%20lesson%20'SVRbVekBZrFz'
01%2F09%2F2025#17%3A24#Simjrn#yWL4zlDNYgKr#Question#Deleted%20question%20'yWL4zlDNYgKr'%20from%20lesson%20'SVRbVekBZrFz'
01%2F09%2F2025#17%3A24#Simjrn#vUUfZSzmDGNW#Question#Deleted%20question%20'vUUfZSzmDGNW'%20from%20lesson%20'SVRbVekBZrFz'
01%2F09%2F2025#17%3A24#Simjrn#7Y5NFGmTAlG6#Question#Deleted%20question%20'7Y5NFGmTAlG6'%20from%20lesson%20'SVRbVekBZrFz'
01%2F09%2F2025#17%3A23#Simjrn#uLf3mGx7DPcE#Question#Deleted%20question%20'uLf3mGx7DPcE'%20from%20lesson%20'SVRbVekBZrFz'
01%2F09%2F2025#17%3A23#Simjrn#U6P9skv6AP7p#Question#Deleted%20question%20'U6P9skv6AP7p'%20from%20lesson%20'SVRbVekBZrFz'
01%2F09%2F2025#17%3A23#Simjrn#z0tWYHVaqFS4#Question#Deleted%20question%20'z0tWYHVaqFS4'%20from%20lesson%20'SVRbVekBZrFz'
01%2F09%2F2025#17%3A23#Simjrn#O8HtgGYnLsnX#Question#Deleted%20question%20'O8HtgGYnLsnX'%20from%20lesson%20'SVRbVekBZrFz'
01%2F09%2F2025#17%3A23#Simjrn#ME6KJlvDNdby#Question#Deleted%20question%20'ME6KJlvDNdby'%20from%20lesson%20'SVRbVekBZrFz'
01%2F09%2F2025#17%3A23#Simjrn#dqgfLiYs8jaW#Skill#Updated%20skill%20'Countries'%20details
01%2F09%2F2025#17%3A19#Simjrn#000000000000#Project#Updated%20project%20metadata
01%2F09%2F2025#17%3A19#Simjrn#dqgfLiYs8jaW#Notes#Updated%20notes%20for%20skill%20'Countries'
01%2F09%2F2025#17%3A18#Simjrn#dqgfLiYs8jaW#Sentences#Updated%20sentences%20for%20skill%20'Countries'
01%2F09%2F2025#16%3A40#Simjrn#dqgfLiYs8jaW#Vocab#Updated%20vocabulary%20for%20skill%20'Countries'
01%2F09%2F2025#16%3A38#Simjrn#dqgfLiYs8jaW#Vocab#Updated%20vocabulary%20for%20skill%20'Countries'
01%2F09%2F2025#16%3A37#Simjrn#dqgfLiYs8jaW#Vocab#Updated%20vocabulary%20for%20skill%20'Countries'
01%2F09%2F2025#16%3A27#Simjrn#dqgfLiYs8jaW#Notes#Updated%20notes%20for%20skill%20'Countries'
01%2F09%2F2025#16%3A27#Simjrn#dqgfLiYs8jaW#Vocab#Updated%20vocabulary%20for%20skill%20'Countries'
01%2F09%2F2025#16%3A26#Simjrn#dqgfLiYs8jaW#Vocab#Updated%20vocabulary%20for%20skill%20'Countries'
01%2F09%2F2025#16%3A19#Simjrn#dqgfLiYs8jaW#Vocab#Updated%20vocabulary%20for%20skill%20'Countries'
01%2F09%2F2025#16%3A19#Simjrn#dqgfLiYs8jaW#Notes#Updated%20notes%20for%20skill%20'Countries'
01%2F09%2F2025#16%3A19#Simjrn#dqgfLiYs8jaW#Skill#Updated%20skill%20'Countries'%20details
01%2F09%2F2025#16%3A14#Simjrn#dqgfLiYs8jaW#Skill#Updated%20skill%20'Countries'%20details
01%2F09%2F2025#15%3A30#Simjrn#dqgfLiYs8jaW#Notes#Updated%20notes%20for%20skill%20'To%20go'
01%2F09%2F2025#15%3A29#Simjrn#dqgfLiYs8jaW#Vocab#Updated%20vocabulary%20for%20skill%20'To%20go'
01%2F09%2F2025#15%3A27#Simjrn#dqgfLiYs8jaW#Notes#Updated%20notes%20for%20skill%20'To%20go'
01%2F09%2F2025#14%3A39#Simjrn#000000000000#Project#Updated%20project%20metadata
01%2F09%2F2025#14%3A25#Simjrn#dqgfLiYs8jaW#Skill#Updated%20skill%20'To%20go'%20details
01%2F09%2F2025#14%3A22#Simjrn#dqgfLiYs8jaW#Skill#Updated%20skill%20'To%20go'%20details
01%2F09%2F2025#14%3A22#Simjrn#dqgfLiYs8jaW#Skill#Updated%20skill%20'New%20Skill'%20details
01%2F09%2F2025#14%3A22#Simjrn#s9Etk0DPm9Lt#Skill#Updated%20skill%20'Places'%20details
01%2F09%2F2025#14%3A20#Simjrn#dqgfLiYs8jaW#Skill#Added%20new%20skill%20'New%20Skill'%20to%20unit%206
01%2F09%2F2025#14%3A11#Simjrn#000000000000#Project#Updated%20project%20metadata
01%2F09%2F2025#14%3A10#Simjrn#aCoJMPX8bQ5W#Question#Deleted%20question%20'aCoJMPX8bQ5W'%20from%20lesson%20'zx1If284otEp'
01%2F09%2F2025#14%3A09#Simjrn#brYnufJ51V7v#Question#Deleted%20question%20'brYnufJ51V7v'%20from%20lesson%20'zx1If284otEp'
01%2F09%2F2025#14%3A08#Simjrn#slwwt9xxO48g#Question#Deleted%20question%20'slwwt9xxO48g'%20from%20lesson%20'zx1If284otEp'
01%2F09%2F2025#14%3A08#Simjrn#fVbyH4WarJzC#Question#Deleted%20question%20'fVbyH4WarJzC'%20from%20lesson%20'zx1If284otEp'
01%2F09%2F2025#14%3A08#Simjrn#bq5yZqadJBfG#Question#Deleted%20question%20'bq5yZqadJBfG'%20from%20lesson%20'zx1If284otEp'
01%2F09%2F2025#14%3A07#Simjrn#lJ0AUmwQ1U6Z#Question#Deleted%20question%20'lJ0AUmwQ1U6Z'%20from%20lesson%20'zx1If284otEp'
01%2F09%2F2025#14%3A07#Simjrn#OASXbPXUbxEa#Question#Deleted%20question%20'OASXbPXUbxEa'%20from%20lesson%20'zx1If284otEp'
01%2F09%2F2025#14%3A06#Simjrn#LZuOk6RmukbO#Question#Deleted%20question%20'LZuOk6RmukbO'%20from%20lesson%20'VBoGjx4OmkoQ'
01%2F09%2F2025#14%3A06#Simjrn#CWwZAVoXZsez#Question#Deleted%20question%20'CWwZAVoXZsez'%20from%20lesson%20'VBoGjx4OmkoQ'
01%2F09%2F2025#14%3A06#Simjrn#vH9POVQ42uy4#Question#Deleted%20question%20'vH9POVQ42uy4'%20from%20lesson%20'VBoGjx4OmkoQ'
01%2F09%2F2025#13%3A56#Simjrn#QQdGm7G12uHb#Question#Deleted%20question%20'QQdGm7G12uHb'%20from%20lesson%20'VBoGjx4OmkoQ'
01%2F09%2F2025#13%3A56#Simjrn#2JyI00k8S8EU#Question#Deleted%20question%20'2JyI00k8S8EU'%20from%20lesson%20'VBoGjx4OmkoQ'
01%2F09%2F2025#13%3A55#Simjrn#OiKXsPUCzAx5#Question#Deleted%20question%20'OiKXsPUCzAx5'%20from%20lesson%20'VBoGjx4OmkoQ'
01%2F09%2F2025#13%3A55#Simjrn#RxHn0BhXwSEC#Question#Deleted%20question%20'RxHn0BhXwSEC'%20from%20lesson%20'VBoGjx4OmkoQ'
01%2F09%2F2025#13%3A55#Simjrn#aKYUmbPmH85A#Question#Deleted%20question%20'aKYUmbPmH85A'%20from%20lesson%20'hWTYx7k2zPwQ'
01%2F09%2F2025#13%3A55#Simjrn#VM5nDgqXOLop#Question#Deleted%20question%20'VM5nDgqXOLop'%20from%20lesson%20'hWTYx7k2zPwQ'
01%2F09%2F2025#13%3A55#Simjrn#ZBfp8nwTJBIA#Question#Deleted%20question%20'ZBfp8nwTJBIA'%20from%20lesson%20'hWTYx7k2zPwQ'
01%2F09%2F2025#13%3A55#Simjrn#Js3ZIkOxGpgt#Question#Deleted%20question%20'Js3ZIkOxGpgt'%20from%20lesson%20'hWTYx7k2zPwQ'
01%2F09%2F2025#13%3A55#Simjrn#ZJl0p5GbDHu0#Question#Deleted%20question%20'ZJl0p5GbDHu0'%20from%20lesson%20'hWTYx7k2zPwQ'
01%2F09%2F2025#13%3A54#Simjrn#e4z2qOKOcdfk#Question#Deleted%20question%20'e4z2qOKOcdfk'%20from%20lesson%20'hWTYx7k2zPwQ'
01%2F09%2F2025#13%3A54#Simjrn#EEqnlFanRhFx#Question#Deleted%20question%20'EEqnlFanRhFx'%20from%20lesson%20'hWTYx7k2zPwQ'
01%2F09%2F2025#13%3A53#Simjrn#ssxYtaFwmPDU#Question#Deleted%20question%20'ssxYtaFwmPDU'%20from%20lesson%20'hWTYx7k2zPwQ'
01%2F09%2F2025#13%3A52#Simjrn#Hl42SnWpoYUe#Question#Deleted%20question%20'Hl42SnWpoYUe'%20from%20lesson%20'ei36Hu0XeCI9'
01%2F09%2F2025#13%3A51#Simjrn#OXhkGJQ2zXHz#Question#Deleted%20question%20'OXhkGJQ2zXHz'%20from%20lesson%20'ei36Hu0XeCI9'
01%2F09%2F2025#13%3A51#Simjrn#sY4k5XgDuiQm#Question#Deleted%20question%20'sY4k5XgDuiQm'%20from%20lesson%20'ei36Hu0XeCI9'
01%2F09%2F2025#13%3A51#Simjrn#JomHLOEaR5F8#Question#Deleted%20question%20'JomHLOEaR5F8'%20from%20lesson%20'ei36Hu0XeCI9'
01%2F09%2F2025#13%3A51#Simjrn#eSfw5AIah3Hk#Question#Deleted%20question%20'eSfw5AIah3Hk'%20from%20lesson%20'ei36Hu0XeCI9'
01%2F09%2F2025#13%3A51#Simjrn#KTerpOeARjVz#Question#Deleted%20question%20'KTerpOeARjVz'%20from%20lesson%20'ei36Hu0XeCI9'
01%2F09%2F2025#13%3A50#Simjrn#QTKi0jttamTi#Question#Deleted%20question%20'QTKi0jttamTi'%20from%20lesson%20'ei36Hu0XeCI9'
01%2F09%2F2025#13%3A50#Simjrn#UELbMAAI5iHl#Question#Deleted%20question%20'UELbMAAI5iHl'%20from%20lesson%20'ei36Hu0XeCI9'
01%2F09%2F2025#13%3A50#Simjrn#aQBv8lnA2O4a#Question#Deleted%20question%20'aQBv8lnA2O4a'%20from%20lesson%20'H9m1U4anQbJv'
01%2F09%2F2025#13%3A50#Simjrn#4DZXOWP7iDsy#Question#Deleted%20question%20'4DZXOWP7iDsy'%20from%20lesson%20'H9m1U4anQbJv'
01%2F09%2F2025#13%3A50#Simjrn#xSKhCG7kN4zl#Question#Deleted%20question%20'xSKhCG7kN4zl'%20from%20lesson%20'H9m1U4anQbJv'
01%2F09%2F2025#13%3A50#Simjrn#MYUIEHkZwv9u#Question#Deleted%20question%20'MYUIEHkZwv9u'%20from%20lesson%20'H9m1U4anQbJv'
01%2F09%2F2025#13%3A50#Simjrn#G57IT9ThAcQ1#Question#Deleted%20question%20'G57IT9ThAcQ1'%20from%20lesson%20'H9m1U4anQbJv'
01%2F09%2F2025#13%3A49#Simjrn#0jHakFe8UTKO#Question#Deleted%20question%20'0jHakFe8UTKO'%20from%20lesson%20'H9m1U4anQbJv'
01%2F09%2F2025#13%3A48#Simjrn#EKKXysY01KUx#Question#Deleted%20question%20'EKKXysY01KUx'%20from%20lesson%20'H9m1U4anQbJv'
01%2F09%2F2025#12%3A31#Simjrn#jFSa8mPPVEZQ#Question#Deleted%20question%20'jFSa8mPPVEZQ'%20from%20lesson%20'H9m1U4anQbJv'
01%2F09%2F2025#12%3A31#Simjrn#PH4J6oaEUSsE#Question#Deleted%20question%20'PH4J6oaEUSsE'%20from%20lesson%20'H9m1U4anQbJv'
01%2F09%2F2025#12%3A31#Simjrn#7u7Dt0JVRcyu#Question#Deleted%20question%20'7u7Dt0JVRcyu'%20from%20lesson%20'H9m1U4anQbJv'
01%2F09%2F2025#12%3A30#Simjrn#0nHQIf5haztx#Question#Deleted%20question%20'0nHQIf5haztx'%20from%20lesson%20'H9m1U4anQbJv'
01%2F09%2F2025#12%3A30#Simjrn#udLKaypG6DoD#Question#Deleted%20question%20'udLKaypG6DoD'%20from%20lesson%20'H9m1U4anQbJv'
01%2F09%2F2025#12%3A30#Simjrn#2IRWxI4HQPBr#Question#Deleted%20question%20'2IRWxI4HQPBr'%20from%20lesson%20'H9m1U4anQbJv'
01%2F09%2F2025#12%3A30#Simjrn#hyi03RTQ4LZw#Question#Deleted%20question%20'hyi03RTQ4LZw'%20from%20lesson%20'H9m1U4anQbJv'
01%2F09%2F2025#12%3A30#Simjrn#519WjBWpRbjX#Question#Deleted%20question%20'519WjBWpRbjX'%20from%20lesson%20'mpUcSnJEr8gy'
01%2F09%2F2025#12%3A30#Simjrn#Yj540aprTYfT#Question#Deleted%20question%20'Yj540aprTYfT'%20from%20lesson%20'mpUcSnJEr8gy'
01%2F09%2F2025#12%3A30#Simjrn#miRZqSYT4RSy#Question#Deleted%20question%20'miRZqSYT4RSy'%20from%20lesson%20'mpUcSnJEr8gy'
01%2F09%2F2025#12%3A30#Simjrn#2UKswXIWOWm8#Question#Deleted%20question%20'2UKswXIWOWm8'%20from%20lesson%20'mpUcSnJEr8gy'
01%2F09%2F2025#12%3A29#Simjrn#t0X9Dvk4zvyr#Question#Deleted%20question%20't0X9Dvk4zvyr'%20from%20lesson%20'mpUcSnJEr8gy'
01%2F09%2F2025#12%3A29#Simjrn#1v8wRBdTfkRo#Question#Deleted%20question%20'1v8wRBdTfkRo'%20from%20lesson%20'mpUcSnJEr8gy'
01%2F09%2F2025#12%3A29#Simjrn#6phmfXykLDDI#Question#Deleted%20question%20'6phmfXykLDDI'%20from%20lesson%20'mpUcSnJEr8gy'
01%2F09%2F2025#12%3A29#Simjrn#uuZBa2LfxxuL#Question#Deleted%20question%20'uuZBa2LfxxuL'%20from%20lesson%20'mpUcSnJEr8gy'
01%2F09%2F2025#12%3A29#Simjrn#PGa5BX7pVEuA#Question#Deleted%20question%20'PGa5BX7pVEuA'%20from%20lesson%20'mpUcSnJEr8gy'
01%2F09%2F2025#12%3A29#Simjrn#LpB3VeqdoAPK#Question#Deleted%20question%20'LpB3VeqdoAPK'%20from%20lesson%20'mpUcSnJEr8gy'
01%2F09%2F2025#12%3A29#Simjrn#3U6UmzJt7UX2#Question#Deleted%20question%20'3U6UmzJt7UX2'%20from%20lesson%20'mpUcSnJEr8gy'
01%2F09%2F2025#12%3A29#Simjrn#z441Rd83P29s#Question#Deleted%20question%20'z441Rd83P29s'%20from%20lesson%20'mpUcSnJEr8gy'
01%2F09%2F2025#12%3A29#Simjrn#NmkMIOtdRx4d#Question#Deleted%20question%20'NmkMIOtdRx4d'%20from%20lesson%20'mpUcSnJEr8gy'
01%2F09%2F2025#12%3A29#Simjrn#1usJ1XLZARju#Question#Deleted%20question%20'1usJ1XLZARju'%20from%20lesson%20'mpUcSnJEr8gy'
01%2F09%2F2025#12%3A28#Simjrn#GTV8uzIOhhv0#Question#Deleted%20question%20'GTV8uzIOhhv0'%20from%20lesson%20'b8dWLbozXg9h'
01%2F09%2F2025#12%3A28#Simjrn#ibiBxRfXr7Hw#Question#Deleted%20question%20'ibiBxRfXr7Hw'%20from%20lesson%20'b8dWLbozXg9h'
01%2F09%2F2025#12%3A28#Simjrn#4BBfkcQJhwIT#Question#Deleted%20question%20'4BBfkcQJhwIT'%20from%20lesson%20'b8dWLbozXg9h'
01%2F09%2F2025#12%3A28#Simjrn#yiKFbSLKy66d#Question#Deleted%20question%20'yiKFbSLKy66d'%20from%20lesson%20'b8dWLbozXg9h'
01%2F09%2F2025#12%3A28#Simjrn#IHg2qR6p8yCD#Question#Deleted%20question%20'IHg2qR6p8yCD'%20from%20lesson%20'b8dWLbozXg9h'
01%2F09%2F2025#12%3A28#Simjrn#R7GOHU3oLwNf#Question#Deleted%20question%20'R7GOHU3oLwNf'%20from%20lesson%20'b8dWLbozXg9h'
01%2F09%2F2025#12%3A28#Simjrn#3DdwyXdkKMxK#Question#Deleted%20question%20'3DdwyXdkKMxK'%20from%20lesson%20'b8dWLbozXg9h'
01%2F09%2F2025#12%3A28#Simjrn#pEolUKT2knng#Question#Deleted%20question%20'pEolUKT2knng'%20from%20lesson%20'b8dWLbozXg9h'
01%2F09%2F2025#12%3A28#Simjrn#eRc7zU9m39PE#Question#Deleted%20question%20'eRc7zU9m39PE'%20from%20lesson%20'b8dWLbozXg9h'
01%2F09%2F2025#12%3A28#Simjrn#DznAwK6zbaSH#Question#Deleted%20question%20'DznAwK6zbaSH'%20from%20lesson%20'b8dWLbozXg9h'
01%2F09%2F2025#12%3A28#Simjrn#DPMwkper7mPz#Question#Deleted%20question%20'DPMwkper7mPz'%20from%20lesson%20'b8dWLbozXg9h'
01%2F09%2F2025#12%3A28#Simjrn#7bGRweJheg7W#Question#Deleted%20question%20'7bGRweJheg7W'%20from%20lesson%20'b8dWLbozXg9h'
01%2F09%2F2025#12%3A28#Simjrn#rhxy3vmcQuxd#Question#Deleted%20question%20'rhxy3vmcQuxd'%20from%20lesson%20'b8dWLbozXg9h'
01%2F09%2F2025#12%3A27#Simjrn#MpSt7KiOe1Vg#Question#Deleted%20question%20'MpSt7KiOe1Vg'%20from%20lesson%20'tXluolFw82et'
01%2F09%2F2025#12%3A27#Simjrn#h3y2Om39iCcw#Question#Deleted%20question%20'h3y2Om39iCcw'%20from%20lesson%20'tXluolFw82et'
01%2F09%2F2025#12%3A27#Simjrn#nN1FXXsWTjk2#Question#Deleted%20question%20'nN1FXXsWTjk2'%20from%20lesson%20'tXluolFw82et'
01%2F09%2F2025#12%3A27#Simjrn#CMc1oxBjxVb2#Question#Deleted%20question%20'CMc1oxBjxVb2'%20from%20lesson%20'tXluolFw82et'
01%2F09%2F2025#12%3A27#Simjrn#x0kD9fGjzKgL#Question#Deleted%20question%20'x0kD9fGjzKgL'%20from%20lesson%20'tXluolFw82et'
01%2F09%2F2025#12%3A27#Simjrn#O2LTaIhoL5V9#Question#Deleted%20question%20'O2LTaIhoL5V9'%20from%20lesson%20'tXluolFw82et'
01%2F09%2F2025#12%3A26#Simjrn#HOynGaWzwfhb#Question#Deleted%20question%20'HOynGaWzwfhb'%20from%20lesson%20'tXluolFw82et'
01%2F09%2F2025#12%3A26#Simjrn#2FERhJDNkEHd#Question#Deleted%20question%20'2FERhJDNkEHd'%20from%20lesson%20'tXluolFw82et'
01%2F09%2F2025#12%3A26#Simjrn#gJivkQRvqOrd#Question#Deleted%20question%20'gJivkQRvqOrd'%20from%20lesson%20'tXluolFw82et'
01%2F09%2F2025#12%3A26#Simjrn#gPxSTPxQTeF9#Question#Deleted%20question%20'gPxSTPxQTeF9'%20from%20lesson%20'tXluolFw82et'
01%2F09%2F2025#12%3A26#Simjrn#A0zdt3uYmZfQ#Question#Deleted%20question%20'A0zdt3uYmZfQ'%20from%20lesson%20'tXluolFw82et'
01%2F09%2F2025#12%3A26#Simjrn#ufI4ycIdUiQr#Question#Deleted%20question%20'ufI4ycIdUiQr'%20from%20lesson%20'tXluolFw82et'
01%2F09%2F2025#12%3A26#Simjrn#ZjIDP4sjxtB5#Question#Deleted%20question%20'ZjIDP4sjxtB5'%20from%20lesson%20'tXluolFw82et'
01%2F09%2F2025#12%3A26#Simjrn#DGs5WxnAlOsy#Lesson#Deleted%20lesson%209%20from%20skill%20's9Etk0DPm9Lt'
01%2F09%2F2025#12%3A25#Simjrn#eIfWFfHCtdSW#Lesson#Deleted%20lesson%2010%20from%20skill%20's9Etk0DPm9Lt'
01%2F09%2F2025#12%3A25#Simjrn#tivrwpalRNfl#Lesson#Deleted%20lesson%2011%20from%20skill%20's9Etk0DPm9Lt'
01%2F09%2F2025#12%3A25#Simjrn#tivrwpalRNfl#Lesson#Added%20new%20lesson%2011%20to%20skill%20's9Etk0DPm9Lt'
01%2F09%2F2025#12%3A25#Simjrn#s9Etk0DPm9Lt#Skill#Updated%20skill%20'Places'%20details
01%2F09%2F2025#12%3A23#Simjrn#000000000000#Project#Updated%20project%20metadata
01%2F09%2F2025#12%3A23#Simjrn#s9Etk0DPm9Lt#Sentences#Updated%20sentences%20for%20skill%20'Places'
01%2F09%2F2025#12%3A18#Simjrn#s9Etk0DPm9Lt#Vocab#Updated%20vocabulary%20for%20skill%20'Places'
01%2F09%2F2025#12%3A12#Simjrn#s9Etk0DPm9Lt#Skill#Updated%20skill%20'Places'%20details
01%2F09%2F2025#12%3A12#Simjrn#s9Etk0DPm9Lt#Skill#Updated%20skill%20'Places'%20details
01%2F09%2F2025#12%3A12#Simjrn#000000000000#Project#Updated%20project%20metadata
01%2F09%2F2025#11%3A51#Simjrn#s9Etk0DPm9Lt#Skill#Updated%20skill%20'New%20Skill'%20details
01%2F09%2F2025#11%3A50#Simjrn#s9Etk0DPm9Lt#Skill#Updated%20skill%20'New%20Skill'%20details
01%2F09%2F2025#11%3A50#Simjrn#6#Unit#Added%20new%20unit%206
01%2F09%2F2025#11%3A50#Simjrn#000000000000#Project#Updated%20project%20metadata
01%2F09%2F2025#11%3A49#Simjrn#3BwfKyDLsZ9k#Notes#Updated%20notes%20for%20skill%20'Describing%20people'
01%2F09%2F2025#11%3A45#Simjrn#Ki0TXpiP8erM#Question#Deleted%20question%20'Ki0TXpiP8erM'%20from%20lesson%20'XKAfIjirzszU'
01%2F09%2F2025#11%3A45#Simjrn#FnpNVR1ijUqP#Question#Deleted%20question%20'FnpNVR1ijUqP'%20from%20lesson%20'XKAfIjirzszU'
01%2F09%2F2025#11%3A45#Simjrn#9pFK1z0dNvwq#Question#Deleted%20question%20'9pFK1z0dNvwq'%20from%20lesson%20'XKAfIjirzszU'
01%2F09%2F2025#11%3A45#Simjrn#4aFmxAyo4wfT#Question#Deleted%20question%20'4aFmxAyo4wfT'%20from%20lesson%20'XKAfIjirzszU'
01%2F09%2F2025#11%3A44#Simjrn#1vONdhM0w9X1#Question#Deleted%20question%20'1vONdhM0w9X1'%20from%20lesson%20'XKAfIjirzszU'
01%2F09%2F2025#11%3A44#Simjrn#T4u1vjiwlzUa#Question#Deleted%20question%20'T4u1vjiwlzUa'%20from%20lesson%20'XKAfIjirzszU'
01%2F09%2F2025#11%3A43#Simjrn#rMrBoP6GBrmI#Question#Deleted%20question%20'rMrBoP6GBrmI'%20from%20lesson%20'XKAfIjirzszU'
01%2F09%2F2025#11%3A43#Simjrn#uYolPwFNg1O8#Question#Deleted%20question%20'uYolPwFNg1O8'%20from%20lesson%20'GKn69sCrfQWa'
01%2F09%2F2025#11%3A43#Simjrn#DlIo5KU3oNqU#Question#Deleted%20question%20'DlIo5KU3oNqU'%20from%20lesson%20'GKn69sCrfQWa'
01%2F09%2F2025#11%3A42#Simjrn#7vi8VhMXiEcB#Question#Deleted%20question%20'7vi8VhMXiEcB'%20from%20lesson%20'GKn69sCrfQWa'
01%2F09%2F2025#11%3A42#Simjrn#GEzzhdXi7shc#Question#Deleted%20question%20'GEzzhdXi7shc'%20from%20lesson%20'GKn69sCrfQWa'
01%2F09%2F2025#11%3A42#Simjrn#PmNm8U1nfNQO#Question#Deleted%20question%20'PmNm8U1nfNQO'%20from%20lesson%20'GKn69sCrfQWa'
01%2F09%2F2025#11%3A42#Simjrn#375GuzO9eU5E#Question#Deleted%20question%20'375GuzO9eU5E'%20from%20lesson%20'GKn69sCrfQWa'
01%2F09%2F2025#11%3A41#Simjrn#DqnQingse1Eb#Question#Deleted%20question%20'DqnQingse1Eb'%20from%20lesson%20'GKn69sCrfQWa'
01%2F09%2F2025#11%3A41#Simjrn#bcPfqOngs6o9#Question#Deleted%20question%20'bcPfqOngs6o9'%20from%20lesson%20'n3IXBrfF2GeC'
01%2F09%2F2025#11%3A41#Simjrn#pIbyicWJkvCa#Question#Deleted%20question%20'pIbyicWJkvCa'%20from%20lesson%20'n3IXBrfF2GeC'
01%2F09%2F2025#11%3A41#Simjrn#y34kTZj1suVi#Question#Deleted%20question%20'y34kTZj1suVi'%20from%20lesson%20'n3IXBrfF2GeC'
01%2F09%2F2025#11%3A41#Simjrn#ItdS8cGa96eR#Question#Deleted%20question%20'ItdS8cGa96eR'%20from%20lesson%20'n3IXBrfF2GeC'
01%2F09%2F2025#11%3A40#Simjrn#XJ62uVEzEWDW#Question#Deleted%20question%20'XJ62uVEzEWDW'%20from%20lesson%20'n3IXBrfF2GeC'
01%2F09%2F2025#11%3A40#Simjrn#A73NqNWVraQi#Question#Deleted%20question%20'A73NqNWVraQi'%20from%20lesson%20'n3IXBrfF2GeC'
01%2F09%2F2025#11%3A40#Simjrn#nCCbCYEcdHzZ#Question#Deleted%20question%20'nCCbCYEcdHzZ'%20from%20lesson%20'n3IXBrfF2GeC'
01%2F09%2F2025#11%3A40#Simjrn#UIQl4MgztxTc#Question#Deleted%20question%20'UIQl4MgztxTc'%20from%20lesson%20'n3IXBrfF2GeC'
01%2F09%2F2025#11%3A39#Simjrn#DIDE8LFiZvx5#Question#Deleted%20question%20'DIDE8LFiZvx5'%20from%20lesson%20'7yddvrSZ1T5b'
01%2F09%2F2025#11%3A39#Simjrn#68xFdtFdnP25#Question#Deleted%20question%20'68xFdtFdnP25'%20from%20lesson%20'7yddvrSZ1T5b'
01%2F09%2F2025#11%3A39#Simjrn#ATnxOjjUKFBc#Question#Deleted%20question%20'ATnxOjjUKFBc'%20from%20lesson%20'7yddvrSZ1T5b'
01%2F09%2F2025#11%3A39#Simjrn#C2OqA1qXoIgC#Question#Deleted%20question%20'C2OqA1qXoIgC'%20from%20lesson%20'7yddvrSZ1T5b'
01%2F09%2F2025#11%3A39#Simjrn#wXOJMr2lpV2W#Question#Deleted%20question%20'wXOJMr2lpV2W'%20from%20lesson%20'7yddvrSZ1T5b'
01%2F09%2F2025#11%3A39#Simjrn#cOuP5VqLb6GJ#Question#Deleted%20question%20'cOuP5VqLb6GJ'%20from%20lesson%20'7yddvrSZ1T5b'
01%2F09%2F2025#11%3A39#Simjrn#KrP9wheILYYI#Question#Deleted%20question%20'KrP9wheILYYI'%20from%20lesson%20'7yddvrSZ1T5b'
01%2F09%2F2025#11%3A39#Simjrn#C6poTb3ULcLp#Question#Deleted%20question%20'C6poTb3ULcLp'%20from%20lesson%20'7yddvrSZ1T5b'
01%2F09%2F2025#11%3A39#Simjrn#lsGA0tCRdsom#Question#Deleted%20question%20'lsGA0tCRdsom'%20from%20lesson%20'7yddvrSZ1T5b'
01%2F09%2F2025#11%3A39#Simjrn#G8P7ixvHgWTH#Question#Deleted%20question%20'G8P7ixvHgWTH'%20from%20lesson%20'7yddvrSZ1T5b'
01%2F09%2F2025#11%3A39#Simjrn#poxaXp5AUPBY#Question#Deleted%20question%20'poxaXp5AUPBY'%20from%20lesson%20'7yddvrSZ1T5b'
01%2F09%2F2025#11%3A38#Simjrn#uFkIugNg24SN#Question#Deleted%20question%20'uFkIugNg24SN'%20from%20lesson%20'7yddvrSZ1T5b'
01%2F09%2F2025#11%3A38#Simjrn#nChDpdWffgXz#Question#Deleted%20question%20'nChDpdWffgXz'%20from%20lesson%20'7yddvrSZ1T5b'
01%2F09%2F2025#11%3A38#Simjrn#zie8Bx1x7SwL#Question#Deleted%20question%20'zie8Bx1x7SwL'%20from%20lesson%20'7yddvrSZ1T5b'
01%2F09%2F2025#11%3A38#Simjrn#mSXVXQhpvudA#Question#Deleted%20question%20'mSXVXQhpvudA'%20from%20lesson%20'koaN7VAlKi4Z'
01%2F09%2F2025#11%3A38#Simjrn#BiMiuFFhPabf#Question#Deleted%20question%20'BiMiuFFhPabf'%20from%20lesson%20'koaN7VAlKi4Z'
01%2F09%2F2025#11%3A38#Simjrn#kp1Zy6PQnP5M#Question#Deleted%20question%20'kp1Zy6PQnP5M'%20from%20lesson%20'koaN7VAlKi4Z'
01%2F09%2F2025#11%3A37#Simjrn#1InJAXAbQPpx#Question#Deleted%20question%20'1InJAXAbQPpx'%20from%20lesson%20'koaN7VAlKi4Z'
01%2F09%2F2025#11%3A37#Simjrn#UqIPTV9AgfDL#Question#Deleted%20question%20'UqIPTV9AgfDL'%20from%20lesson%20'koaN7VAlKi4Z'
01%2F09%2F2025#11%3A37#Simjrn#qnN24Z1K7DZS#Question#Deleted%20question%20'qnN24Z1K7DZS'%20from%20lesson%20'koaN7VAlKi4Z'
01%2F09%2F2025#11%3A37#Simjrn#cdF2DwHAE8zu#Question#Deleted%20question%20'cdF2DwHAE8zu'%20from%20lesson%20'koaN7VAlKi4Z'
01%2F09%2F2025#11%3A37#Simjrn#WsTWRd7r6PKV#Question#Deleted%20question%20'WsTWRd7r6PKV'%20from%20lesson%20'koaN7VAlKi4Z'
01%2F09%2F2025#11%3A37#Simjrn#sy4mndjZDZb0#Question#Deleted%20question%20'sy4mndjZDZb0'%20from%20lesson%20'koaN7VAlKi4Z'
01%2F09%2F2025#11%3A37#Simjrn#S2hrkpD6Q9KB#Question#Deleted%20question%20'S2hrkpD6Q9KB'%20from%20lesson%20'koaN7VAlKi4Z'
01%2F09%2F2025#11%3A37#Simjrn#pKrnEb3peIgE#Question#Deleted%20question%20'pKrnEb3peIgE'%20from%20lesson%20'koaN7VAlKi4Z'
01%2F09%2F2025#11%3A37#Simjrn#G7Xw3hetXVJb#Question#Deleted%20question%20'G7Xw3hetXVJb'%20from%20lesson%20'koaN7VAlKi4Z'
01%2F09%2F2025#11%3A37#Simjrn#sNmsaqArs8kk#Question#Deleted%20question%20'sNmsaqArs8kk'%20from%20lesson%20'koaN7VAlKi4Z'
01%2F09%2F2025#11%3A36#Simjrn#3BwfKyDLsZ9k#Skill#Updated%20skill%20'Describing%20people'%20details
01%2F09%2F2025#11%3A34#Simjrn#000000000000#Project#Updated%20project%20metadata
01%2F09%2F2025#11%3A34#Simjrn#3BwfKyDLsZ9k#Sentences#Updated%20sentences%20for%20skill%20'Describing%20people'
01%2F09%2F2025#11%3A31#Simjrn#000000000000#Project#Updated%20project%20metadata
01%2F09%2F2025#11%3A31#Simjrn#3BwfKyDLsZ9k#Vocab#Updated%20vocabulary%20for%20skill%20'Describing%20people'
01%2F09%2F2025#11%3A31#Simjrn#3BwfKyDLsZ9k#Sentences#Updated%20sentences%20for%20skill%20'Describing%20people'
01%2F09%2F2025#11%3A27#Simjrn#3BwfKyDLsZ9k#Vocab#Updated%20vocabulary%20for%20skill%20'Describing%20people'
01%2F09%2F2025#11%3A20#Simjrn#3BwfKyDLsZ9k#Notes#Updated%20notes%20for%20skill%20'Describing%20people'
01%2F09%2F2025#11%3A20#Simjrn#3BwfKyDLsZ9k#Skill#Updated%20skill%20'Describing%20people'%20details
01%2F09%2F2025#11%3A19#Simjrn#3BwfKyDLsZ9k#Skill#Updated%20skill%20'Describing%20people'%20details
01%2F09%2F2025#11%3A19#Simjrn#3BwfKyDLsZ9k#Skill#Updated%20skill%20'Describing%20people'%20details
01%2F09%2F2025#11%3A19#Simjrn#3BwfKyDLsZ9k#Skill#Updated%20skill%20'Describing%20people'%20details
01%2F09%2F2025#11%3A19#Simjrn#3BwfKyDLsZ9k#Skill#Added%20new%20skill%20'New%20Skill'%20to%20unit%205
31%2F08%2F2025#18%3A30#Simjrn#000000000000#Project#Updated%20project%20metadata
31%2F08%2F2025#18%3A30#Simjrn#74JgEfYyacnK#Question#Deleted%20question%20'74JgEfYyacnK'%20from%20lesson%20'rDzAMMDJw4vp'
31%2F08%2F2025#18%3A30#Simjrn#BVYYkYCTmquV#Question#Deleted%20question%20'BVYYkYCTmquV'%20from%20lesson%20'rDzAMMDJw4vp'
31%2F08%2F2025#18%3A30#Simjrn#J5VKTK5nwM3p#Question#Deleted%20question%20'J5VKTK5nwM3p'%20from%20lesson%20'rDzAMMDJw4vp'
31%2F08%2F2025#18%3A29#Simjrn#HhWP6s0NjPos#Question#Deleted%20question%20'HhWP6s0NjPos'%20from%20lesson%20'rDzAMMDJw4vp'
31%2F08%2F2025#18%3A29#Simjrn#fheG99YMXGry#Question#Deleted%20question%20'fheG99YMXGry'%20from%20lesson%20'rDzAMMDJw4vp'
31%2F08%2F2025#18%3A29#Simjrn#NWWxiO0pnLdK#Question#Deleted%20question%20'NWWxiO0pnLdK'%20from%20lesson%20'rDzAMMDJw4vp'
31%2F08%2F2025#18%3A29#Simjrn#0wK45Hag25gK#Question#Deleted%20question%20'0wK45Hag25gK'%20from%20lesson%20'rDzAMMDJw4vp'
31%2F08%2F2025#18%3A29#Simjrn#wm1eaggnw9CO#Question#Deleted%20question%20'wm1eaggnw9CO'%20from%20lesson%20'edJrdlTMhSmv'
31%2F08%2F2025#18%3A28#Simjrn#VNsrVkcSrlwQ#Question#Deleted%20question%20'VNsrVkcSrlwQ'%20from%20lesson%20'edJrdlTMhSmv'
31%2F08%2F2025#18%3A28#Simjrn#PxbfzFPrvYAX#Question#Deleted%20question%20'PxbfzFPrvYAX'%20from%20lesson%20'edJrdlTMhSmv'
31%2F08%2F2025#18%3A28#Simjrn#3D7ByZhBxxFs#Question#Deleted%20question%20'3D7ByZhBxxFs'%20from%20lesson%20'edJrdlTMhSmv'
31%2F08%2F2025#18%3A28#Simjrn#SQ56iateJlYF#Question#Deleted%20question%20'SQ56iateJlYF'%20from%20lesson%20'edJrdlTMhSmv'
31%2F08%2F2025#18%3A28#Simjrn#UH2h9aWQ4NN9#Question#Deleted%20question%20'UH2h9aWQ4NN9'%20from%20lesson%20'edJrdlTMhSmv'
31%2F08%2F2025#18%3A28#Simjrn#pmcxv4Np19Kc#Question#Deleted%20question%20'pmcxv4Np19Kc'%20from%20lesson%20'edJrdlTMhSmv'
31%2F08%2F2025#18%3A28#Simjrn#SOiuBEnKnq2u#Question#Deleted%20question%20'SOiuBEnKnq2u'%20from%20lesson%20'edJrdlTMhSmv'
31%2F08%2F2025#18%3A28#Simjrn#z9Fqscgghr8c#Question#Deleted%20question%20'z9Fqscgghr8c'%20from%20lesson%20'2q56fmoibEbF'
31%2F08%2F2025#18%3A28#Simjrn#BS9wDRnXxbv1#Question#Deleted%20question%20'BS9wDRnXxbv1'%20from%20lesson%20'2q56fmoibEbF'
31%2F08%2F2025#18%3A27#Simjrn#bYVNXQGAphPx#Question#Deleted%20question%20'bYVNXQGAphPx'%20from%20lesson%20'2q56fmoibEbF'
31%2F08%2F2025#18%3A27#Simjrn#FEN9GdvxB6pd#Question#Deleted%20question%20'FEN9GdvxB6pd'%20from%20lesson%20'2q56fmoibEbF'
31%2F08%2F2025#18%3A27#Simjrn#bpwxhV88CuNA#Question#Deleted%20question%20'bpwxhV88CuNA'%20from%20lesson%20'2q56fmoibEbF'
31%2F08%2F2025#18%3A27#Simjrn#ZTTKQPbD7dJI#Question#Deleted%20question%20'ZTTKQPbD7dJI'%20from%20lesson%20'2q56fmoibEbF'
31%2F08%2F2025#18%3A27#Simjrn#FhH1L1n17wpW#Question#Deleted%20question%20'FhH1L1n17wpW'%20from%20lesson%20'2q56fmoibEbF'
31%2F08%2F2025#18%3A27#Simjrn#OCCZ96Qn2rYF#Question#Deleted%20question%20'OCCZ96Qn2rYF'%20from%20lesson%20'2q56fmoibEbF'
31%2F08%2F2025#18%3A26#Simjrn#MAFqdEaeqlLd#Question#Deleted%20question%20'MAFqdEaeqlLd'%20from%20lesson%20'QlkRApbuyxKI'
31%2F08%2F2025#18%3A26#Simjrn#uMd9E16MEBua#Question#Deleted%20question%20'uMd9E16MEBua'%20from%20lesson%20'QlkRApbuyxKI'
31%2F08%2F2025#18%3A26#Simjrn#vk5emtRVnTNM#Question#Deleted%20question%20'vk5emtRVnTNM'%20from%20lesson%20'QlkRApbuyxKI'
31%2F08%2F2025#18%3A26#Simjrn#B7GpqcbvbzO0#Question#Deleted%20question%20'B7GpqcbvbzO0'%20from%20lesson%20'QlkRApbuyxKI'
31%2F08%2F2025#18%3A26#Simjrn#KcucSBNaRbiU#Question#Deleted%20question%20'KcucSBNaRbiU'%20from%20lesson%20'QlkRApbuyxKI'
31%2F08%2F2025#18%3A26#Simjrn#b4MtjrK1h5JN#Question#Deleted%20question%20'b4MtjrK1h5JN'%20from%20lesson%20'QlkRApbuyxKI'
31%2F08%2F2025#18%3A26#Simjrn#s0lPIk90Uqpx#Question#Deleted%20question%20's0lPIk90Uqpx'%20from%20lesson%20'QlkRApbuyxKI'
31%2F08%2F2025#18%3A26#Simjrn#AODaWydqZunh#Question#Deleted%20question%20'AODaWydqZunh'%20from%20lesson%20'QlkRApbuyxKI'
31%2F08%2F2025#18%3A26#Simjrn#ZhJrpoZ3EN2J#Question#Deleted%20question%20'ZhJrpoZ3EN2J'%20from%20lesson%20'QlkRApbuyxKI'
31%2F08%2F2025#18%3A26#Simjrn#vMVulMt1S8o2#Question#Deleted%20question%20'vMVulMt1S8o2'%20from%20lesson%20'QlkRApbuyxKI'
31%2F08%2F2025#18%3A26#Simjrn#6Vmx4xLqflvl#Question#Deleted%20question%20'6Vmx4xLqflvl'%20from%20lesson%20'QlkRApbuyxKI'
31%2F08%2F2025#18%3A25#Simjrn#JMEyA2ro2Yfu#Question#Deleted%20question%20'JMEyA2ro2Yfu'%20from%20lesson%20'QlkRApbuyxKI'
31%2F08%2F2025#18%3A25#Simjrn#3OFdy6H3dVIm#Question#Deleted%20question%20'3OFdy6H3dVIm'%20from%20lesson%20'QlkRApbuyxKI'
31%2F08%2F2025#18%3A25#Simjrn#qMYhO7a40FqJ#Question#Deleted%20question%20'qMYhO7a40FqJ'%20from%20lesson%20'QlkRApbuyxKI'
31%2F08%2F2025#18%3A25#Simjrn#1ZkalUFdgkQu#Question#Deleted%20question%20'1ZkalUFdgkQu'%20from%20lesson%20'CqKXxOuQJZnW'
31%2F08%2F2025#18%3A25#Simjrn#R8Wna6IUzgwT#Question#Deleted%20question%20'R8Wna6IUzgwT'%20from%20lesson%20'CqKXxOuQJZnW'
31%2F08%2F2025#18%3A25#Simjrn#Ra0r8zpY9nrp#Question#Deleted%20question%20'Ra0r8zpY9nrp'%20from%20lesson%20'CqKXxOuQJZnW'
31%2F08%2F2025#18%3A25#Simjrn#NSdj7XygCy1f#Question#Deleted%20question%20'NSdj7XygCy1f'%20from%20lesson%20'CqKXxOuQJZnW'
31%2F08%2F2025#18%3A25#Simjrn#QjNxteoK00GQ#Question#Deleted%20question%20'QjNxteoK00GQ'%20from%20lesson%20'CqKXxOuQJZnW'
31%2F08%2F2025#18%3A25#Simjrn#mdyXUen848sq#Question#Deleted%20question%20'mdyXUen848sq'%20from%20lesson%20'CqKXxOuQJZnW'
31%2F08%2F2025#18%3A25#Simjrn#k1m3wKU16eTB#Question#Deleted%20question%20'k1m3wKU16eTB'%20from%20lesson%20'CqKXxOuQJZnW'
31%2F08%2F2025#18%3A24#Simjrn#FTAd3D98zjZ3#Question#Deleted%20question%20'FTAd3D98zjZ3'%20from%20lesson%20'CqKXxOuQJZnW'
31%2F08%2F2025#18%3A24#Simjrn#LYtyqXIeECK0#Question#Deleted%20question%20'LYtyqXIeECK0'%20from%20lesson%20'CqKXxOuQJZnW'
31%2F08%2F2025#18%3A24#Simjrn#jqsMuZizhaAA#Question#Deleted%20question%20'jqsMuZizhaAA'%20from%20lesson%20'CqKXxOuQJZnW'
31%2F08%2F2025#18%3A24#Simjrn#ONnS7gyLpvpn#Question#Deleted%20question%20'ONnS7gyLpvpn'%20from%20lesson%20'CqKXxOuQJZnW'
31%2F08%2F2025#18%3A24#Simjrn#SM73lOTZqGDD#Question#Deleted%20question%20'SM73lOTZqGDD'%20from%20lesson%20'CqKXxOuQJZnW'
31%2F08%2F2025#18%3A24#Simjrn#Fkk6xi3MRPmp#Question#Deleted%20question%20'Fkk6xi3MRPmp'%20from%20lesson%20'CqKXxOuQJZnW'
31%2F08%2F2025#18%3A24#Simjrn#9JaQ9IIaMgkI#Question#Deleted%20question%20'9JaQ9IIaMgkI'%20from%20lesson%20'CqKXxOuQJZnW'
31%2F08%2F2025#18%3A24#Simjrn#FPIaMoMcnceI#Question#Deleted%20question%20'FPIaMoMcnceI'%20from%20lesson%20'bW63FK3rK6ZN'
31%2F08%2F2025#18%3A24#Simjrn#NAPhI4cPEgqG#Question#Deleted%20question%20'NAPhI4cPEgqG'%20from%20lesson%20'bW63FK3rK6ZN'
31%2F08%2F2025#18%3A23#Simjrn#ReWAA9bN8cC6#Question#Deleted%20question%20'ReWAA9bN8cC6'%20from%20lesson%20'bW63FK3rK6ZN'
31%2F08%2F2025#18%3A23#Simjrn#nl4vqOcWcvCJ#Question#Deleted%20question%20'nl4vqOcWcvCJ'%20from%20lesson%20'bW63FK3rK6ZN'
31%2F08%2F2025#18%3A23#Simjrn#l7zQDESkqKam#Question#Deleted%20question%20'l7zQDESkqKam'%20from%20lesson%20'bW63FK3rK6ZN'
31%2F08%2F2025#18%3A23#Simjrn#4eSiI6C6Mfde#Question#Deleted%20question%20'4eSiI6C6Mfde'%20from%20lesson%20'bW63FK3rK6ZN'
31%2F08%2F2025#18%3A23#Simjrn#RoQHxJAc6feH#Question#Deleted%20question%20'RoQHxJAc6feH'%20from%20lesson%20'bW63FK3rK6ZN'
31%2F08%2F2025#18%3A23#Simjrn#dG7MCDmqSv77#Question#Deleted%20question%20'dG7MCDmqSv77'%20from%20lesson%20'bW63FK3rK6ZN'
31%2F08%2F2025#18%3A23#Simjrn#KHD6DURJezpr#Question#Deleted%20question%20'KHD6DURJezpr'%20from%20lesson%20'bW63FK3rK6ZN'
31%2F08%2F2025#18%3A23#Simjrn#4QGUWr9n52VA#Question#Deleted%20question%20'4QGUWr9n52VA'%20from%20lesson%20'bW63FK3rK6ZN'
31%2F08%2F2025#18%3A23#Simjrn#5SH8ddJ914jq#Question#Deleted%20question%20'5SH8ddJ914jq'%20from%20lesson%20'bW63FK3rK6ZN'
31%2F08%2F2025#18%3A23#Simjrn#0WSA2zyq5TAG#Question#Deleted%20question%20'0WSA2zyq5TAG'%20from%20lesson%20'bW63FK3rK6ZN'
31%2F08%2F2025#18%3A23#Simjrn#qzs90Nt1636g#Question#Deleted%20question%20'qzs90Nt1636g'%20from%20lesson%20'bW63FK3rK6ZN'
31%2F08%2F2025#18%3A23#Simjrn#HqcwjYceij8M#Question#Deleted%20question%20'HqcwjYceij8M'%20from%20lesson%20'DdtToKEd6sIM'
31%2F08%2F2025#18%3A22#Simjrn#Sl6WYM3TsfCt#Question#Deleted%20question%20'Sl6WYM3TsfCt'%20from%20lesson%20'DdtToKEd6sIM'
31%2F08%2F2025#18%3A22#Simjrn#EtEGpYv0M5dG#Question#Deleted%20question%20'EtEGpYv0M5dG'%20from%20lesson%20'DdtToKEd6sIM'
31%2F08%2F2025#18%3A22#Simjrn#VarLKHjOoAOY#Question#Deleted%20question%20'VarLKHjOoAOY'%20from%20lesson%20'DdtToKEd6sIM'
31%2F08%2F2025#18%3A22#Simjrn#e1NnmqYTa4Df#Question#Deleted%20question%20'e1NnmqYTa4Df'%20from%20lesson%20'DdtToKEd6sIM'
31%2F08%2F2025#18%3A22#Simjrn#VSuIrqRBBzWv#Question#Deleted%20question%20'VSuIrqRBBzWv'%20from%20lesson%20'DdtToKEd6sIM'
31%2F08%2F2025#18%3A22#Simjrn#pdZHflfX8cqf#Question#Deleted%20question%20'pdZHflfX8cqf'%20from%20lesson%20'DdtToKEd6sIM'
31%2F08%2F2025#18%3A19#Simjrn#s8NBLbLqEGrl#Question#Deleted%20question%20's8NBLbLqEGrl'%20from%20lesson%20'DdtToKEd6sIM'
31%2F08%2F2025#18%3A19#Simjrn#A4CnbVOQefkl#Question#Deleted%20question%20'A4CnbVOQefkl'%20from%20lesson%20'DdtToKEd6sIM'
31%2F08%2F2025#18%3A19#Simjrn#rR2JSnjpPhs3#Question#Deleted%20question%20'rR2JSnjpPhs3'%20from%20lesson%20'DdtToKEd6sIM'
31%2F08%2F2025#18%3A19#Simjrn#4UWoTdkgmVSc#Question#Deleted%20question%20'4UWoTdkgmVSc'%20from%20lesson%20'DdtToKEd6sIM'
31%2F08%2F2025#18%3A18#Simjrn#MyC0DtdCbi0Q#Question#Deleted%20question%20'MyC0DtdCbi0Q'%20from%20lesson%20'DdtToKEd6sIM'
31%2F08%2F2025#18%3A18#Simjrn#WzsvXbVyzMGB#Question#Deleted%20question%20'WzsvXbVyzMGB'%20from%20lesson%20'DdtToKEd6sIM'
31%2F08%2F2025#18%3A18#Simjrn#HmYusiik8CRu#Lesson#Deleted%20lesson%208%20from%20skill%20'lMsnbwrstGQS'
31%2F08%2F2025#18%3A18#Simjrn#DIr8XgWj3n9u#Lesson#Deleted%20lesson%209%20from%20skill%20'lMsnbwrstGQS'
31%2F08%2F2025#18%3A18#Simjrn#SmdeTyLEpVRR#Lesson#Deleted%20lesson%2010%20from%20skill%20'lMsnbwrstGQS'
31%2F08%2F2025#18%3A18#Simjrn#rfbtAJSqVdfT#Lesson#Deleted%20lesson%2011%20from%20skill%20'lMsnbwrstGQS'
31%2F08%2F2025#18%3A18#Simjrn#rfbtAJSqVdfT#Lesson#Added%20new%20lesson%2011%20to%20skill%20'lMsnbwrstGQS'
31%2F08%2F2025#18%3A17#Simjrn#lMsnbwrstGQS#Skill#Updated%20skill%20'Family'%20details
31%2F08%2F2025#18%3A16#Simjrn#000000000000#Project#Updated%20project%20metadata
31%2F08%2F2025#18%3A15#Simjrn#lMsnbwrstGQS#Sentences#Updated%20sentences%20for%20skill%20'Family'
31%2F08%2F2025#18%3A14#Simjrn#lMsnbwrstGQS#Sentences#Updated%20sentences%20for%20skill%20'Family'
31%2F08%2F2025#18%3A06#Simjrn#lMsnbwrstGQS#Notes#Updated%20notes%20for%20skill%20'Family'
31%2F08%2F2025#18%3A06#Simjrn#lMsnbwrstGQS#Sentences#Updated%20sentences%20for%20skill%20'Family'
31%2F08%2F2025#18%3A04#Simjrn#lMsnbwrstGQS#Vocab#Updated%20vocabulary%20for%20skill%20'Family'
31%2F08%2F2025#18%3A01#Simjrn#lMsnbwrstGQS#Notes#Updated%20notes%20for%20skill%20'Family'
31%2F08%2F2025#18%3A00#Simjrn#lMsnbwrstGQS#Vocab#Updated%20vocabulary%20for%20skill%20'Family'
31%2F08%2F2025#17%3A55#Simjrn#lMsnbwrstGQS#Notes#Updated%20notes%20for%20skill%20'Family'
31%2F08%2F2025#17%3A55#Simjrn#lMsnbwrstGQS#Skill#Updated%20skill%20'Family'%20details
31%2F08%2F2025#17%3A55#Simjrn#lMsnbwrstGQS#Skill#Updated%20skill%20'Family'%20details
31%2F08%2F2025#17%3A55#Simjrn#lMsnbwrstGQS#Skill#Updated%20skill%20'Family'%20details
31%2F08%2F2025#17%3A55#Simjrn#lMsnbwrstGQS#Skill#Updated%20skill%20'New%20Skill'%20details
31%2F08%2F2025#17%3A53#Simjrn#lMsnbwrstGQS#Skill#Updated%20skill%20'New%20Skill'%20details
31%2F08%2F2025#14%3A12#Simjrn#000000000000#Project#Updated%20project%20metadata
31%2F08%2F2025#14%3A12#Simjrn#lMsnbwrstGQS#Skill#Updated%20skill%20'New%20Skill'%20details
31%2F08%2F2025#14%3A12#Simjrn#lMsnbwrstGQS#Skill#Updated%20skill%20'New%20Skill'%20details
31%2F08%2F2025#14%3A11#Simjrn#lMsnbwrstGQS#Skill#Updated%20skill%20'New%20Skill'%20details
31%2F08%2F2025#14%3A11#Simjrn#lMsnbwrstGQS#Skill#Updated%20skill%20'New%20Skill'%20details
31%2F08%2F2025#14%3A11#Simjrn#4xwjpKev89O3#Skill#Updated%20skill%20'To%20do'%20details
31%2F08%2F2025#14%3A11#Simjrn#4xwjpKev89O3#Skill#Updated%20skill%20'To%20do'%20details
31%2F08%2F2025#14%3A11#Simjrn#lMsnbwrstGQS#Skill#Updated%20skill%20'New%20Skill'%20details
31%2F08%2F2025#14%3A11#Simjrn#4xwjpKev89O3#Skill#Updated%20skill%20'To%20do'%20details
31%2F08%2F2025#14%3A10#Simjrn#lMsnbwrstGQS#Skill#Added%20new%20skill%20'New%20Skill'%20to%20unit%205
31%2F08%2F2025#14%3A10#Simjrn#pGHYtapqWF32#Skill#Deleted%20skill%20'Numbers%201-10'%20from%20unit%205
31%2F08%2F2025#14%3A09#Simjrn#1vfHLICai3Lz.mp3#Audio#Saved%20audio%20file%20'1vfHLICai3Lz.mp3'
31%2F08%2F2025#14%3A05#Simjrn#4xwjpKev89O3#Vocab#Updated%20vocabulary%20for%20skill%20'To%20do'
31%2F08%2F2025#14%3A05#Simjrn#4xwjpKev89O3#Vocab#Updated%20vocabulary%20for%20skill%20'To%20do'
31%2F08%2F2025#13%3A57#Simjrn#3dQdao6HAxn5#Sentences#Updated%20sentences%20for%20skill%20'Negatives'
31%2F08%2F2025#13%3A55#Simjrn#wPoHKHNSfmig#Question#Deleted%20question%20'wPoHKHNSfmig'%20from%20lesson%20'vF7OE8drCNHf'
31%2F08%2F2025#13%3A55#Simjrn#DLXQS1KON9bT#Question#Deleted%20question%20'DLXQS1KON9bT'%20from%20lesson%20'vF7OE8drCNHf'
31%2F08%2F2025#13%3A52#Simjrn#3dQdao6HAxn5#Sentences#Updated%20sentences%20for%20skill%20'Negatives'
31%2F08%2F2025#13%3A52#Simjrn#3dQdao6HAxn5#Sentences#Updated%20sentences%20for%20skill%20'Negatives'
31%2F08%2F2025#08%3A00#Simjrn#000000000000#Project#Updated%20project%20metadata
31%2F08%2F2025#07%3A55#Simjrn#Yh5zFN3AOqXh#Sentences#Updated%20sentences%20for%20skill%20'Where%20do%20you%20live%3F'
31%2F08%2F2025#07%3A50#Simjrn#XmYtUucDiDya#Question#Added%20new%20'FlashCard'%20question%20to%20lesson%20'Tv9L5TD7rKNF'
31%2F08%2F2025#07%3A49#Simjrn#toXWeepVffEc#Question#Added%20new%20'PickOne'%20question%20to%20lesson%20'Tv9L5TD7rKNF'
31%2F08%2F2025#07%3A49#Simjrn#B7fSlY7D62Wc#Question#Added%20new%20'PickOne'%20question%20to%20lesson%20'Tv9L5TD7rKNF'
31%2F08%2F2025#07%3A48#Simjrn#6lLeAdF9zm5U#Question#Added%20new%20'PickOne'%20question%20to%20lesson%20'Tv9L5TD7rKNF'
31%2F08%2F2025#07%3A48#Simjrn#habVb4GRR8VV#Question#Added%20new%20'FlashCard'%20question%20to%20lesson%20'Tv9L5TD7rKNF'
31%2F08%2F2025#07%3A48#Simjrn#JtlYZmQEETjk#Question#Added%20new%20'FlashCard'%20question%20to%20lesson%20'Tv9L5TD7rKNF'
31%2F08%2F2025#07%3A46#Simjrn#Tv9L5TD7rKNF#Lesson#Added%20new%20lesson%204%20to%20skill%20'8YqwWvQK8kf0'
31%2F08%2F2025#07%3A45#Simjrn#FpO7tYstloNe#Question#Added%20new%20'WriteWords'%20question%20to%20lesson%20'v6ahdWwoaTbN'
31%2F08%2F2025#07%3A45#Simjrn#Prdq3S0Hk8Ac#Question#Added%20new%20'WriteWords'%20question%20to%20lesson%20'v6ahdWwoaTbN'
31%2F08%2F2025#07%3A44#Simjrn#Wjzv1Enq0eyb#Question#Added%20new%20'WriteWords'%20question%20to%20lesson%20'v6ahdWwoaTbN'
31%2F08%2F2025#07%3A42#Simjrn#3SOCHFaFOiBI#Question#Added%20new%20'WriteWords'%20question%20to%20lesson%20'v6ahdWwoaTbN'
31%2F08%2F2025#07%3A41#Simjrn#vUbYGkm9EVC1#Question#Added%20new%20'WriteWords'%20question%20to%20lesson%20'v6ahdWwoaTbN'
31%2F08%2F2025#07%3A40#Simjrn#nSY4R44dloef#Question#Added%20new%20'WriteWords'%20question%20to%20lesson%20'v6ahdWwoaTbN'
31%2F08%2F2025#07%3A40#Simjrn#fWEQvm3jSIIh#Question#Deleted%20question%20'fWEQvm3jSIIh'%20from%20lesson%20'v6ahdWwoaTbN'
31%2F08%2F2025#07%3A40#Simjrn#4XincUIg6YyC#Question#Deleted%20question%20'4XincUIg6YyC'%20from%20lesson%20'v6ahdWwoaTbN'
31%2F08%2F2025#07%3A40#Simjrn#u1qfTAXZNJLP#Question#Added%20new%20'WriteWords'%20question%20to%20lesson%20'v6ahdWwoaTbN'
31%2F08%2F2025#07%3A39#Simjrn#v6ahdWwoaTbN#Lesson#Added%20new%20lesson%203%20to%20skill%20'8YqwWvQK8kf0'
31%2F08%2F2025#07%3A37#Simjrn#dfRyWQSFS46b#Question#Added%20new%20'Match'%20question%20to%20lesson%20'WM9jIfNDG4qN'
31%2F08%2F2025#07%3A35#Simjrn#6vFLPgvJrVFV#Question#Added%20new%20'PickOne'%20question%20to%20lesson%20'WM9jIfNDG4qN'
31%2F08%2F2025#07%3A34#Simjrn#8CV5mj1X8NK2#Question#Added%20new%20'PickOne'%20question%20to%20lesson%20'WM9jIfNDG4qN'
31%2F08%2F2025#07%3A33#Simjrn#hs0uoou3VMoO#Question#Added%20new%20'FlashCard'%20question%20to%20lesson%20'WM9jIfNDG4qN'
31%2F08%2F2025#07%3A32#Simjrn#WM9jIfNDG4qN#Lesson#Added%20new%20lesson%202%20to%20skill%20'8YqwWvQK8kf0'
31%2F08%2F2025#07%3A30#Simjrn#4Cu91kg71CMp#Question#Added%20new%20'Match'%20question%20to%20lesson%20'ilbj5ADMe7Nj'
31%2F08%2F2025#07%3A29#Simjrn#oI6Bjn03LyO5#Question#Added%20new%20'PickOne'%20question%20to%20lesson%20'ilbj5ADMe7Nj'
31%2F08%2F2025#07%3A29#Simjrn#Dg5RuIm33GIW#Question#Added%20new%20'FlashCard'%20question%20to%20lesson%20'ilbj5ADMe7Nj'
31%2F08%2F2025#07%3A29#Simjrn#vejxrBT8iiNP#Question#Added%20new%20'FlashCard'%20question%20to%20lesson%20'ilbj5ADMe7Nj'
31%2F08%2F2025#07%3A28#Simjrn#ZS4OIBicTF35#Question#Added%20new%20'FlashCard'%20question%20to%20lesson%20'ilbj5ADMe7Nj'
31%2F08%2F2025#07%3A25#Simjrn#GiiPVeHKjS5M#Question#Added%20new%20'PickOne'%20question%20to%20lesson%20'ilbj5ADMe7Nj'
31%2F08%2F2025#07%3A23#Simjrn#bR0DGiTFZtEl#Question#Added%20new%20'PickOne'%20question%20to%20lesson%20'ilbj5ADMe7Nj'
31%2F08%2F2025#07%3A23#Simjrn#jSFRPbLKOhpb#Question#Deleted%20question%20'jSFRPbLKOhpb'%20from%20lesson%20'ilbj5ADMe7Nj'
31%2F08%2F2025#07%3A23#Simjrn#1PHAO4VUmkzP#Question#Deleted%20question%20'1PHAO4VUmkzP'%20from%20lesson%20'ilbj5ADMe7Nj'
31%2F08%2F2025#07%3A23#Simjrn#OpkXzLL7NL9U#Question#Deleted%20question%20'OpkXzLL7NL9U'%20from%20lesson%20'ilbj5ADMe7Nj'
31%2F08%2F2025#07%3A23#Simjrn#s5i8EX2HVNkn#Question#Deleted%20question%20's5i8EX2HVNkn'%20from%20lesson%20'ilbj5ADMe7Nj'
31%2F08%2F2025#07%3A23#Simjrn#rejzNkTFY2nD#Question#Added%20new%20'FlashCard'%20question%20to%20lesson%20'ilbj5ADMe7Nj'
31%2F08%2F2025#07%3A21#Simjrn#8YqwWvQK8kf0#Sentences#Updated%20sentences%20for%20skill%20'Articles'
31%2F08%2F2025#07%3A21#Simjrn#8YqwWvQK8kf0#Sentences#Updated%20sentences%20for%20skill%20'Articles'
30%2F08%2F2025#18%3A32#Simjrn#000000000000#Project#Updated%20project%20metadata
30%2F08%2F2025#18%3A26#Simjrn#spqeL2otntJD#Sentences#Updated%20sentences%20for%20skill%20'To%20eat'
30%2F08%2F2025#18%3A25#Simjrn#GoMnb9HFCXrc-p1.mp3#Audio#Saved%20audio%20file%20'GoMnb9HFCXrc-p1.mp3'
30%2F08%2F2025#18%3A25#Simjrn#GoMnb9HFCXrc-p4.mp3#Audio#Saved%20audio%20file%20'GoMnb9HFCXrc-p4.mp3'
30%2F08%2F2025#18%3A24#Simjrn#GoMnb9HFCXrc-p3.mp3#Audio#Saved%20audio%20file%20'GoMnb9HFCXrc-p3.mp3'
30%2F08%2F2025#18%3A24#Simjrn#GoMnb9HFCXrc-p1.mp3#Audio#Deleted%20audio%20file%20'GoMnb9HFCXrc-p1.mp3'
30%2F08%2F2025#18%3A24#Simjrn#GoMnb9HFCXrc-p1.mp3#Audio#Saved%20audio%20file%20'GoMnb9HFCXrc-p1.mp3'
30%2F08%2F2025#18%3A24#Simjrn#GoMnb9HFCXrc-p1.mp3#Audio#Saved%20audio%20file%20'GoMnb9HFCXrc-p1.mp3'
30%2F08%2F2025#18%3A24#Simjrn#GoMnb9HFCXrc-p2.mp3#Audio#Saved%20audio%20file%20'GoMnb9HFCXrc-p2.mp3'
30%2F08%2F2025#18%3A24#Simjrn#GoMnb9HFCXrc-p1.mp3#Audio#Saved%20audio%20file%20'GoMnb9HFCXrc-p1.mp3'
30%2F08%2F2025#18%3A23#Simjrn#ZSzuh8YuzGda-p4.mp3#Audio#Saved%20audio%20file%20'ZSzuh8YuzGda-p4.mp3'
30%2F08%2F2025#18%3A23#Simjrn#ZSzuh8YuzGda-p3.mp3#Audio#Saved%20audio%20file%20'ZSzuh8YuzGda-p3.mp3'
30%2F08%2F2025#18%3A23#Simjrn#ZSzuh8YuzGda-p2.mp3#Audio#Saved%20audio%20file%20'ZSzuh8YuzGda-p2.mp3'
30%2F08%2F2025#18%3A23#Simjrn#ZSzuh8YuzGda-p1.mp3#Audio#Saved%20audio%20file%20'ZSzuh8YuzGda-p1.mp3'
30%2F08%2F2025#18%3A22#Simjrn#3T5gTAjEZjRr#Question#Deleted%20question%20'3T5gTAjEZjRr'%20from%20lesson%20'og7VVyguCV3Q'
30%2F08%2F2025#18%3A22#Simjrn#dGrCpaTLQPTO#Question#Deleted%20question%20'dGrCpaTLQPTO'%20from%20lesson%20'og7VVyguCV3Q'
30%2F08%2F2025#18%3A20#Simjrn#GoMnb9HFCXrc#Question#Added%20new%20'Match'%20question%20to%20lesson%20'og7VVyguCV3Q'
30%2F08%2F2025#18%3A20#Simjrn#ZSzuh8YuzGda#Question#Added%20new%20'Match'%20question%20to%20lesson%20'og7VVyguCV3Q'
30%2F08%2F2025#18%3A20#Simjrn#6sMMHWfR1sXu#Question#Deleted%20question%20'6sMMHWfR1sXu'%20from%20lesson%20'og7VVyguCV3Q'
30%2F08%2F2025#18%3A19#Simjrn#audio_match_id2.mp3#Audio#Saved%20audio%20file%20'audio_match_id2.mp3'
30%2F08%2F2025#18%3A19#Simjrn#audio_match_id1.mp3#Audio#Saved%20audio%20file%20'audio_match_id1.mp3'
30%2F08%2F2025#18%3A18#Simjrn#6sMMHWfR1sXu#Question#Added%20new%20'PickOne'%20question%20to%20lesson%20'og7VVyguCV3Q'
30%2F08%2F2025#18%3A17#Simjrn#audio_match_id2.mp3#Audio#Saved%20audio%20file%20'audio_match_id2.mp3'
30%2F08%2F2025#18%3A17#Simjrn#audio_match_id1.mp3#Audio#Saved%20audio%20file%20'audio_match_id1.mp3'
30%2F08%2F2025#18%3A06#Simjrn#000000000000#Project#Updated%20project%20metadata
30%2F08%2F2025#18%3A05#Simjrn#8YqwWvQK8kf0#Notes#Updated%20notes%20for%20skill%20'Articles'
30%2F08%2F2025#17%3A59#Simjrn#ZETGpDlMMMzz#Question#Deleted%20question%20'ZETGpDlMMMzz'%20from%20lesson%20'JqccFtXzGfGs'
30%2F08%2F2025#17%3A58#Simjrn#BEH1xmMtcoDg#Question#Deleted%20question%20'BEH1xmMtcoDg'%20from%20lesson%20'JqccFtXzGfGs'
30%2F08%2F2025#17%3A56#Simjrn#lpFcm8hXt4SA#Question#Deleted%20question%20'lpFcm8hXt4SA'%20from%20lesson%20'WIoRMP8JocNe'
30%2F08%2F2025#17%3A55#Simjrn#Z4TLfQrMOEx9#Question#Deleted%20question%20'Z4TLfQrMOEx9'%20from%20lesson%20'WIoRMP8JocNe'
30%2F08%2F2025#17%3A55#Simjrn#onhljazZMG82#Question#Deleted%20question%20'onhljazZMG82'%20from%20lesson%20'yDkjD9DdSTUC'
30%2F08%2F2025#17%3A53#Simjrn#O1AWlWKcNkrK#Question#Deleted%20question%20'O1AWlWKcNkrK'%20from%20lesson%20'f4PuaZSMFIQW'
30%2F08%2F2025#17%3A53#Simjrn#B1UhRdgWYLct#Question#Deleted%20question%20'B1UhRdgWYLct'%20from%20lesson%20'f4PuaZSMFIQW'
30%2F08%2F2025#17%3A52#Simjrn#r2VZibbOMb5l#Question#Deleted%20question%20'r2VZibbOMb5l'%20from%20lesson%20'KuuV2tAjOjPR'
30%2F08%2F2025#17%3A51#Simjrn#f5M39bhnVnGI#Notes#Updated%20notes%20for%20skill%20'Foods'
30%2F08%2F2025#17%3A51#Simjrn#1CLwntewA0iR#Question#Deleted%20question%20'1CLwntewA0iR'%20from%20lesson%20'e3tlURJoc3yA'
30%2F08%2F2025#17%3A50#Simjrn#Me8s4QUhiOg4#Question#Deleted%20question%20'Me8s4QUhiOg4'%20from%20lesson%20'e3tlURJoc3yA'
30%2F08%2F2025#17%3A50#Simjrn#Z4YBUjC4kykp#Question#Deleted%20question%20'Z4YBUjC4kykp'%20from%20lesson%20'imWIn5PWtxWD'
30%2F08%2F2025#17%3A50#Simjrn#zn1Xgr71c8xQ#Question#Deleted%20question%20'zn1Xgr71c8xQ'%20from%20lesson%20'imWIn5PWtxWD'
30%2F08%2F2025#17%3A49#Simjrn#C23AAcaPZiaJ#Question#Deleted%20question%20'C23AAcaPZiaJ'%20from%20lesson%20'zcWsNbVcsRQE'
30%2F08%2F2025#17%3A42#Simjrn#sSkH9kmJw5qE#Question#Deleted%20question%20'sSkH9kmJw5qE'%20from%20lesson%20'zcWsNbVcsRQE'
30%2F08%2F2025#17%3A39#Simjrn#pgquOUr23gBW#Question#Deleted%20question%20'pgquOUr23gBW'%20from%20lesson%20'hkvhYw2oqFtS'
30%2F08%2F2025#17%3A35#Simjrn#LMJskZwdHsKZ#Vocab#Updated%20vocabulary%20for%20skill%20'Greetings'
30%2F08%2F2025#17%3A32#Simjrn#mPwFBs2nIuaJ#Question#Deleted%20question%20'mPwFBs2nIuaJ'%20from%20lesson%20'cVOO5lj9VuOc'
30%2F08%2F2025#17%3A32#Simjrn#LMJskZwdHsKZ#Sentences#Updated%20sentences%20for%20skill%20'Greetings'
30%2F08%2F2025#16%3A57#Simjrn#pGHYtapqWF32#Skill#Updated%20skill%20'Numbers%201-10'%20details
30%2F08%2F2025#16%3A57#Simjrn#pGHYtapqWF32#Skill#Updated%20skill%20'Numbers%201-10'%20details
30%2F08%2F2025#16%3A57#Simjrn#pGHYtapqWF32#Skill#Updated%20skill%20'Numbers'%20details
30%2F08%2F2025#16%3A57#Simjrn#pGHYtapqWF32#Skill#Updated%20skill%20'New%20Skill'%20details
30%2F08%2F2025#16%3A57#Simjrn#pGHYtapqWF32#Skill#Added%20new%20skill%20'New%20Skill'%20to%20unit%205
30%2F08%2F2025#16%3A56#Simjrn#YebfLblsp394#Skill#Deleted%20skill%20'Plurals'%20from%20unit%205
30%2F08%2F2025#16%3A50#Simjrn#YebfLblsp394#Vocab#Updated%20vocabulary%20for%20skill%20'Plurals'
30%2F08%2F2025#16%3A49#Simjrn#YebfLblsp394#Vocab#Updated%20vocabulary%20for%20skill%20'Plurals'
30%2F08%2F2025#16%3A45#Simjrn#xUmJGmSLg6Gf#Question#Deleted%20question%20'xUmJGmSLg6Gf'%20from%20lesson%20'wXUj1UGXPSZL'
30%2F08%2F2025#16%3A45#Simjrn#q7yyN9nVYQMI#Question#Deleted%20question%20'q7yyN9nVYQMI'%20from%20lesson%20'wXUj1UGXPSZL'
30%2F08%2F2025#16%3A45#Simjrn#LVbcK8QGHKGQ#Question#Added%20new%20'Match'%20question%20to%20lesson%20'wXUj1UGXPSZL'
30%2F08%2F2025#16%3A45#Simjrn#YebfLblsp394#Vocab#Updated%20vocabulary%20for%20skill%20'Plurals'
30%2F08%2F2025#16%3A44#Simjrn#YebfLblsp394#Sentences#Updated%20sentences%20for%20skill%20'Plurals'
30%2F08%2F2025#16%3A44#Simjrn#YebfLblsp394#Vocab#Updated%20vocabulary%20for%20skill%20'Plurals'
30%2F08%2F2025#16%3A43#Simjrn#YebfLblsp394#Notes#Updated%20notes%20for%20skill%20'Plurals'
30%2F08%2F2025#16%3A43#Simjrn#YebfLblsp394#Notes#Updated%20notes%20for%20skill%20'Plurals'
30%2F08%2F2025#16%3A43#Simjrn#YebfLblsp394#Notes#Updated%20notes%20for%20skill%20'Plurals'
30%2F08%2F2025#16%3A26#Simjrn#4xwjpKev89O3#Skill#Updated%20skill%20'To%20do'%20details
30%2F08%2F2025#16%3A26#Simjrn#YebfLblsp394#Skill#Updated%20skill%20'Plurals'%20details
30%2F08%2F2025#16%3A26#Simjrn#4xwjpKev89O3#Skill#Updated%20skill%20'To%20do'%20details
30%2F08%2F2025#16%3A26#Simjrn#YebfLblsp394#Skill#Updated%20skill%20'Plurals'%20details
30%2F08%2F2025#16%3A26#Simjrn#YebfLblsp394#Skill#Updated%20skill%20'Plurals'%20details
30%2F08%2F2025#16%3A24#Simjrn#YebfLblsp394#Skill#Updated%20skill%20'Plurals'%20details
30%2F08%2F2025#16%3A24#Simjrn#YebfLblsp394#Skill#Updated%20skill%20'Plurals'%20details
30%2F08%2F2025#16%3A23#Simjrn#YebfLblsp394#Skill#Updated%20skill%20'Plu'%20details
30%2F08%2F2025#16%3A20#Simjrn#YebfLblsp394#Skill#Added%20new%20skill%20'New%20Skill'%20to%20unit%205
30%2F08%2F2025#16%3A19#Simjrn#000000000000#Project#Updated%20project%20metadata
30%2F08%2F2025#16%3A19#Simjrn#HhC5BYHjiiu4#Question#Deleted%20question%20'HhC5BYHjiiu4'%20from%20lesson%20'F8SCrBJMPgG9'
30%2F08%2F2025#16%3A19#Simjrn#9lj3hVj7rA9K#Question#Deleted%20question%20'9lj3hVj7rA9K'%20from%20lesson%20'F8SCrBJMPgG9'
30%2F08%2F2025#16%3A19#Simjrn#MyVQP19o6XGl#Question#Deleted%20question%20'MyVQP19o6XGl'%20from%20lesson%20'F8SCrBJMPgG9'
30%2F08%2F2025#16%3A19#Simjrn#qgeQoQ7YFl6N#Question#Deleted%20question%20'qgeQoQ7YFl6N'%20from%20lesson%20'F8SCrBJMPgG9'
30%2F08%2F2025#16%3A18#Simjrn#hC1uaOCOOpi9#Question#Deleted%20question%20'hC1uaOCOOpi9'%20from%20lesson%20'F8SCrBJMPgG9'
30%2F08%2F2025#16%3A18#Simjrn#kAMO2wfiX56B#Question#Deleted%20question%20'kAMO2wfiX56B'%20from%20lesson%20'F8SCrBJMPgG9'
30%2F08%2F2025#16%3A18#Simjrn#bab8CFSnSqts#Question#Deleted%20question%20'bab8CFSnSqts'%20from%20lesson%20'F8SCrBJMPgG9'
30%2F08%2F2025#16%3A18#Simjrn#7XzeeUtlL7td#Question#Deleted%20question%20'7XzeeUtlL7td'%20from%20lesson%20'tt0bsGXhpmZW'
30%2F08%2F2025#16%3A17#Simjrn#ABrp32ccZdQW#Question#Deleted%20question%20'ABrp32ccZdQW'%20from%20lesson%20'tt0bsGXhpmZW'
30%2F08%2F2025#16%3A17#Simjrn#Jey5UarjWzW0#Question#Deleted%20question%20'Jey5UarjWzW0'%20from%20lesson%20'tt0bsGXhpmZW'
30%2F08%2F2025#16%3A17#Simjrn#l2DtJZNNoVNS#Question#Deleted%20question%20'l2DtJZNNoVNS'%20from%20lesson%20'tt0bsGXhpmZW'
30%2F08%2F2025#16%3A17#Simjrn#fzMN5mCJcfa1#Question#Deleted%20question%20'fzMN5mCJcfa1'%20from%20lesson%20'tt0bsGXhpmZW'
30%2F08%2F2025#16%3A17#Simjrn#isTo9wLatVle#Question#Deleted%20question%20'isTo9wLatVle'%20from%20lesson%20'tt0bsGXhpmZW'
30%2F08%2F2025#16%3A16#Simjrn#zvWxA5a9mPTl#Question#Deleted%20question%20'zvWxA5a9mPTl'%20from%20lesson%20'tt0bsGXhpmZW'
30%2F08%2F2025#16%3A16#Simjrn#6TQ4xA7G3weK#Question#Deleted%20question%20'6TQ4xA7G3weK'%20from%20lesson%20'zvv5kNFCJvyT'
30%2F08%2F2025#16%3A16#Simjrn#elRNTIgN4e5X#Question#Deleted%20question%20'elRNTIgN4e5X'%20from%20lesson%20'zvv5kNFCJvyT'
30%2F08%2F2025#16%3A16#Simjrn#0naMqpSIVPEY#Question#Deleted%20question%20'0naMqpSIVPEY'%20from%20lesson%20'zvv5kNFCJvyT'
30%2F08%2F2025#16%3A16#Simjrn#JRukMB2WClZ4#Question#Deleted%20question%20'JRukMB2WClZ4'%20from%20lesson%20'zvv5kNFCJvyT'
30%2F08%2F2025#16%3A16#Simjrn#WnaVxKiZleYO#Question#Deleted%20question%20'WnaVxKiZleYO'%20from%20lesson%20'zvv5kNFCJvyT'
30%2F08%2F2025#16%3A16#Simjrn#QV1CELTLF8U1#Question#Deleted%20question%20'QV1CELTLF8U1'%20from%20lesson%20'zvv5kNFCJvyT'
30%2F08%2F2025#16%3A16#Simjrn#kbE20qUfr6pC#Question#Deleted%20question%20'kbE20qUfr6pC'%20from%20lesson%20'zvv5kNFCJvyT'
30%2F08%2F2025#16%3A16#Simjrn#W1yLjDVJHMQZ#Question#Deleted%20question%20'W1yLjDVJHMQZ'%20from%20lesson%20'zvv5kNFCJvyT'
30%2F08%2F2025#16%3A15#Simjrn#7CYmVlQOSTPu#Question#Deleted%20question%20'7CYmVlQOSTPu'%20from%20lesson%20'q5u1MBE1ErYJ'
30%2F08%2F2025#16%3A15#Simjrn#YOnqoo5ex4qw#Question#Deleted%20question%20'YOnqoo5ex4qw'%20from%20lesson%20'q5u1MBE1ErYJ'
30%2F08%2F2025#16%3A15#Simjrn#YkhzDZWvn1Z5#Question#Deleted%20question%20'YkhzDZWvn1Z5'%20from%20lesson%20'q5u1MBE1ErYJ'
30%2F08%2F2025#16%3A15#Simjrn#fgowFhQGxNqu#Question#Deleted%20question%20'fgowFhQGxNqu'%20from%20lesson%20'q5u1MBE1ErYJ'
30%2F08%2F2025#16%3A14#Simjrn#pdNDCMcwRER1#Question#Deleted%20question%20'pdNDCMcwRER1'%20from%20lesson%20'q5u1MBE1ErYJ'
30%2F08%2F2025#16%3A14#Simjrn#CzDXlF2TyatC#Question#Deleted%20question%20'CzDXlF2TyatC'%20from%20lesson%20'q5u1MBE1ErYJ'
30%2F08%2F2025#16%3A14#Simjrn#F1vvsZQb937n#Question#Deleted%20question%20'F1vvsZQb937n'%20from%20lesson%20'q5u1MBE1ErYJ'
30%2F08%2F2025#16%3A14#Simjrn#MkC038GNbpTl#Question#Deleted%20question%20'MkC038GNbpTl'%20from%20lesson%20'q5u1MBE1ErYJ'
30%2F08%2F2025#16%3A14#Simjrn#9lqZduE3r1Ww#Question#Deleted%20question%20'9lqZduE3r1Ww'%20from%20lesson%20'q5u1MBE1ErYJ'
30%2F08%2F2025#16%3A14#Simjrn#CWU5WOiBun1Z#Question#Deleted%20question%20'CWU5WOiBun1Z'%20from%20lesson%20'q5u1MBE1ErYJ'
30%2F08%2F2025#16%3A14#Simjrn#HeYV7cxSQdbb#Question#Deleted%20question%20'HeYV7cxSQdbb'%20from%20lesson%20'q5u1MBE1ErYJ'
30%2F08%2F2025#16%3A14#Simjrn#QguXvoqzJ5Aq#Question#Deleted%20question%20'QguXvoqzJ5Aq'%20from%20lesson%20'q5u1MBE1ErYJ'
30%2F08%2F2025#16%3A14#Simjrn#8ngRImU6XhXS#Question#Deleted%20question%20'8ngRImU6XhXS'%20from%20lesson%20'q5u1MBE1ErYJ'
30%2F08%2F2025#16%3A14#Simjrn#KMnzC5JvydwS#Question#Deleted%20question%20'KMnzC5JvydwS'%20from%20lesson%20'q5u1MBE1ErYJ'
30%2F08%2F2025#16%3A13#Simjrn#kEjcJXhRey39#Question#Deleted%20question%20'kEjcJXhRey39'%20from%20lesson%20'yA1lR8t7A9JQ'
30%2F08%2F2025#16%3A13#Simjrn#4vJm0Ljpy4mH#Question#Deleted%20question%20'4vJm0Ljpy4mH'%20from%20lesson%20'yA1lR8t7A9JQ'
30%2F08%2F2025#16%3A13#Simjrn#p6bUpm1Aaj67#Question#Deleted%20question%20'p6bUpm1Aaj67'%20from%20lesson%20'yA1lR8t7A9JQ'
30%2F08%2F2025#16%3A13#Simjrn#6cB5uyeKcu8P#Question#Deleted%20question%20'6cB5uyeKcu8P'%20from%20lesson%20'yA1lR8t7A9JQ'
30%2F08%2F2025#16%3A13#Simjrn#JhlnFaxjsEJZ#Question#Deleted%20question%20'JhlnFaxjsEJZ'%20from%20lesson%20'yA1lR8t7A9JQ'
30%2F08%2F2025#16%3A12#Simjrn#D11BPiDGFR0k#Question#Deleted%20question%20'D11BPiDGFR0k'%20from%20lesson%20'yA1lR8t7A9JQ'
30%2F08%2F2025#16%3A12#Simjrn#Gt6qtwlH0hKA#Question#Deleted%20question%20'Gt6qtwlH0hKA'%20from%20lesson%20'yA1lR8t7A9JQ'
30%2F08%2F2025#16%3A12#Simjrn#cAGwgnjM0G7B#Question#Deleted%20question%20'cAGwgnjM0G7B'%20from%20lesson%20'yA1lR8t7A9JQ'
30%2F08%2F2025#16%3A12#Simjrn#G6h0kl1KJSKf#Question#Deleted%20question%20'G6h0kl1KJSKf'%20from%20lesson%20'yA1lR8t7A9JQ'
30%2F08%2F2025#16%3A12#Simjrn#KOLkmpxVjpUa#Question#Deleted%20question%20'KOLkmpxVjpUa'%20from%20lesson%20'yA1lR8t7A9JQ'
30%2F08%2F2025#16%3A12#Simjrn#gZTZANiqBreh#Question#Deleted%20question%20'gZTZANiqBreh'%20from%20lesson%20'yA1lR8t7A9JQ'
30%2F08%2F2025#16%3A12#Simjrn#NhKjOfX5i1Ou#Question#Deleted%20question%20'NhKjOfX5i1Ou'%20from%20lesson%20'yA1lR8t7A9JQ'
30%2F08%2F2025#16%3A12#Simjrn#n96MLuUxkOXV#Question#Deleted%20question%20'n96MLuUxkOXV'%20from%20lesson%20'yA1lR8t7A9JQ'
30%2F08%2F2025#16%3A12#Simjrn#4xwjpKev89O3#Skill#Updated%20skill%20'To%20do'%20details
30%2F08%2F2025#16%3A10#Simjrn#000000000000#Project#Updated%20project%20metadata
30%2F08%2F2025#16%3A10#Simjrn#4xwjpKev89O3#Vocab#Updated%20vocabulary%20for%20skill%20'To%20do'
30%2F08%2F2025#16%3A09#Simjrn#4xwjpKev89O3#Sentences#Updated%20sentences%20for%20skill%20'To%20do'
30%2F08%2F2025#16%3A01#Simjrn#4xwjpKev89O3#Sentences#Updated%20sentences%20for%20skill%20'To%20do'
30%2F08%2F2025#15%3A58#Simjrn#4xwjpKev89O3#Sentences#Updated%20sentences%20for%20skill%20'To%20do'
30%2F08%2F2025#15%3A53#Simjrn#4xwjpKev89O3#Vocab#Updated%20vocabulary%20for%20skill%20'To%20do'
30%2F08%2F2025#15%3A51#Simjrn#4xwjpKev89O3#Skill#Updated%20skill%20'To%20do'%20details
30%2F08%2F2025#15%3A50#Simjrn#4xwjpKev89O3#Skill#Updated%20skill%20'To%20do'%20details
30%2F08%2F2025#15%3A50#Simjrn#4xwjpKev89O3#Skill#Updated%20skill%20'To%20do'%20details
30%2F08%2F2025#15%3A50#Simjrn#4xwjpKev89O3#Skill#Updated%20skill%20'To%20do'%20details
30%2F08%2F2025#15%3A50#Simjrn#4xwjpKev89O3#Skill#Updated%20skill%20'To%20do'%20details
30%2F08%2F2025#15%3A50#Simjrn#4xwjpKev89O3#Skill#Updated%20skill%20'To%20do'%20details
30%2F08%2F2025#15%3A50#Simjrn#4xwjpKev89O3#Skill#Updated%20skill%20'To%20do'%20details
30%2F08%2F2025#15%3A49#Simjrn#4xwjpKev89O3#Skill#Updated%20skill%20'To%20do'%20details
30%2F08%2F2025#15%3A49#Simjrn#4xwjpKev89O3#Skill#Updated%20skill%20'To%20do'%20details
30%2F08%2F2025#15%3A49#Simjrn#4xwjpKev89O3#Skill#Updated%20skill%20'To%20do'%20details
30%2F08%2F2025#15%3A49#Simjrn#4xwjpKev89O3#Skill#Updated%20skill%20'To%20do'%20details
30%2F08%2F2025#15%3A48#Simjrn#4xwjpKev89O3#Skill#Updated%20skill%20'To%20do'%20details
30%2F08%2F2025#15%3A44#Simjrn#4xwjpKev89O3#Skill#Updated%20skill%20'To%20do'%20details
30%2F08%2F2025#15%3A44#Simjrn#4xwjpKev89O3#Skill#Updated%20skill%20'To%20do'%20details
30%2F08%2F2025#15%3A44#Simjrn#4xwjpKev89O3#Notes#Updated%20notes%20for%20skill%20'New%20Skill'
30%2F08%2F2025#15%3A44#Simjrn#4xwjpKev89O3#Skill#Added%20new%20skill%20'New%20Skill'%20to%20unit%205
30%2F08%2F2025#15%3A15#Simjrn#000000000000#Project#Updated%20project%20metadata
30%2F08%2F2025#15%3A15#Simjrn#fOOfcIjvFvjy#Vocab#Updated%20vocabulary%20for%20skill%20'Like%20doing%20things'
30%2F08%2F2025#15%3A15#Simjrn#T4G1U5vKQzD4#Question#Deleted%20question%20'T4G1U5vKQzD4'%20from%20lesson%20'Z6AvlPhYBya5'
30%2F08%2F2025#15%3A15#Simjrn#O4Bp6g76nhsF#Question#Deleted%20question%20'O4Bp6g76nhsF'%20from%20lesson%20'Z6AvlPhYBya5'
30%2F08%2F2025#15%3A15#Simjrn#8QuRRtMINgdJ#Question#Deleted%20question%20'8QuRRtMINgdJ'%20from%20lesson%20'Z6AvlPhYBya5'
30%2F08%2F2025#15%3A14#Simjrn#qp9wAerIUAxn#Question#Deleted%20question%20'qp9wAerIUAxn'%20from%20lesson%20'Z6AvlPhYBya5'
30%2F08%2F2025#15%3A14#Simjrn#hPBWyVcjSyLp#Question#Deleted%20question%20'hPBWyVcjSyLp'%20from%20lesson%20'Z6AvlPhYBya5'
30%2F08%2F2025#15%3A14#Simjrn#wdgLkCtN06yL#Question#Deleted%20question%20'wdgLkCtN06yL'%20from%20lesson%20'Z6AvlPhYBya5'
30%2F08%2F2025#15%3A13#Simjrn#MjIQ4p3XCYwG#Question#Deleted%20question%20'MjIQ4p3XCYwG'%20from%20lesson%20'Z6AvlPhYBya5'
30%2F08%2F2025#15%3A13#Simjrn#5yFCezPL9Cz0#Question#Deleted%20question%20'5yFCezPL9Cz0'%20from%20lesson%20'Z6AvlPhYBya5'
30%2F08%2F2025#15%3A13#Simjrn#CwIct5kM5UDE#Question#Deleted%20question%20'CwIct5kM5UDE'%20from%20lesson%20'Z6AvlPhYBya5'
30%2F08%2F2025#15%3A12#Simjrn#CwIct5kM5UDE.mp3#Audio#Saved%20audio%20file%20'CwIct5kM5UDE.mp3'
30%2F08%2F2025#15%3A12#Simjrn#CwIct5kM5UDE.mp3#Audio#Saved%20audio%20file%20'CwIct5kM5UDE.mp3'
30%2F08%2F2025#15%3A11#Simjrn#dzqvExWhaoth#Question#Deleted%20question%20'dzqvExWhaoth'%20from%20lesson%20'OTg8zoIGHFII'
30%2F08%2F2025#15%3A11#Simjrn#L6N0wBzu6pJf#Question#Deleted%20question%20'L6N0wBzu6pJf'%20from%20lesson%20'OTg8zoIGHFII'
30%2F08%2F2025#15%3A10#Simjrn#4v6CpQB8YAg9#Question#Deleted%20question%20'4v6CpQB8YAg9'%20from%20lesson%20'OTg8zoIGHFII'
30%2F08%2F2025#15%3A09#Simjrn#1bOZatAx4KIM#Question#Deleted%20question%20'1bOZatAx4KIM'%20from%20lesson%20'OTg8zoIGHFII'
30%2F08%2F2025#15%3A08#Simjrn#91j8LrAuotBn#Question#Deleted%20question%20'91j8LrAuotBn'%20from%20lesson%20'OTg8zoIGHFII'
30%2F08%2F2025#15%3A08#Simjrn#iSrqGRFJHg2A#Question#Deleted%20question%20'iSrqGRFJHg2A'%20from%20lesson%20'OTg8zoIGHFII'
30%2F08%2F2025#15%3A08#Simjrn#86LMF0VfIqRQ#Question#Deleted%20question%20'86LMF0VfIqRQ'%20from%20lesson%20'OTg8zoIGHFII'
30%2F08%2F2025#15%3A08#Simjrn#95VJ8jfkj8AP#Question#Deleted%20question%20'95VJ8jfkj8AP'%20from%20lesson%20'OTg8zoIGHFII'
30%2F08%2F2025#15%3A07#Simjrn#ynw34Lg6ltI7#Question#Deleted%20question%20'ynw34Lg6ltI7'%20from%20lesson%20'3k1Nq1TjbDtQ'
30%2F08%2F2025#15%3A07#Simjrn#XF7wARyWrzVt#Question#Deleted%20question%20'XF7wARyWrzVt'%20from%20lesson%20'3k1Nq1TjbDtQ'
30%2F08%2F2025#15%3A07#Simjrn#4yEN5YC2ymsj#Question#Deleted%20question%20'4yEN5YC2ymsj'%20from%20lesson%20'3k1Nq1TjbDtQ'
30%2F08%2F2025#15%3A06#Simjrn#TgEIvmsfxUQ3#Question#Deleted%20question%20'TgEIvmsfxUQ3'%20from%20lesson%20'3k1Nq1TjbDtQ'
30%2F08%2F2025#15%3A06#Simjrn#F32SR2EDRmRp#Question#Deleted%20question%20'F32SR2EDRmRp'%20from%20lesson%20'3k1Nq1TjbDtQ'
30%2F08%2F2025#15%3A05#Simjrn#WkRoq965SaaE#Question#Deleted%20question%20'WkRoq965SaaE'%20from%20lesson%20'3k1Nq1TjbDtQ'
30%2F08%2F2025#15%3A05#Simjrn#qBrpPXUOnjsU#Question#Deleted%20question%20'qBrpPXUOnjsU'%20from%20lesson%20'3k1Nq1TjbDtQ'
30%2F08%2F2025#15%3A03#Simjrn#x1IP8Y4gRMFK#Question#Deleted%20question%20'x1IP8Y4gRMFK'%20from%20lesson%20'3k1Nq1TjbDtQ'
30%2F08%2F2025#15%3A03#Simjrn#dNBa98OMI36j#Question#Deleted%20question%20'dNBa98OMI36j'%20from%20lesson%20'3k1Nq1TjbDtQ'
30%2F08%2F2025#15%3A02#Simjrn#1S8niUJuem8B#Lesson#Deleted%20lesson%202%20from%20skill%20'fOOfcIjvFvjy'
30%2F08%2F2025#15%3A02#Simjrn#gkNr3xkddhxi#Question#Deleted%20question%20'gkNr3xkddhxi'%20from%20lesson%20'q1D0iGmzqNYn'
30%2F08%2F2025#15%3A02#Simjrn#kopgWpyMGcMV#Question#Deleted%20question%20'kopgWpyMGcMV'%20from%20lesson%20'q1D0iGmzqNYn'
30%2F08%2F2025#15%3A02#Simjrn#QnJHjfbN9tha#Question#Deleted%20question%20'QnJHjfbN9tha'%20from%20lesson%20'q1D0iGmzqNYn'
30%2F08%2F2025#15%3A02#Simjrn#n5nAriKrBDf0#Question#Deleted%20question%20'n5nAriKrBDf0'%20from%20lesson%20'q1D0iGmzqNYn'
30%2F08%2F2025#15%3A02#Simjrn#fFUBnOxMxGZ6#Question#Deleted%20question%20'fFUBnOxMxGZ6'%20from%20lesson%20'q1D0iGmzqNYn'
30%2F08%2F2025#15%3A01#Simjrn#bf5tMbUrRbwc#Question#Deleted%20question%20'bf5tMbUrRbwc'%20from%20lesson%20'q1D0iGmzqNYn'
30%2F08%2F2025#15%3A01#Simjrn#hWOiQ4WzsLxe#Question#Deleted%20question%20'hWOiQ4WzsLxe'%20from%20lesson%20'q1D0iGmzqNYn'
30%2F08%2F2025#15%3A01#Simjrn#n4BymaF4aktH#Question#Deleted%20question%20'n4BymaF4aktH'%20from%20lesson%20'q1D0iGmzqNYn'
30%2F08%2F2025#15%3A01#Simjrn#G3L6UMJRIBnC#Question#Deleted%20question%20'G3L6UMJRIBnC'%20from%20lesson%20'q1D0iGmzqNYn'
30%2F08%2F2025#15%3A00#Simjrn#vZ0efFIcfFs5#Question#Deleted%20question%20'vZ0efFIcfFs5'%20from%20lesson%20'q1D0iGmzqNYn'
30%2F08%2F2025#15%3A00#Simjrn#Am6T5yuNSMts#Question#Deleted%20question%20'Am6T5yuNSMts'%20from%20lesson%20'q1D0iGmzqNYn'
30%2F08%2F2025#15%3A00#Simjrn#L4sna6e9xJ5D#Question#Deleted%20question%20'L4sna6e9xJ5D'%20from%20lesson%20'q1D0iGmzqNYn'
30%2F08%2F2025#15%3A00#Simjrn#vY8btGI90Jfq#Question#Deleted%20question%20'vY8btGI90Jfq'%20from%20lesson%20'q1D0iGmzqNYn'
30%2F08%2F2025#14%3A59#Simjrn#fOOfcIjvFvjy#Skill#Updated%20skill%20'Like%20doing%20things'%20details
30%2F08%2F2025#14%3A58#Simjrn#000000000000#Project#Updated%20project%20metadata
30%2F08%2F2025#14%3A58#Simjrn#fOOfcIjvFvjy#Sentences#Updated%20sentences%20for%20skill%20'Like%20doing%20things'
30%2F08%2F2025#14%3A51#Simjrn#fOOfcIjvFvjy#Vocab#Updated%20vocabulary%20for%20skill%20'Like%20doing%20things'
30%2F08%2F2025#14%3A51#Simjrn#fOOfcIjvFvjy#Skill#Updated%20skill%20'Like%20doing%20things'%20details
30%2F08%2F2025#14%3A50#Simjrn#fOOfcIjvFvjy#Skill#Updated%20skill%20'Like%20doing%20things'%20details
30%2F08%2F2025#14%3A50#Simjrn#fOOfcIjvFvjy#Skill#Updated%20skill%20'Like%20doing%20things'%20details
30%2F08%2F2025#14%3A50#Simjrn#fOOfcIjvFvjy#Skill#Updated%20skill%20'Like%20doing%20things'%20details
30%2F08%2F2025#14%3A50#Simjrn#fOOfcIjvFvjy#Skill#Updated%20skill%20'Like%20doing%20things'%20details
30%2F08%2F2025#14%3A50#Simjrn#fOOfcIjvFvjy#Skill#Updated%20skill%20'Like%20doing%20things'%20details
30%2F08%2F2025#14%3A50#Simjrn#fOOfcIjvFvjy#Skill#Updated%20skill%20'Like%20doing%20things'%20details
30%2F08%2F2025#14%3A48#Simjrn#fOOfcIjvFvjy#Vocab#Updated%20vocabulary%20for%20skill%20'Like%20doing%20things'
30%2F08%2F2025#14%3A46#Simjrn#fOOfcIjvFvjy#Notes#Updated%20notes%20for%20skill%20'Like%20doing%20things'
30%2F08%2F2025#14%3A45#Simjrn#fOOfcIjvFvjy#Notes#Updated%20notes%20for%20skill%20'Like%20doing%20things'
30%2F08%2F2025#14%3A44#Simjrn#fOOfcIjvFvjy#Notes#Updated%20notes%20for%20skill%20'Like%20doing%20things'
30%2F08%2F2025#14%3A44#Simjrn#fOOfcIjvFvjy#Notes#Updated%20notes%20for%20skill%20'Like%20doing%20things'
30%2F08%2F2025#14%3A39#Simjrn#fOOfcIjvFvjy#Skill#Updated%20skill%20'Like%20doing%20things'%20details
30%2F08%2F2025#14%3A39#Simjrn#fOOfcIjvFvjy#Skill#Updated%20skill%20'Like%20doing%20things'%20details
30%2F08%2F2025#14%3A39#Simjrn#fOOfcIjvFvjy#Skill#Updated%20skill%20'like%20doing%20things'%20details
30%2F08%2F2025#14%3A39#Simjrn#fOOfcIjvFvjy#Skill#Updated%20skill%20'To%20like%20doing%20things'%20details
30%2F08%2F2025#14%3A38#Simjrn#fOOfcIjvFvjy#Skill#Updated%20skill%20'New%20Skill'%20details
30%2F08%2F2025#14%3A38#Simjrn#fOOfcIjvFvjy#Skill#Updated%20skill%20'New%20Skill'%20details
30%2F08%2F2025#14%3A38#Simjrn#5#Unit#Added%20new%20unit%205
30%2F08%2F2025#14%3A38#Simjrn#000000000000#Project#Updated%20project%20metadata
30%2F08%2F2025#10%3A56#Simjrn#000000000000#Project#Updated%20project%20metadata
30%2F08%2F2025#10%3A53#Simjrn#1BjSfZtBDN3D#Question#Deleted%20question%20'1BjSfZtBDN3D'%20from%20lesson%20'G07m27RlPkre'
30%2F08%2F2025#10%3A52#Simjrn#vCGBFOwm9Y48#Question#Deleted%20question%20'vCGBFOwm9Y48'%20from%20lesson%20'G07m27RlPkre'
30%2F08%2F2025#10%3A52#Simjrn#aZ7VxWKq9BYd#Question#Deleted%20question%20'aZ7VxWKq9BYd'%20from%20lesson%20'G07m27RlPkre'
30%2F08%2F2025#10%3A52#Simjrn#hxPvju0ojspg#Question#Deleted%20question%20'hxPvju0ojspg'%20from%20lesson%20'G07m27RlPkre'
30%2F08%2F2025#10%3A52#Simjrn#Yxn56JR85nvA#Question#Deleted%20question%20'Yxn56JR85nvA'%20from%20lesson%20'G07m27RlPkre'
30%2F08%2F2025#10%3A52#Simjrn#ZgJWiFVctHZo#Question#Deleted%20question%20'ZgJWiFVctHZo'%20from%20lesson%20'G07m27RlPkre'
30%2F08%2F2025#10%3A51#Simjrn#DuhkKDWgI6Ci#Question#Deleted%20question%20'DuhkKDWgI6Ci'%20from%20lesson%20'G07m27RlPkre'
30%2F08%2F2025#10%3A51#Simjrn#KVsn37aMQzpl#Question#Deleted%20question%20'KVsn37aMQzpl'%20from%20lesson%20'G07m27RlPkre'
30%2F08%2F2025#10%3A51#Simjrn#3dQdao6HAxn5#Sentences#Updated%20sentences%20for%20skill%20'Negatives'
30%2F08%2F2025#10%3A51#Simjrn#Kex5mNm8mCc4#Question#Deleted%20question%20'Kex5mNm8mCc4'%20from%20lesson%20'vF7OE8drCNHf'
30%2F08%2F2025#10%3A49#Simjrn#4zt5NzfFL6zE#Question#Deleted%20question%20'4zt5NzfFL6zE'%20from%20lesson%20'vF7OE8drCNHf'
30%2F08%2F2025#10%3A49#Simjrn#VP8Z2d7iIxSs#Question#Deleted%20question%20'VP8Z2d7iIxSs'%20from%20lesson%20'vF7OE8drCNHf'
30%2F08%2F2025#10%3A49#Simjrn#z9vA7EzFLPrw#Question#Deleted%20question%20'z9vA7EzFLPrw'%20from%20lesson%20'vF7OE8drCNHf'
30%2F08%2F2025#10%3A48#Simjrn#LJ3Iv2KezwCB#Question#Deleted%20question%20'LJ3Iv2KezwCB'%20from%20lesson%20'vF7OE8drCNHf'
30%2F08%2F2025#10%3A48#Simjrn#cQbSbVJh2SaR#Question#Deleted%20question%20'cQbSbVJh2SaR'%20from%20lesson%20'vF7OE8drCNHf'
30%2F08%2F2025#10%3A48#Simjrn#y3S2DJYydaJi#Question#Deleted%20question%20'y3S2DJYydaJi'%20from%20lesson%20'viwVgloTcwgl'
30%2F08%2F2025#10%3A48#Simjrn#CbQ9iP5OeBEe#Question#Deleted%20question%20'CbQ9iP5OeBEe'%20from%20lesson%20'viwVgloTcwgl'
30%2F08%2F2025#10%3A47#Simjrn#eSpmDDYgSM0m#Question#Deleted%20question%20'eSpmDDYgSM0m'%20from%20lesson%20'viwVgloTcwgl'
30%2F08%2F2025#10%3A46#Simjrn#Z7EAuplO3Zm1#Question#Deleted%20question%20'Z7EAuplO3Zm1'%20from%20lesson%20'viwVgloTcwgl'
30%2F08%2F2025#10%3A46#Simjrn#5I4QGUJ8gPic#Question#Deleted%20question%20'5I4QGUJ8gPic'%20from%20lesson%20'viwVgloTcwgl'
30%2F08%2F2025#10%3A44#Simjrn#mlF1b9jpWFXd#Question#Deleted%20question%20'mlF1b9jpWFXd'%20from%20lesson%20'viwVgloTcwgl'
30%2F08%2F2025#10%3A44#Simjrn#MNR11xi0mnir#Question#Deleted%20question%20'MNR11xi0mnir'%20from%20lesson%20'viwVgloTcwgl'
30%2F08%2F2025#10%3A44#Simjrn#N4Asn79yMUKn#Question#Deleted%20question%20'N4Asn79yMUKn'%20from%20lesson%20'viwVgloTcwgl'
30%2F08%2F2025#10%3A44#Simjrn#vMuAz4UxNZlD#Lesson#Deleted%20lesson%202%20from%20skill%20'3dQdao6HAxn5'
30%2F08%2F2025#10%3A44#Simjrn#eML6UB0knzV7#Question#Deleted%20question%20'eML6UB0knzV7'%20from%20lesson%20'7nrHHrT0NEW8'
30%2F08%2F2025#10%3A44#Simjrn#Y4gXIc9xcHld#Question#Deleted%20question%20'Y4gXIc9xcHld'%20from%20lesson%20'7nrHHrT0NEW8'
30%2F08%2F2025#10%3A44#Simjrn#scVpPKTnZwC6#Question#Deleted%20question%20'scVpPKTnZwC6'%20from%20lesson%20'7nrHHrT0NEW8'
30%2F08%2F2025#10%3A44#Simjrn#0BRFhjSnMiuW#Question#Deleted%20question%20'0BRFhjSnMiuW'%20from%20lesson%20'7nrHHrT0NEW8'
30%2F08%2F2025#10%3A43#Simjrn#eSppg4VI9GHu#Question#Deleted%20question%20'eSppg4VI9GHu'%20from%20lesson%20'7nrHHrT0NEW8'
30%2F08%2F2025#10%3A43#Simjrn#ul1Omo8T0RLC#Question#Deleted%20question%20'ul1Omo8T0RLC'%20from%20lesson%20'7nrHHrT0NEW8'
30%2F08%2F2025#10%3A43#Simjrn#JgpqXNhOlExW#Question#Deleted%20question%20'JgpqXNhOlExW'%20from%20lesson%20'7nrHHrT0NEW8'
30%2F08%2F2025#10%3A43#Simjrn#fV3LuiTIVufl#Question#Deleted%20question%20'fV3LuiTIVufl'%20from%20lesson%20'7nrHHrT0NEW8'
30%2F08%2F2025#10%3A43#Simjrn#UJDJrGDBdr1g#Question#Deleted%20question%20'UJDJrGDBdr1g'%20from%20lesson%20'7nrHHrT0NEW8'
30%2F08%2F2025#10%3A43#Simjrn#Rc1aci3AMnZI#Question#Deleted%20question%20'Rc1aci3AMnZI'%20from%20lesson%20'7nrHHrT0NEW8'
30%2F08%2F2025#10%3A43#Simjrn#UaLwisW0esQr#Question#Deleted%20question%20'UaLwisW0esQr'%20from%20lesson%20'7nrHHrT0NEW8'
30%2F08%2F2025#10%3A42#Simjrn#BkJfFf2Z2Kq6#Question#Deleted%20question%20'BkJfFf2Z2Kq6'%20from%20lesson%20'7nrHHrT0NEW8'
30%2F08%2F2025#10%3A42#Simjrn#JtbLoA8HAw9o#Question#Deleted%20question%20'JtbLoA8HAw9o'%20from%20lesson%20'7nrHHrT0NEW8'
30%2F08%2F2025#10%3A42#Simjrn#3dQdao6HAxn5#Skill#Updated%20skill%20'Negatives'%20details
30%2F08%2F2025#10%3A41#Simjrn#000000000000#Project#Updated%20project%20metadata
30%2F08%2F2025#10%3A41#Simjrn#3dQdao6HAxn5#Sentences#Updated%20sentences%20for%20skill%20'Negatives'
30%2F08%2F2025#10%3A39#Simjrn#3dQdao6HAxn5#Skill#Updated%20skill%20'Negatives'%20details
30%2F08%2F2025#10%3A38#Simjrn#000000000000#Project#Updated%20project%20metadata
30%2F08%2F2025#10%3A38#Simjrn#3dQdao6HAxn5#Notes#Updated%20notes%20for%20skill%20'Negatives'
30%2F08%2F2025#10%3A37#Simjrn#3dQdao6HAxn5#Sentences#Updated%20sentences%20for%20skill%20'Negatives'
30%2F08%2F2025#10%3A30#Simjrn#3dQdao6HAxn5#Notes#Updated%20notes%20for%20skill%20'Negatives'
30%2F08%2F2025#10%3A30#Simjrn#3dQdao6HAxn5#Vocab#Updated%20vocabulary%20for%20skill%20'Negatives'
30%2F08%2F2025#10%3A29#Simjrn#3dQdao6HAxn5#Notes#Updated%20notes%20for%20skill%20'Negatives'
30%2F08%2F2025#10%3A29#Simjrn#3dQdao6HAxn5#Skill#Updated%20skill%20'Negatives'%20details
30%2F08%2F2025#10%3A29#Simjrn#3dQdao6HAxn5#Skill#Updated%20skill%20'Negatives'%20details
30%2F08%2F2025#10%3A29#Simjrn#3dQdao6HAxn5#Skill#Updated%20skill%20'Negatives'%20details
30%2F08%2F2025#10%3A29#Simjrn#3dQdao6HAxn5#Skill#Updated%20skill%20'Negatives'%20details
30%2F08%2F2025#10%3A28#Simjrn#3dQdao6HAxn5#Skill#Added%20new%20skill%20'New%20Skill'%20to%20unit%204
30%2F08%2F2025#09%3A18#Simjrn#000000000000#Project#Updated%20project%20metadata
30%2F08%2F2025#09%3A18#Simjrn#BktbdIunLtjC#Question#Deleted%20question%20'BktbdIunLtjC'%20from%20lesson%20'RROlENZuhQQt'
30%2F08%2F2025#09%3A17#Simjrn#dr8yBTEF9tCD#Question#Deleted%20question%20'dr8yBTEF9tCD'%20from%20lesson%20'RROlENZuhQQt'
30%2F08%2F2025#09%3A17#Simjrn#05KVM7aMym6G#Question#Deleted%20question%20'05KVM7aMym6G'%20from%20lesson%20'RROlENZuhQQt'
30%2F08%2F2025#09%3A17#Simjrn#9QUnK8t92VKd#Question#Deleted%20question%20'9QUnK8t92VKd'%20from%20lesson%20'RROlENZuhQQt'
30%2F08%2F2025#09%3A16#Simjrn#GPR7ENNFA4cs#Question#Deleted%20question%20'GPR7ENNFA4cs'%20from%20lesson%20'RROlENZuhQQt'
30%2F08%2F2025#09%3A16#Simjrn#Z1gyp03umkxp#Question#Deleted%20question%20'Z1gyp03umkxp'%20from%20lesson%20'RROlENZuhQQt'
30%2F08%2F2025#09%3A16#Simjrn#tTu2dE4cj7rn#Question#Deleted%20question%20'tTu2dE4cj7rn'%20from%20lesson%20'RROlENZuhQQt'
30%2F08%2F2025#09%3A16#Simjrn#ELrRh6eC2EoQ#Question#Deleted%20question%20'ELrRh6eC2EoQ'%20from%20lesson%20'hHJMlr5OEgp8'
30%2F08%2F2025#09%3A16#Simjrn#uok5pkbmNae6#Question#Deleted%20question%20'uok5pkbmNae6'%20from%20lesson%20'hHJMlr5OEgp8'
30%2F08%2F2025#09%3A15#Simjrn#RO1LuxbpshNM#Question#Deleted%20question%20'RO1LuxbpshNM'%20from%20lesson%20'hHJMlr5OEgp8'
30%2F08%2F2025#09%3A15#Simjrn#KFLq4ZTvUVNB#Question#Deleted%20question%20'KFLq4ZTvUVNB'%20from%20lesson%20'hHJMlr5OEgp8'
30%2F08%2F2025#09%3A14#Simjrn#fsRYKyGBzmmy#Question#Deleted%20question%20'fsRYKyGBzmmy'%20from%20lesson%20'hHJMlr5OEgp8'
30%2F08%2F2025#09%3A14#Simjrn#GPQZiawEFgZ3#Question#Deleted%20question%20'GPQZiawEFgZ3'%20from%20lesson%20'hHJMlr5OEgp8'
30%2F08%2F2025#09%3A14#Simjrn#JeTDBRZC8Nia#Question#Deleted%20question%20'JeTDBRZC8Nia'%20from%20lesson%20'hHJMlr5OEgp8'
30%2F08%2F2025#09%3A14#Simjrn#0yN9hEx5CFkP#Question#Deleted%20question%20'0yN9hEx5CFkP'%20from%20lesson%20'llTgMA5JVdWN'
30%2F08%2F2025#09%3A14#Simjrn#qkqtxGRT13gy#Question#Deleted%20question%20'qkqtxGRT13gy'%20from%20lesson%20'llTgMA5JVdWN'
30%2F08%2F2025#09%3A13#Simjrn#jrnFBcB9B7I7#Question#Deleted%20question%20'jrnFBcB9B7I7'%20from%20lesson%20'llTgMA5JVdWN'
30%2F08%2F2025#09%3A13#Simjrn#X6GxSsWGNMvK#Question#Deleted%20question%20'X6GxSsWGNMvK'%20from%20lesson%20'llTgMA5JVdWN'
30%2F08%2F2025#09%3A13#Simjrn#HgtfcNhYsHXg#Question#Deleted%20question%20'HgtfcNhYsHXg'%20from%20lesson%20'llTgMA5JVdWN'
30%2F08%2F2025#09%3A13#Simjrn#tKeYJP3DmqBA#Question#Deleted%20question%20'tKeYJP3DmqBA'%20from%20lesson%20'llTgMA5JVdWN'
30%2F08%2F2025#09%3A13#Simjrn#KdJYBaeKZpCI#Question#Deleted%20question%20'KdJYBaeKZpCI'%20from%20lesson%20'llTgMA5JVdWN'
30%2F08%2F2025#09%3A13#Simjrn#iNy51mE0gcag#Question#Deleted%20question%20'iNy51mE0gcag'%20from%20lesson%20'llTgMA5JVdWN'
30%2F08%2F2025#09%3A12#Simjrn#0qzX2KJzOxl9#Question#Deleted%20question%20'0qzX2KJzOxl9'%20from%20lesson%20'IkmkGeVg2EVf'
30%2F08%2F2025#09%3A12#Simjrn#2RaV19p2pzVW#Question#Deleted%20question%20'2RaV19p2pzVW'%20from%20lesson%20'IkmkGeVg2EVf'
30%2F08%2F2025#09%3A12#Simjrn#ltTd82fbzpLI#Question#Deleted%20question%20'ltTd82fbzpLI'%20from%20lesson%20'IkmkGeVg2EVf'
30%2F08%2F2025#09%3A12#Simjrn#KgjidBoCXYuk#Question#Deleted%20question%20'KgjidBoCXYuk'%20from%20lesson%20'IkmkGeVg2EVf'
30%2F08%2F2025#09%3A12#Simjrn#UmUVtn58qYqe#Question#Deleted%20question%20'UmUVtn58qYqe'%20from%20lesson%20'IkmkGeVg2EVf'
30%2F08%2F2025#09%3A12#Simjrn#fQLofHbPvqqf#Question#Deleted%20question%20'fQLofHbPvqqf'%20from%20lesson%20'IkmkGeVg2EVf'
30%2F08%2F2025#09%3A12#Simjrn#WC1OONZ9oUEv#Question#Deleted%20question%20'WC1OONZ9oUEv'%20from%20lesson%20'IkmkGeVg2EVf'
30%2F08%2F2025#09%3A12#Simjrn#KVqFqcMd0kUC#Question#Deleted%20question%20'KVqFqcMd0kUC'%20from%20lesson%20'IkmkGeVg2EVf'
30%2F08%2F2025#09%3A12#Simjrn#E4MW6idxTYl1#Question#Deleted%20question%20'E4MW6idxTYl1'%20from%20lesson%20'IkmkGeVg2EVf'
30%2F08%2F2025#09%3A12#Simjrn#9tcb1svkHg8W#Question#Deleted%20question%20'9tcb1svkHg8W'%20from%20lesson%20'IkmkGeVg2EVf'
30%2F08%2F2025#09%3A12#Simjrn#wJqhNTfBXrBe#Question#Deleted%20question%20'wJqhNTfBXrBe'%20from%20lesson%20'IkmkGeVg2EVf'
30%2F08%2F2025#09%3A11#Simjrn#Y05VRVdkqkAm#Question#Deleted%20question%20'Y05VRVdkqkAm'%20from%20lesson%20'IkmkGeVg2EVf'
30%2F08%2F2025#09%3A11#Simjrn#UDVitFY8sG0n#Question#Deleted%20question%20'UDVitFY8sG0n'%20from%20lesson%20'IkmkGeVg2EVf'
30%2F08%2F2025#09%3A11#Simjrn#OZpGQCWS9Uil#Question#Deleted%20question%20'OZpGQCWS9Uil'%20from%20lesson%20'IkmkGeVg2EVf'
30%2F08%2F2025#09%3A11#Simjrn#ZnRirHTCiR8j#Question#Deleted%20question%20'ZnRirHTCiR8j'%20from%20lesson%20'7vR85W6Tve18'
30%2F08%2F2025#09%3A11#Simjrn#i9qRKb4TbQ5m#Question#Deleted%20question%20'i9qRKb4TbQ5m'%20from%20lesson%20'7vR85W6Tve18'
30%2F08%2F2025#09%3A11#Simjrn#Q8zDyufhTQJJ#Question#Deleted%20question%20'Q8zDyufhTQJJ'%20from%20lesson%20'7vR85W6Tve18'
30%2F08%2F2025#09%3A11#Simjrn#SbWLxPYgd7JW#Question#Deleted%20question%20'SbWLxPYgd7JW'%20from%20lesson%20'7vR85W6Tve18'
30%2F08%2F2025#09%3A11#Simjrn#TMegmQcGOHsH#Question#Deleted%20question%20'TMegmQcGOHsH'%20from%20lesson%20'7vR85W6Tve18'
30%2F08%2F2025#09%3A11#Simjrn#GSKC4mU3sFL9#Question#Deleted%20question%20'GSKC4mU3sFL9'%20from%20lesson%20'7vR85W6Tve18'
30%2F08%2F2025#09%3A11#Simjrn#PfKhPntsMBDc#Question#Deleted%20question%20'PfKhPntsMBDc'%20from%20lesson%20'7vR85W6Tve18'
30%2F08%2F2025#09%3A10#Simjrn#hRKCY6jqxfHK#Question#Deleted%20question%20'hRKCY6jqxfHK'%20from%20lesson%20'7vR85W6Tve18'
30%2F08%2F2025#09%3A10#Simjrn#LpodujfmALtn#Question#Deleted%20question%20'LpodujfmALtn'%20from%20lesson%20'7vR85W6Tve18'
30%2F08%2F2025#09%3A10#Simjrn#go28OeEHUjg2#Question#Deleted%20question%20'go28OeEHUjg2'%20from%20lesson%20'7vR85W6Tve18'
30%2F08%2F2025#09%3A10#Simjrn#xO7AOQxHdIPz#Question#Deleted%20question%20'xO7AOQxHdIPz'%20from%20lesson%20'7vR85W6Tve18'
30%2F08%2F2025#09%3A10#Simjrn#EPq56FXhTCnx#Question#Deleted%20question%20'EPq56FXhTCnx'%20from%20lesson%20'7vR85W6Tve18'
30%2F08%2F2025#09%3A10#Simjrn#3VAixbcKNKWd#Question#Deleted%20question%20'3VAixbcKNKWd'%20from%20lesson%20'7vR85W6Tve18'
30%2F08%2F2025#09%3A10#Simjrn#kDweLPrjBhFL#Skill#Updated%20skill%20'When%3F'%20details
30%2F08%2F2025#09%3A09#Simjrn#000000000000#Project#Updated%20project%20metadata
30%2F08%2F2025#09%3A08#Simjrn#kDweLPrjBhFL#Sentences#Updated%20sentences%20for%20skill%20'When%3F'
30%2F08%2F2025#09%3A05#Simjrn#kDweLPrjBhFL#Vocab#Updated%20vocabulary%20for%20skill%20'When%3F'
30%2F08%2F2025#09%3A04#Simjrn#kDweLPrjBhFL#Sentences#Updated%20sentences%20for%20skill%20'When%3F'
30%2F08%2F2025#09%3A03#Simjrn#kDweLPrjBhFL#Vocab#Updated%20vocabulary%20for%20skill%20'When%3F'
30%2F08%2F2025#09%3A01#Simjrn#kDweLPrjBhFL#Sentences#Updated%20sentences%20for%20skill%20'When%3F'
30%2F08%2F2025#09%3A01#Simjrn#kDweLPrjBhFL#Vocab#Updated%20vocabulary%20for%20skill%20'When%3F'
30%2F08%2F2025#09%3A00#Simjrn#kDweLPrjBhFL#Vocab#Updated%20vocabulary%20for%20skill%20'When%3F'
30%2F08%2F2025#08%3A59#Simjrn#kDweLPrjBhFL#Vocab#Updated%20vocabulary%20for%20skill%20'When%3F'
30%2F08%2F2025#08%3A58#Simjrn#kDweLPrjBhFL#Vocab#Updated%20vocabulary%20for%20skill%20'When%3F'
30%2F08%2F2025#08%3A57#Simjrn#kDweLPrjBhFL#Notes#Updated%20notes%20for%20skill%20'When%3F'
30%2F08%2F2025#08%3A56#Simjrn#kDweLPrjBhFL#Skill#Updated%20skill%20'When%3F'%20details
30%2F08%2F2025#08%3A56#Simjrn#kDweLPrjBhFL#Skill#Updated%20skill%20'When%3F'%20details
30%2F08%2F2025#08%3A54#Simjrn#kDweLPrjBhFL#Skill#Updated%20skill%20'When%3F'%20details
30%2F08%2F2025#08%3A54#Simjrn#kDweLPrjBhFL#Skill#Updated%20skill%20'When%3F'%20details
30%2F08%2F2025#08%3A54#Simjrn#kDweLPrjBhFL#Skill#Added%20new%20skill%20'New%20Skill'%20to%20unit%204
30%2F08%2F2025#08%3A54#Simjrn#09I6P86CnW33#Skill#Deleted%20skill%20'To%20have'%20from%20unit%204
30%2F08%2F2025#08%3A53#Simjrn#Yh5zFN3AOqXh#Skill#Updated%20skill%20'Where%20do%20you%20live%3F'%20details
30%2F08%2F2025#08%3A46#Simjrn#000000000000#Project#Updated%20project%20metadata
30%2F08%2F2025#08%3A46#Simjrn#cMeehfeCr8c5#Question#Deleted%20question%20'cMeehfeCr8c5'%20from%20lesson%20'prOtXrDsFQ4K'
30%2F08%2F2025#08%3A46#Simjrn#ymmmnydYr76m#Question#Deleted%20question%20'ymmmnydYr76m'%20from%20lesson%20'prOtXrDsFQ4K'
30%2F08%2F2025#08%3A46#Simjrn#C0HEkjUTf0CA#Question#Deleted%20question%20'C0HEkjUTf0CA'%20from%20lesson%20'prOtXrDsFQ4K'
30%2F08%2F2025#08%3A45#Simjrn#CyIugNWXjFXK#Question#Deleted%20question%20'CyIugNWXjFXK'%20from%20lesson%20'prOtXrDsFQ4K'
30%2F08%2F2025#08%3A45#Simjrn#YVUJiobzOmAA#Question#Deleted%20question%20'YVUJiobzOmAA'%20from%20lesson%20'prOtXrDsFQ4K'
30%2F08%2F2025#08%3A45#Simjrn#CYTOq5Q2n47E#Question#Deleted%20question%20'CYTOq5Q2n47E'%20from%20lesson%20'prOtXrDsFQ4K'
30%2F08%2F2025#08%3A45#Simjrn#rvWR9C5shTUY#Question#Deleted%20question%20'rvWR9C5shTUY'%20from%20lesson%20'prOtXrDsFQ4K'
30%2F08%2F2025#08%3A44#Simjrn#VNTrlTc6NtSI#Question#Deleted%20question%20'VNTrlTc6NtSI'%20from%20lesson%20'RpHki97yt1D4'
30%2F08%2F2025#08%3A44#Simjrn#jiQIH4h3WoYG#Question#Deleted%20question%20'jiQIH4h3WoYG'%20from%20lesson%20'RpHki97yt1D4'
30%2F08%2F2025#08%3A44#Simjrn#egpzijAeLkUh#Question#Deleted%20question%20'egpzijAeLkUh'%20from%20lesson%20'RpHki97yt1D4'
30%2F08%2F2025#08%3A44#Simjrn#9qsQZCMSC3PN#Question#Deleted%20question%20'9qsQZCMSC3PN'%20from%20lesson%20'RpHki97yt1D4'
30%2F08%2F2025#08%3A44#Simjrn#poY5KxxLVIKg#Question#Deleted%20question%20'poY5KxxLVIKg'%20from%20lesson%20'RpHki97yt1D4'
30%2F08%2F2025#08%3A44#Simjrn#d3H0Tg6F3J23#Question#Deleted%20question%20'd3H0Tg6F3J23'%20from%20lesson%20'RpHki97yt1D4'
30%2F08%2F2025#08%3A43#Simjrn#kPUD4zhFSa5C#Question#Deleted%20question%20'kPUD4zhFSa5C'%20from%20lesson%20'RpHki97yt1D4'
30%2F08%2F2025#08%3A43#Simjrn#3dbQHX4Jno7q#Question#Deleted%20question%20'3dbQHX4Jno7q'%20from%20lesson%20'x4gPwz3Ftql6'
30%2F08%2F2025#08%3A43#Simjrn#Z6JxW9bDgOEs#Question#Deleted%20question%20'Z6JxW9bDgOEs'%20from%20lesson%20'x4gPwz3Ftql6'
30%2F08%2F2025#08%3A43#Simjrn#HVA4ljziXlmm#Question#Deleted%20question%20'HVA4ljziXlmm'%20from%20lesson%20'x4gPwz3Ftql6'
30%2F08%2F2025#08%3A43#Simjrn#JlES0swTHEZN#Question#Deleted%20question%20'JlES0swTHEZN'%20from%20lesson%20'x4gPwz3Ftql6'
30%2F08%2F2025#08%3A43#Simjrn#c0hEEf9rA4ZL#Question#Deleted%20question%20'c0hEEf9rA4ZL'%20from%20lesson%20'x4gPwz3Ftql6'
30%2F08%2F2025#08%3A43#Simjrn#H684gSTFmFMu#Question#Deleted%20question%20'H684gSTFmFMu'%20from%20lesson%20'x4gPwz3Ftql6'
30%2F08%2F2025#08%3A43#Simjrn#NU6L0yEPZsMY#Question#Deleted%20question%20'NU6L0yEPZsMY'%20from%20lesson%20'x4gPwz3Ftql6'
30%2F08%2F2025#08%3A42#Simjrn#uU0iQmPSukGF#Question#Deleted%20question%20'uU0iQmPSukGF'%20from%20lesson%20'x4gPwz3Ftql6'
30%2F08%2F2025#08%3A42#Simjrn#VlQLAnKiRitw#Question#Deleted%20question%20'VlQLAnKiRitw'%20from%20lesson%20'Mt1YJPRjPGdp'
30%2F08%2F2025#08%3A42#Simjrn#4C7pf0A8DfpO#Question#Deleted%20question%20'4C7pf0A8DfpO'%20from%20lesson%20'Mt1YJPRjPGdp'
30%2F08%2F2025#08%3A42#Simjrn#UaYLFcBU1yzN#Question#Deleted%20question%20'UaYLFcBU1yzN'%20from%20lesson%20'Mt1YJPRjPGdp'
30%2F08%2F2025#08%3A42#Simjrn#FMojCK216e4d#Question#Deleted%20question%20'FMojCK216e4d'%20from%20lesson%20'Mt1YJPRjPGdp'
30%2F08%2F2025#08%3A42#Simjrn#Jlw6PwssWjEq#Question#Deleted%20question%20'Jlw6PwssWjEq'%20from%20lesson%20'Mt1YJPRjPGdp'
30%2F08%2F2025#08%3A42#Simjrn#av8qgxy26gOp#Question#Deleted%20question%20'av8qgxy26gOp'%20from%20lesson%20'Mt1YJPRjPGdp'
30%2F08%2F2025#08%3A42#Simjrn#LJX0TGVqmq96#Question#Deleted%20question%20'LJX0TGVqmq96'%20from%20lesson%20'Mt1YJPRjPGdp'
30%2F08%2F2025#08%3A42#Simjrn#hsgWQoN3Nkow#Question#Deleted%20question%20'hsgWQoN3Nkow'%20from%20lesson%20'Mt1YJPRjPGdp'
30%2F08%2F2025#08%3A41#Simjrn#a7hUs8sXsU9x#Question#Deleted%20question%20'a7hUs8sXsU9x'%20from%20lesson%20'Mt1YJPRjPGdp'
30%2F08%2F2025#08%3A41#Simjrn#0aiKSnoFWwq6#Question#Deleted%20question%20'0aiKSnoFWwq6'%20from%20lesson%20'Mt1YJPRjPGdp'
30%2F08%2F2025#08%3A41#Simjrn#BRVIkyM4Igdd#Question#Deleted%20question%20'BRVIkyM4Igdd'%20from%20lesson%20'Mt1YJPRjPGdp'
30%2F08%2F2025#08%3A41#Simjrn#OIbdxInaesv0#Question#Deleted%20question%20'OIbdxInaesv0'%20from%20lesson%20'Mt1YJPRjPGdp'
30%2F08%2F2025#08%3A41#Simjrn#jzrXGfo8ursF#Question#Deleted%20question%20'jzrXGfo8ursF'%20from%20lesson%20'Mt1YJPRjPGdp'
30%2F08%2F2025#08%3A41#Simjrn#WlD89vuW9XP2#Question#Deleted%20question%20'WlD89vuW9XP2'%20from%20lesson%20'Mt1YJPRjPGdp'
30%2F08%2F2025#08%3A40#Simjrn#yRAMaXhNTvNe#Question#Deleted%20question%20'yRAMaXhNTvNe'%20from%20lesson%20'noTdL3LVcW11'
30%2F08%2F2025#08%3A40#Simjrn#IKLV3rWUNyzU#Question#Deleted%20question%20'IKLV3rWUNyzU'%20from%20lesson%20'noTdL3LVcW11'
30%2F08%2F2025#08%3A40#Simjrn#32fXPUDT5JlX#Question#Deleted%20question%20'32fXPUDT5JlX'%20from%20lesson%20'noTdL3LVcW11'
30%2F08%2F2025#08%3A40#Simjrn#3rpEaHwsaMGd#Question#Deleted%20question%20'3rpEaHwsaMGd'%20from%20lesson%20'noTdL3LVcW11'
30%2F08%2F2025#08%3A40#Simjrn#Ink56q8AoPoS#Question#Deleted%20question%20'Ink56q8AoPoS'%20from%20lesson%20'noTdL3LVcW11'
30%2F08%2F2025#08%3A40#Simjrn#boLYglGW4asG#Question#Deleted%20question%20'boLYglGW4asG'%20from%20lesson%20'noTdL3LVcW11'
30%2F08%2F2025#08%3A40#Simjrn#lBwievzBaXUR#Question#Deleted%20question%20'lBwievzBaXUR'%20from%20lesson%20'noTdL3LVcW11'
30%2F08%2F2025#08%3A40#Simjrn#lqcd4EhPJNLA#Question#Deleted%20question%20'lqcd4EhPJNLA'%20from%20lesson%20'noTdL3LVcW11'
30%2F08%2F2025#08%3A40#Simjrn#sINvnIVqbr0V#Question#Deleted%20question%20'sINvnIVqbr0V'%20from%20lesson%20'noTdL3LVcW11'
30%2F08%2F2025#08%3A39#Simjrn#fr5LhtwWWWgM#Question#Deleted%20question%20'fr5LhtwWWWgM'%20from%20lesson%20'noTdL3LVcW11'
30%2F08%2F2025#08%3A39#Simjrn#hccBwdi0pe9N#Question#Deleted%20question%20'hccBwdi0pe9N'%20from%20lesson%20'noTdL3LVcW11'
30%2F08%2F2025#08%3A39#Simjrn#0vctZkUJ5J2c#Question#Deleted%20question%20'0vctZkUJ5J2c'%20from%20lesson%20'noTdL3LVcW11'
30%2F08%2F2025#08%3A39#Simjrn#bZM7sGi1F8xy#Question#Deleted%20question%20'bZM7sGi1F8xy'%20from%20lesson%20'noTdL3LVcW11'
30%2F08%2F2025#08%3A39#Simjrn#VTNxOVbkoFXa#Skill#Updated%20skill%20'To%20have'%20details
30%2F08%2F2025#08%3A39#Simjrn#VTNxOVbkoFXa#Skill#Updated%20skill%20'To%20have'%20details
30%2F08%2F2025#08%3A37#Simjrn#000000000000#Project#Updated%20project%20metadata
30%2F08%2F2025#08%3A37#Simjrn#VTNxOVbkoFXa#Skill#Updated%20skill%20'To%20have'%20details
30%2F08%2F2025#08%3A37#Simjrn#VTNxOVbkoFXa#Skill#Updated%20skill%20'To%20have'%20details
30%2F08%2F2025#08%3A36#Simjrn#VTNxOVbkoFXa#Skill#Updated%20skill%20'To%20have'%20details
30%2F08%2F2025#08%3A36#Simjrn#VTNxOVbkoFXa#Sentences#Updated%20sentences%20for%20skill%20'To%20have'
30%2F08%2F2025#08%3A32#Simjrn#VTNxOVbkoFXa#Vocab#Updated%20vocabulary%20for%20skill%20'To%20have'
30%2F08%2F2025#08%3A31#Simjrn#VTNxOVbkoFXa#Notes#Updated%20notes%20for%20skill%20'To%20have'
30%2F08%2F2025#08%3A31#Simjrn#VTNxOVbkoFXa#Skill#Updated%20skill%20'To%20have'%20details
30%2F08%2F2025#08%3A30#Simjrn#VTNxOVbkoFXa#Skill#Updated%20skill%20'To%20have'%20details
30%2F08%2F2025#08%3A30#Simjrn#VTNxOVbkoFXa#Skill#Added%20new%20skill%20'New%20Skill'%20to%20unit%202
30%2F08%2F2025#08%3A29#Simjrn#09I6P86CnW33#Sentences#Updated%20sentences%20for%20skill%20'To%20have'
30%2F08%2F2025#08%3A01#Simjrn#000000000000#Project#Updated%20project%20metadata
30%2F08%2F2025#08%3A01#Simjrn#boO3LBAEL9lB#Question#Deleted%20question%20'boO3LBAEL9lB'%20from%20lesson%20'7Oxnfo3qyAd8'
30%2F08%2F2025#08%3A00#Simjrn#Li4Ms1tuKmq6#Question#Deleted%20question%20'Li4Ms1tuKmq6'%20from%20lesson%20'7Oxnfo3qyAd8'
30%2F08%2F2025#08%3A00#Simjrn#D7ZAi2dtYLT5#Question#Deleted%20question%20'D7ZAi2dtYLT5'%20from%20lesson%20'7Oxnfo3qyAd8'
30%2F08%2F2025#08%3A00#Simjrn#oXQuW4Hu21tn#Question#Deleted%20question%20'oXQuW4Hu21tn'%20from%20lesson%20'7Oxnfo3qyAd8'
30%2F08%2F2025#08%3A00#Simjrn#FIYwHagc7tqD#Question#Deleted%20question%20'FIYwHagc7tqD'%20from%20lesson%20'7Oxnfo3qyAd8'
30%2F08%2F2025#08%3A00#Simjrn#N1jexxNwRdTy#Question#Deleted%20question%20'N1jexxNwRdTy'%20from%20lesson%20'7Oxnfo3qyAd8'
30%2F08%2F2025#08%3A00#Simjrn#DmnrTllVsdE8#Question#Deleted%20question%20'DmnrTllVsdE8'%20from%20lesson%20'7Oxnfo3qyAd8'
30%2F08%2F2025#07%3A59#Simjrn#Ihz4SHY8lAA9#Question#Deleted%20question%20'Ihz4SHY8lAA9'%20from%20lesson%20'kfzceMXJyXF7'
30%2F08%2F2025#07%3A59#Simjrn#ogbdje5UzCaU#Question#Deleted%20question%20'ogbdje5UzCaU'%20from%20lesson%20'kfzceMXJyXF7'
30%2F08%2F2025#07%3A59#Simjrn#8lf1gS57YN9K#Question#Deleted%20question%20'8lf1gS57YN9K'%20from%20lesson%20'kfzceMXJyXF7'
30%2F08%2F2025#07%3A59#Simjrn#JfHIX49eMU9x#Question#Deleted%20question%20'JfHIX49eMU9x'%20from%20lesson%20'kfzceMXJyXF7'
30%2F08%2F2025#07%3A59#Simjrn#EQch6es4jGsi#Question#Deleted%20question%20'EQch6es4jGsi'%20from%20lesson%20'kfzceMXJyXF7'
30%2F08%2F2025#07%3A58#Simjrn#4DakQG1kmZju#Question#Deleted%20question%20'4DakQG1kmZju'%20from%20lesson%20'kfzceMXJyXF7'
30%2F08%2F2025#07%3A58#Simjrn#f0bIKxo2ZIt2#Question#Deleted%20question%20'f0bIKxo2ZIt2'%20from%20lesson%20'kfzceMXJyXF7'
30%2F08%2F2025#07%3A58#Simjrn#NYc1t6doSeH3#Question#Deleted%20question%20'NYc1t6doSeH3'%20from%20lesson%20'MUtlBDknj1OF'
30%2F08%2F2025#07%3A58#Simjrn#vzzcB6OWM6kW#Question#Deleted%20question%20'vzzcB6OWM6kW'%20from%20lesson%20'MUtlBDknj1OF'
30%2F08%2F2025#07%3A58#Simjrn#vKG3WLD8llVi#Question#Deleted%20question%20'vKG3WLD8llVi'%20from%20lesson%20'MUtlBDknj1OF'
30%2F08%2F2025#07%3A58#Simjrn#QF8iNsWzQqS6#Question#Deleted%20question%20'QF8iNsWzQqS6'%20from%20lesson%20'MUtlBDknj1OF'
30%2F08%2F2025#07%3A58#Simjrn#2WF0mN3Q03Kg#Question#Deleted%20question%20'2WF0mN3Q03Kg'%20from%20lesson%20'MUtlBDknj1OF'
30%2F08%2F2025#07%3A57#Simjrn#v3Uj3OFnVmmy#Question#Deleted%20question%20'v3Uj3OFnVmmy'%20from%20lesson%20'MUtlBDknj1OF'
30%2F08%2F2025#07%3A57#Simjrn#4JGcFh0O0Eag#Question#Deleted%20question%20'4JGcFh0O0Eag'%20from%20lesson%20'MUtlBDknj1OF'
30%2F08%2F2025#07%3A57#Simjrn#VW1g96r3AeGU#Question#Deleted%20question%20'VW1g96r3AeGU'%20from%20lesson%20'MUtlBDknj1OF'
30%2F08%2F2025#07%3A56#Simjrn#hyfQcyju6I8B#Question#Deleted%20question%20'hyfQcyju6I8B'%20from%20lesson%20'D2Zb4U3FkknF'
30%2F08%2F2025#07%3A56#Simjrn#zHLf3qbdIMVL#Question#Deleted%20question%20'zHLf3qbdIMVL'%20from%20lesson%20'D2Zb4U3FkknF'
30%2F08%2F2025#07%3A56#Simjrn#6n8LXD36SW2V#Question#Deleted%20question%20'6n8LXD36SW2V'%20from%20lesson%20'D2Zb4U3FkknF'
30%2F08%2F2025#07%3A56#Simjrn#W0TAPsIPUeOh#Question#Deleted%20question%20'W0TAPsIPUeOh'%20from%20lesson%20'D2Zb4U3FkknF'
30%2F08%2F2025#07%3A56#Simjrn#QFfnaVVhcrCy#Question#Deleted%20question%20'QFfnaVVhcrCy'%20from%20lesson%20'D2Zb4U3FkknF'
30%2F08%2F2025#07%3A56#Simjrn#5VHoVGS4v1zY#Question#Deleted%20question%20'5VHoVGS4v1zY'%20from%20lesson%20'D2Zb4U3FkknF'
30%2F08%2F2025#07%3A56#Simjrn#38R1NIHXgjCo#Question#Deleted%20question%20'38R1NIHXgjCo'%20from%20lesson%20'D2Zb4U3FkknF'
30%2F08%2F2025#07%3A56#Simjrn#0Wb9dPj3yhoh#Question#Deleted%20question%20'0Wb9dPj3yhoh'%20from%20lesson%20'D2Zb4U3FkknF'
30%2F08%2F2025#07%3A56#Simjrn#YRVj0Gn4dCdO#Question#Deleted%20question%20'YRVj0Gn4dCdO'%20from%20lesson%20'D2Zb4U3FkknF'
30%2F08%2F2025#07%3A56#Simjrn#M6RWlCApqhIL#Question#Deleted%20question%20'M6RWlCApqhIL'%20from%20lesson%20'D2Zb4U3FkknF'
30%2F08%2F2025#07%3A56#Simjrn#qVawRJfIDm97#Question#Deleted%20question%20'qVawRJfIDm97'%20from%20lesson%20'D2Zb4U3FkknF'
30%2F08%2F2025#07%3A55#Simjrn#Cvon4bYFhI68#Question#Deleted%20question%20'Cvon4bYFhI68'%20from%20lesson%20'D2Zb4U3FkknF'
30%2F08%2F2025#07%3A55#Simjrn#x1lJxOXnSWRn#Question#Deleted%20question%20'x1lJxOXnSWRn'%20from%20lesson%20'D2Zb4U3FkknF'
30%2F08%2F2025#07%3A55#Simjrn#HheD3RX9a9S6#Question#Deleted%20question%20'HheD3RX9a9S6'%20from%20lesson%20'D2Zb4U3FkknF'
30%2F08%2F2025#07%3A55#Simjrn#kf20pEYyVk6I#Question#Deleted%20question%20'kf20pEYyVk6I'%20from%20lesson%20'e1BpOfBsfQpl'
30%2F08%2F2025#07%3A55#Simjrn#ia3wnYcPsa8p#Question#Deleted%20question%20'ia3wnYcPsa8p'%20from%20lesson%20'e1BpOfBsfQpl'
30%2F08%2F2025#07%3A55#Simjrn#bOAA3fR1sgi7#Question#Deleted%20question%20'bOAA3fR1sgi7'%20from%20lesson%20'e1BpOfBsfQpl'
30%2F08%2F2025#07%3A55#Simjrn#OSjlovqlC4PZ#Question#Deleted%20question%20'OSjlovqlC4PZ'%20from%20lesson%20'e1BpOfBsfQpl'
30%2F08%2F2025#07%3A55#Simjrn#FQx83P2Chp5N#Question#Deleted%20question%20'FQx83P2Chp5N'%20from%20lesson%20'e1BpOfBsfQpl'
30%2F08%2F2025#07%3A54#Simjrn#e6En4FNPMlXO#Question#Deleted%20question%20'e6En4FNPMlXO'%20from%20lesson%20'e1BpOfBsfQpl'
30%2F08%2F2025#07%3A54#Simjrn#8qaXVUwfkbyd#Question#Deleted%20question%20'8qaXVUwfkbyd'%20from%20lesson%20'e1BpOfBsfQpl'
30%2F08%2F2025#07%3A54#Simjrn#MKMogn6t5373#Question#Deleted%20question%20'MKMogn6t5373'%20from%20lesson%20'e1BpOfBsfQpl'
30%2F08%2F2025#07%3A54#Simjrn#EcnuKomVwpgg#Question#Deleted%20question%20'EcnuKomVwpgg'%20from%20lesson%20'e1BpOfBsfQpl'
30%2F08%2F2025#07%3A54#Simjrn#3EW7DEk3m0Rz#Question#Deleted%20question%20'3EW7DEk3m0Rz'%20from%20lesson%20'e1BpOfBsfQpl'
30%2F08%2F2025#07%3A54#Simjrn#QI5VQ9cfiBZQ#Question#Deleted%20question%20'QI5VQ9cfiBZQ'%20from%20lesson%20'e1BpOfBsfQpl'
30%2F08%2F2025#07%3A54#Simjrn#SXmndKDOOlxr#Question#Deleted%20question%20'SXmndKDOOlxr'%20from%20lesson%20'e1BpOfBsfQpl'
30%2F08%2F2025#07%3A54#Simjrn#dfaA0A8kiNQh#Question#Deleted%20question%20'dfaA0A8kiNQh'%20from%20lesson%20'e1BpOfBsfQpl'
30%2F08%2F2025#07%3A54#Simjrn#Yh5zFN3AOqXh#Skill#Updated%20skill%20'Where%20do%20you%20live%3F'%20details
30%2F08%2F2025#07%3A53#Simjrn#Yh5zFN3AOqXh#Sentences#Updated%20sentences%20for%20skill%20'Where%20do%20you%20live%3F'
30%2F08%2F2025#07%3A53#Simjrn#Yh5zFN3AOqXh#Skill#Moved%20skill%20'Where%20do%20you%20live%3F'%20to%20Unit%204
30%2F08%2F2025#07%3A51#Simjrn#000000000000#Project#Updated%20project%20metadata
30%2F08%2F2025#07%3A51#Simjrn#Yh5zFN3AOqXh#Vocab#Updated%20vocabulary%20for%20skill%20'Where%20do%20you%20live%3F'
30%2F08%2F2025#07%3A51#Simjrn#Yh5zFN3AOqXh#Sentences#Updated%20sentences%20for%20skill%20'Where%20do%20you%20live%3F'
30%2F08%2F2025#07%3A46#Simjrn#Yh5zFN3AOqXh#Vocab#Updated%20vocabulary%20for%20skill%20'Where%20do%20you%20live%3F'
30%2F08%2F2025#07%3A45#Simjrn#Yh5zFN3AOqXh#Vocab#Updated%20vocabulary%20for%20skill%20'Where%20do%20you%20live%3F'
30%2F08%2F2025#07%3A43#Simjrn#Yh5zFN3AOqXh#Notes#Updated%20notes%20for%20skill%20'Where%20do%20you%20live%3F'
30%2F08%2F2025#07%3A43#Simjrn#Yh5zFN3AOqXh#Notes#Updated%20notes%20for%20skill%20'Where%20do%20you%20live%3F'
30%2F08%2F2025#07%3A41#Simjrn#Yh5zFN3AOqXh#Vocab#Updated%20vocabulary%20for%20skill%20'Where%20do%20you%20live%3F'
30%2F08%2F2025#07%3A38#Simjrn#Yh5zFN3AOqXh#Vocab#Updated%20vocabulary%20for%20skill%20'Where%20do%20you%20live%3F'
30%2F08%2F2025#07%3A36#Simjrn#Yh5zFN3AOqXh#Vocab#Updated%20vocabulary%20for%20skill%20'Where%20do%20you%20live%3F'
30%2F08%2F2025#07%3A35#Simjrn#Yh5zFN3AOqXh#Vocab#Updated%20vocabulary%20for%20skill%20'Where%20do%20you%20live%3F'
30%2F08%2F2025#07%3A34#Simjrn#Yh5zFN3AOqXh#Notes#Updated%20notes%20for%20skill%20'Where%20do%20you%20live%3F'
30%2F08%2F2025#07%3A34#Simjrn#Yh5zFN3AOqXh#Skill#Updated%20skill%20'Where%20do%20you%20live%3F'%20details
30%2F08%2F2025#07%3A34#Simjrn#Yh5zFN3AOqXh#Skill#Updated%20skill%20'Where%20do%20you%20live%3F'%20details
30%2F08%2F2025#07%3A34#Simjrn#Yh5zFN3AOqXh#Skill#Updated%20skill%20'New%20Skill'%20details
30%2F08%2F2025#07%3A33#Simjrn#Yh5zFN3AOqXh#Skill#Added%20new%20skill%20'New%20Skill'%20to%20unit%204
30%2F08%2F2025#07%3A18#Simjrn#000000000000#Project#Updated%20project%20metadata
30%2F08%2F2025#07%3A17#Simjrn#qQIbxvbchEo3#Question#Deleted%20question%20'qQIbxvbchEo3'%20from%20lesson%20'zw9ZLHIEIgNb'
30%2F08%2F2025#07%3A17#Simjrn#2ZFkcbwigi3b#Question#Deleted%20question%20'2ZFkcbwigi3b'%20from%20lesson%20'zw9ZLHIEIgNb'
30%2F08%2F2025#07%3A17#Simjrn#ZQ1x3hG2huKj#Question#Deleted%20question%20'ZQ1x3hG2huKj'%20from%20lesson%20'zw9ZLHIEIgNb'
30%2F08%2F2025#07%3A16#Simjrn#uPaZZVkqGo9x#Question#Deleted%20question%20'uPaZZVkqGo9x'%20from%20lesson%20'zw9ZLHIEIgNb'
30%2F08%2F2025#07%3A15#Simjrn#sIfYkQno0tJW#Question#Deleted%20question%20'sIfYkQno0tJW'%20from%20lesson%20'zw9ZLHIEIgNb'
30%2F08%2F2025#07%3A15#Simjrn#sTrOW1l1N5zJ#Question#Deleted%20question%20'sTrOW1l1N5zJ'%20from%20lesson%20'zw9ZLHIEIgNb'
30%2F08%2F2025#07%3A15#Simjrn#dc8dLLLUWmYF#Question#Deleted%20question%20'dc8dLLLUWmYF'%20from%20lesson%20'zw9ZLHIEIgNb'
30%2F08%2F2025#07%3A14#Simjrn#nw7kU5KEgMVq#Question#Deleted%20question%20'nw7kU5KEgMVq'%20from%20lesson%20'A6RgbZpP643l'
30%2F08%2F2025#07%3A14#Simjrn#bmNb798XvFVA#Question#Deleted%20question%20'bmNb798XvFVA'%20from%20lesson%20'A6RgbZpP643l'
30%2F08%2F2025#07%3A13#Simjrn#0wQnYgLKZnrM#Question#Deleted%20question%20'0wQnYgLKZnrM'%20from%20lesson%20'A6RgbZpP643l'
30%2F08%2F2025#07%3A13#Simjrn#hGWSMtVNymdo#Question#Deleted%20question%20'hGWSMtVNymdo'%20from%20lesson%20'A6RgbZpP643l'
30%2F08%2F2025#07%3A12#Simjrn#qkgb4vvhnv0Q#Question#Deleted%20question%20'qkgb4vvhnv0Q'%20from%20lesson%20'A6RgbZpP643l'
30%2F08%2F2025#07%3A12#Simjrn#oqMv8EqbKnTX#Question#Deleted%20question%20'oqMv8EqbKnTX'%20from%20lesson%20'A6RgbZpP643l'
30%2F08%2F2025#07%3A12#Simjrn#0DJo2hyvI3NZ#Question#Deleted%20question%20'0DJo2hyvI3NZ'%20from%20lesson%20'A6RgbZpP643l'
30%2F08%2F2025#07%3A10#Simjrn#b9b8UMiUOlp8#Sentences#Updated%20sentences%20for%20skill%20'To%20want'
30%2F08%2F2025#07%3A09#Simjrn#D43CRTPoxLDQ#Question#Deleted%20question%20'D43CRTPoxLDQ'%20from%20lesson%20'KxDfixJQXkeI'
30%2F08%2F2025#07%3A09#Simjrn#7wl80MSHzwEx#Question#Deleted%20question%20'7wl80MSHzwEx'%20from%20lesson%20'KxDfixJQXkeI'
30%2F08%2F2025#07%3A09#Simjrn#cNyTjNH4YNei#Question#Deleted%20question%20'cNyTjNH4YNei'%20from%20lesson%20'KxDfixJQXkeI'
30%2F08%2F2025#07%3A09#Simjrn#nUxLsK5dYRWX#Question#Deleted%20question%20'nUxLsK5dYRWX'%20from%20lesson%20'KxDfixJQXkeI'
30%2F08%2F2025#07%3A09#Simjrn#gw6eykgXcpkn#Question#Deleted%20question%20'gw6eykgXcpkn'%20from%20lesson%20'KxDfixJQXkeI'
30%2F08%2F2025#07%3A09#Simjrn#LAKYpBMqIWUi#Question#Deleted%20question%20'LAKYpBMqIWUi'%20from%20lesson%20'KxDfixJQXkeI'
30%2F08%2F2025#07%3A08#Simjrn#rNVXiowYLiAf#Question#Deleted%20question%20'rNVXiowYLiAf'%20from%20lesson%20'KxDfixJQXkeI'
30%2F08%2F2025#07%3A08#Simjrn#2cHwkxfbCqDs#Question#Deleted%20question%20'2cHwkxfbCqDs'%20from%20lesson%20'KxDfixJQXkeI'
30%2F08%2F2025#07%3A08#Simjrn#kRo8mIqSR9SD#Question#Deleted%20question%20'kRo8mIqSR9SD'%20from%20lesson%20'TjrM5Wsmyta6'
30%2F08%2F2025#07%3A08#Simjrn#zWVJyToayeQL#Question#Deleted%20question%20'zWVJyToayeQL'%20from%20lesson%20'TjrM5Wsmyta6'
30%2F08%2F2025#07%3A07#Simjrn#A9QQEpi5Mhdk#Question#Deleted%20question%20'A9QQEpi5Mhdk'%20from%20lesson%20'TjrM5Wsmyta6'
30%2F08%2F2025#07%3A07#Simjrn#L9wREbDxJnG3#Question#Deleted%20question%20'L9wREbDxJnG3'%20from%20lesson%20'TjrM5Wsmyta6'
30%2F08%2F2025#07%3A07#Simjrn#0sO90sexqcEL#Question#Deleted%20question%20'0sO90sexqcEL'%20from%20lesson%20'TjrM5Wsmyta6'
30%2F08%2F2025#07%3A07#Simjrn#4abZmvMjeZNX#Question#Deleted%20question%20'4abZmvMjeZNX'%20from%20lesson%20'TjrM5Wsmyta6'
30%2F08%2F2025#07%3A07#Simjrn#SyfVl1T5zBVm#Question#Deleted%20question%20'SyfVl1T5zBVm'%20from%20lesson%20'TjrM5Wsmyta6'
30%2F08%2F2025#07%3A07#Simjrn#MEaiyEqH0I2h#Question#Deleted%20question%20'MEaiyEqH0I2h'%20from%20lesson%20'TjrM5Wsmyta6'
30%2F08%2F2025#07%3A07#Simjrn#y7syoxe9F6n2#Question#Deleted%20question%20'y7syoxe9F6n2'%20from%20lesson%20'TjrM5Wsmyta6'
30%2F08%2F2025#07%3A07#Simjrn#qPP7Oqd4RREQ#Question#Deleted%20question%20'qPP7Oqd4RREQ'%20from%20lesson%20'TjrM5Wsmyta6'
30%2F08%2F2025#07%3A07#Simjrn#3wUzSlbipChL#Question#Deleted%20question%20'3wUzSlbipChL'%20from%20lesson%20'TjrM5Wsmyta6'
30%2F08%2F2025#07%3A07#Simjrn#CnfLHtiWljFO#Question#Deleted%20question%20'CnfLHtiWljFO'%20from%20lesson%20'TjrM5Wsmyta6'
30%2F08%2F2025#07%3A07#Simjrn#qSI6CDtwwRYx#Question#Deleted%20question%20'qSI6CDtwwRYx'%20from%20lesson%20'TjrM5Wsmyta6'
30%2F08%2F2025#07%3A07#Simjrn#6jlVbLuaeLie#Question#Deleted%20question%20'6jlVbLuaeLie'%20from%20lesson%20'TjrM5Wsmyta6'
30%2F08%2F2025#07%3A06#Simjrn#4Rzvg2uHzbmX#Question#Deleted%20question%20'4Rzvg2uHzbmX'%20from%20lesson%20'qJ5jsdavf0b1'
30%2F08%2F2025#07%3A06#Simjrn#vbEuWBqokVly#Question#Deleted%20question%20'vbEuWBqokVly'%20from%20lesson%20'qJ5jsdavf0b1'
30%2F08%2F2025#07%3A06#Simjrn#3ajwGKdil3J9#Question#Deleted%20question%20'3ajwGKdil3J9'%20from%20lesson%20'qJ5jsdavf0b1'
30%2F08%2F2025#07%3A06#Simjrn#Zj7EtpCoqICH#Question#Deleted%20question%20'Zj7EtpCoqICH'%20from%20lesson%20'qJ5jsdavf0b1'
30%2F08%2F2025#07%3A06#Simjrn#6XFMvWPnyBan#Question#Deleted%20question%20'6XFMvWPnyBan'%20from%20lesson%20'qJ5jsdavf0b1'
30%2F08%2F2025#07%3A06#Simjrn#dF7lsV2jTdWn#Question#Deleted%20question%20'dF7lsV2jTdWn'%20from%20lesson%20'qJ5jsdavf0b1'
30%2F08%2F2025#07%3A06#Simjrn#YcKZL7A1tFOz#Question#Deleted%20question%20'YcKZL7A1tFOz'%20from%20lesson%20'qJ5jsdavf0b1'
30%2F08%2F2025#07%3A06#Simjrn#R3H1aY0fVpl5#Question#Deleted%20question%20'R3H1aY0fVpl5'%20from%20lesson%20'qJ5jsdavf0b1'
30%2F08%2F2025#07%3A06#Simjrn#dOALm2OfFwh5#Question#Deleted%20question%20'dOALm2OfFwh5'%20from%20lesson%20'qJ5jsdavf0b1'
30%2F08%2F2025#07%3A06#Simjrn#pEnC1NLxqvBU#Question#Deleted%20question%20'pEnC1NLxqvBU'%20from%20lesson%20'qJ5jsdavf0b1'
30%2F08%2F2025#07%3A06#Simjrn#fSyyibMwSXfL#Question#Deleted%20question%20'fSyyibMwSXfL'%20from%20lesson%20'qJ5jsdavf0b1'
30%2F08%2F2025#07%3A05#Simjrn#ciANgstWXio3#Question#Deleted%20question%20'ciANgstWXio3'%20from%20lesson%20'qJ5jsdavf0b1'
30%2F08%2F2025#07%3A05#Simjrn#fal2Rs4VE8FJ#Question#Deleted%20question%20'fal2Rs4VE8FJ'%20from%20lesson%20'qJ5jsdavf0b1'
30%2F08%2F2025#07%3A05#Simjrn#b9b8UMiUOlp8#Skill#Updated%20skill%20'To%20want'%20details
29%2F08%2F2025#19%3A50#Simjrn#000000000000#Project#Updated%20project%20metadata
29%2F08%2F2025#19%3A50#Simjrn#b9b8UMiUOlp8#Sentences#Updated%20sentences%20for%20skill%20'To%20want'
29%2F08%2F2025#19%3A44#Simjrn#b9b8UMiUOlp8#Vocab#Updated%20vocabulary%20for%20skill%20'To%20want'
29%2F08%2F2025#19%3A43#Simjrn#b9b8UMiUOlp8#Vocab#Updated%20vocabulary%20for%20skill%20'To%20want'
29%2F08%2F2025#19%3A42#Simjrn#b9b8UMiUOlp8#Notes#Updated%20notes%20for%20skill%20'To%20want'
29%2F08%2F2025#19%3A41#Simjrn#spqeL2otntJD#Skill#Updated%20skill%20'To%20eat'%20details
29%2F08%2F2025#19%3A41#Simjrn#b9b8UMiUOlp8#Skill#Updated%20skill%20'To%20want'%20details
29%2F08%2F2025#19%3A40#Simjrn#b9b8UMiUOlp8#Skill#Updated%20skill%20'To%20want'%20details
29%2F08%2F2025#19%3A40#Simjrn#b9b8UMiUOlp8#Skill#Added%20new%20skill%20'New%20Skill'%20to%20unit%203
29%2F08%2F2025#19%3A38#Simjrn#000000000000#Project#Updated%20project%20metadata
29%2F08%2F2025#19%3A37#Simjrn#dZl13C1BYiLI#Question#Deleted%20question%20'dZl13C1BYiLI'%20from%20lesson%20'E7REBI8s50Wu'
29%2F08%2F2025#19%3A36#Simjrn#fcRZFB0SvIVl#Question#Deleted%20question%20'fcRZFB0SvIVl'%20from%20lesson%20'E7REBI8s50Wu'
29%2F08%2F2025#19%3A36#Simjrn#u2fnDs1TIezv#Question#Deleted%20question%20'u2fnDs1TIezv'%20from%20lesson%20'E7REBI8s50Wu'
29%2F08%2F2025#19%3A36#Simjrn#ICZbvKuQuUa9#Question#Deleted%20question%20'ICZbvKuQuUa9'%20from%20lesson%20'E7REBI8s50Wu'
29%2F08%2F2025#19%3A36#Simjrn#zF9Dn5pMcsOF#Question#Deleted%20question%20'zF9Dn5pMcsOF'%20from%20lesson%20'E7REBI8s50Wu'
29%2F08%2F2025#19%3A35#Simjrn#g0ONnJPmUIi9#Question#Deleted%20question%20'g0ONnJPmUIi9'%20from%20lesson%20'E7REBI8s50Wu'
29%2F08%2F2025#19%3A35#Simjrn#gR6ok6Jh81s5#Question#Deleted%20question%20'gR6ok6Jh81s5'%20from%20lesson%20'E7REBI8s50Wu'
29%2F08%2F2025#19%3A35#Simjrn#QTQyh8WAblqy#Question#Deleted%20question%20'QTQyh8WAblqy'%20from%20lesson%20'WylSYrXAjKqh'
29%2F08%2F2025#19%3A34#Simjrn#e7XnuQnE1WFT#Question#Deleted%20question%20'e7XnuQnE1WFT'%20from%20lesson%20'WylSYrXAjKqh'
29%2F08%2F2025#19%3A34#Simjrn#GD99rCTxCaJg#Question#Deleted%20question%20'GD99rCTxCaJg'%20from%20lesson%20'WylSYrXAjKqh'
29%2F08%2F2025#19%3A34#Simjrn#kn4aCCNRiTzi#Question#Deleted%20question%20'kn4aCCNRiTzi'%20from%20lesson%20'WylSYrXAjKqh'
29%2F08%2F2025#19%3A34#Simjrn#xn7X6hgpaGEv#Question#Deleted%20question%20'xn7X6hgpaGEv'%20from%20lesson%20'WylSYrXAjKqh'
29%2F08%2F2025#19%3A34#Simjrn#XsfCJ2H7Y1PZ#Question#Deleted%20question%20'XsfCJ2H7Y1PZ'%20from%20lesson%20'WylSYrXAjKqh'
29%2F08%2F2025#19%3A33#Simjrn#WlEitcu8UjVU#Question#Deleted%20question%20'WlEitcu8UjVU'%20from%20lesson%20'WylSYrXAjKqh'
29%2F08%2F2025#19%3A32#Simjrn#oAUWgpxoYwb4#Question#Deleted%20question%20'oAUWgpxoYwb4'%20from%20lesson%20'VsSbSwtwWZ46'
29%2F08%2F2025#19%3A32#Simjrn#Vr9lWeHtl72F#Question#Deleted%20question%20'Vr9lWeHtl72F'%20from%20lesson%20'VsSbSwtwWZ46'
29%2F08%2F2025#19%3A32#Simjrn#mnrqqKhOrFhv#Question#Deleted%20question%20'mnrqqKhOrFhv'%20from%20lesson%20'VsSbSwtwWZ46'
29%2F08%2F2025#19%3A32#Simjrn#kLYNUVAdhK7h#Question#Deleted%20question%20'kLYNUVAdhK7h'%20from%20lesson%20'VsSbSwtwWZ46'
29%2F08%2F2025#19%3A32#Simjrn#EDhwh6YtB6k9#Question#Deleted%20question%20'EDhwh6YtB6k9'%20from%20lesson%20'VsSbSwtwWZ46'
29%2F08%2F2025#19%3A32#Simjrn#CXI74cOFLy0Q#Question#Deleted%20question%20'CXI74cOFLy0Q'%20from%20lesson%20'VsSbSwtwWZ46'
29%2F08%2F2025#19%3A32#Simjrn#MgIbGJmUSRMo#Question#Deleted%20question%20'MgIbGJmUSRMo'%20from%20lesson%20'VsSbSwtwWZ46'
29%2F08%2F2025#19%3A32#Simjrn#KrivEJLzjOvp#Question#Deleted%20question%20'KrivEJLzjOvp'%20from%20lesson%20'VsSbSwtwWZ46'
29%2F08%2F2025#19%3A31#Simjrn#FFhKA8L5hUrS#Question#Deleted%20question%20'FFhKA8L5hUrS'%20from%20lesson%20'JIENrbkzXR5P'
29%2F08%2F2025#19%3A30#Simjrn#7tNvkzx8lerb#Question#Deleted%20question%20'7tNvkzx8lerb'%20from%20lesson%20'JIENrbkzXR5P'
29%2F08%2F2025#19%3A30#Simjrn#77vtcVNjybp7#Question#Deleted%20question%20'77vtcVNjybp7'%20from%20lesson%20'JIENrbkzXR5P'
29%2F08%2F2025#19%3A30#Simjrn#iilWRHKIrk1V#Question#Deleted%20question%20'iilWRHKIrk1V'%20from%20lesson%20'JIENrbkzXR5P'
29%2F08%2F2025#19%3A30#Simjrn#MC0rGBtGdlpH#Question#Deleted%20question%20'MC0rGBtGdlpH'%20from%20lesson%20'JIENrbkzXR5P'
29%2F08%2F2025#19%3A30#Simjrn#Yii2zVKs5kWr#Question#Deleted%20question%20'Yii2zVKs5kWr'%20from%20lesson%20'JIENrbkzXR5P'
29%2F08%2F2025#19%3A30#Simjrn#Qg4XaBQxM0E1#Question#Deleted%20question%20'Qg4XaBQxM0E1'%20from%20lesson%20'JIENrbkzXR5P'
29%2F08%2F2025#19%3A30#Simjrn#gSJgARwtB8NK#Question#Deleted%20question%20'gSJgARwtB8NK'%20from%20lesson%20'JIENrbkzXR5P'
29%2F08%2F2025#19%3A30#Simjrn#VMtmwl86RBDp#Question#Deleted%20question%20'VMtmwl86RBDp'%20from%20lesson%20'JIENrbkzXR5P'
29%2F08%2F2025#19%3A30#Simjrn#JdJqPHz9HdrB#Question#Deleted%20question%20'JdJqPHz9HdrB'%20from%20lesson%20'JIENrbkzXR5P'
29%2F08%2F2025#19%3A30#Simjrn#9FONYhQLHbBb#Question#Deleted%20question%20'9FONYhQLHbBb'%20from%20lesson%20'JIENrbkzXR5P'
29%2F08%2F2025#19%3A30#Simjrn#TThQsVvPRzBi#Question#Deleted%20question%20'TThQsVvPRzBi'%20from%20lesson%20'JIENrbkzXR5P'
29%2F08%2F2025#19%3A29#Simjrn#WY3ecw6fEDuQ#Question#Deleted%20question%20'WY3ecw6fEDuQ'%20from%20lesson%20'JIENrbkzXR5P'
29%2F08%2F2025#19%3A29#Simjrn#NOnhjzW3XZVi#Question#Deleted%20question%20'NOnhjzW3XZVi'%20from%20lesson%20'JIENrbkzXR5P'
29%2F08%2F2025#19%3A29#Simjrn#oz5qid7dMN9N#Question#Deleted%20question%20'oz5qid7dMN9N'%20from%20lesson%20'l1IBEqAb8T3K'
29%2F08%2F2025#19%3A29#Simjrn#gm1JIrUb9Cmj#Question#Deleted%20question%20'gm1JIrUb9Cmj'%20from%20lesson%20'l1IBEqAb8T3K'
29%2F08%2F2025#19%3A29#Simjrn#vFfgVUIReVE1#Question#Deleted%20question%20'vFfgVUIReVE1'%20from%20lesson%20'l1IBEqAb8T3K'
29%2F08%2F2025#19%3A29#Simjrn#ZkP2kSjRb9hG#Question#Deleted%20question%20'ZkP2kSjRb9hG'%20from%20lesson%20'l1IBEqAb8T3K'
29%2F08%2F2025#19%3A29#Simjrn#fb50YJl689Oq#Question#Deleted%20question%20'fb50YJl689Oq'%20from%20lesson%20'l1IBEqAb8T3K'
29%2F08%2F2025#19%3A28#Simjrn#qW7dqtx1oHUG#Question#Deleted%20question%20'qW7dqtx1oHUG'%20from%20lesson%20'l1IBEqAb8T3K'
29%2F08%2F2025#19%3A28#Simjrn#wsiPEPMG2lhX#Question#Deleted%20question%20'wsiPEPMG2lhX'%20from%20lesson%20'l1IBEqAb8T3K'
29%2F08%2F2025#19%3A28#Simjrn#xWjXDgm8JUZl#Question#Deleted%20question%20'xWjXDgm8JUZl'%20from%20lesson%20'l1IBEqAb8T3K'
29%2F08%2F2025#19%3A28#Simjrn#iw441VMT8GJt#Question#Deleted%20question%20'iw441VMT8GJt'%20from%20lesson%20'l1IBEqAb8T3K'
29%2F08%2F2025#19%3A28#Simjrn#6EJsualgu6ve#Question#Deleted%20question%20'6EJsualgu6ve'%20from%20lesson%20'l1IBEqAb8T3K'
29%2F08%2F2025#19%3A27#Simjrn#dmifukA6RHO1#Question#Deleted%20question%20'dmifukA6RHO1'%20from%20lesson%20'l1IBEqAb8T3K'
29%2F08%2F2025#19%3A27#Simjrn#q4O9wqR2H1XW#Question#Deleted%20question%20'q4O9wqR2H1XW'%20from%20lesson%20'l1IBEqAb8T3K'
29%2F08%2F2025#19%3A27#Simjrn#kXDCOHrkSZJf#Question#Deleted%20question%20'kXDCOHrkSZJf'%20from%20lesson%20'l1IBEqAb8T3K'
29%2F08%2F2025#19%3A27#Simjrn#spqeL2otntJD#Skill#Updated%20skill%20'To%20eat'%20details
29%2F08%2F2025#19%3A02#Simjrn#000000000000#Project#Updated%20project%20metadata
29%2F08%2F2025#19%3A02#Simjrn#spqeL2otntJD#Vocab#Updated%20vocabulary%20for%20skill%20'To%20eat'
29%2F08%2F2025#19%3A02#Simjrn#spqeL2otntJD#Sentences#Updated%20sentences%20for%20skill%20'To%20eat'
29%2F08%2F2025#18%3A59#Simjrn#spqeL2otntJD#Vocab#Updated%20vocabulary%20for%20skill%20'To%20eat'
29%2F08%2F2025#18%3A58#Simjrn#spqeL2otntJD#Sentences#Updated%20sentences%20for%20skill%20'To%20eat'
29%2F08%2F2025#18%3A57#Simjrn#spqeL2otntJD#Sentences#Updated%20sentences%20for%20skill%20'To%20eat'
29%2F08%2F2025#18%3A57#Simjrn#spqeL2otntJD#Vocab#Updated%20vocabulary%20for%20skill%20'To%20eat'
29%2F08%2F2025#18%3A56#Simjrn#spqeL2otntJD#Vocab#Updated%20vocabulary%20for%20skill%20'To%20eat'
29%2F08%2F2025#18%3A55#Simjrn#spqeL2otntJD#Vocab#Updated%20vocabulary%20for%20skill%20'To%20eat'
29%2F08%2F2025#16%3A58#Simjrn#spqeL2otntJD#Vocab#Updated%20vocabulary%20for%20skill%20'To%20eat'
29%2F08%2F2025#16%3A56#Simjrn#spqeL2otntJD#Skill#Updated%20skill%20'To%20eat'%20details
29%2F08%2F2025#16%3A56#Simjrn#spqeL2otntJD#Skill#Updated%20skill%20'To%20eat'%20details
29%2F08%2F2025#16%3A56#Simjrn#spqeL2otntJD#Skill#Updated%20skill%20'To%20eat'%20details
29%2F08%2F2025#16%3A55#Simjrn#spqeL2otntJD#Skill#Updated%20skill%20'To%20eat'%20details
29%2F08%2F2025#16%3A55#Simjrn#spqeL2otntJD#Skill#Updated%20skill%20'To%20eat'%20details
29%2F08%2F2025#16%3A55#Simjrn#spqeL2otntJD#Skill#Updated%20skill%20'To%20eat'%20details
29%2F08%2F2025#16%3A54#Simjrn#spqeL2otntJD#Skill#Updated%20skill%20'To%20eat'%20details
29%2F08%2F2025#16%3A54#Simjrn#spqeL2otntJD#Vocab#Updated%20vocabulary%20for%20skill%20'New%20Skill'
29%2F08%2F2025#16%3A52#Simjrn#spqeL2otntJD#Vocab#Updated%20vocabulary%20for%20skill%20'New%20Skill'
29%2F08%2F2025#16%3A52#Simjrn#spqeL2otntJD#Notes#Updated%20notes%20for%20skill%20'New%20Skill'
29%2F08%2F2025#16%3A51#Simjrn#spqeL2otntJD#Skill#Added%20new%20skill%20'New%20Skill'%20to%20unit%203
29%2F08%2F2025#16%3A51#Simjrn#000000000000#Project#Updated%20project%20metadata
29%2F08%2F2025#16%3A48#Simjrn#X737JxV5GyTv#Sentences#Updated%20sentences%20for%20skill%20'The%20future'
29%2F08%2F2025#16%3A47#Simjrn#X737JxV5GyTv#Vocab#Updated%20vocabulary%20for%20skill%20'The%20future'
29%2F08%2F2025#16%3A45#Simjrn#T86aew8xmAGL#Skill#Deleted%20skill%20'New%20Skill'%20from%20unit%203
29%2F08%2F2025#16%3A45#Simjrn#T86aew8xmAGL#Skill#Updated%20skill%20'New%20Skill'%20details
29%2F08%2F2025#16%3A45#Simjrn#T86aew8xmAGL#Skill#Added%20new%20skill%20'New%20Skill'%20to%20unit%203
29%2F08%2F2025#16%3A05#Simjrn#000000000000#Project#Updated%20project%20metadata
29%2F08%2F2025#16%3A03#Simjrn#AFv3VqVI3Mv4#Question#Deleted%20question%20'AFv3VqVI3Mv4'%20from%20lesson%20'raNTgS6B5GjQ'
29%2F08%2F2025#16%3A03#Simjrn#hSHjSe8xLDrD#Question#Deleted%20question%20'hSHjSe8xLDrD'%20from%20lesson%20'raNTgS6B5GjQ'
29%2F08%2F2025#16%3A03#Simjrn#V8n8hjaWqIz4#Question#Deleted%20question%20'V8n8hjaWqIz4'%20from%20lesson%20'raNTgS6B5GjQ'
29%2F08%2F2025#16%3A02#Simjrn#zhKo10SwkSH0#Question#Deleted%20question%20'zhKo10SwkSH0'%20from%20lesson%20'raNTgS6B5GjQ'
29%2F08%2F2025#16%3A02#Simjrn#JdRvDdrPCUcn#Question#Deleted%20question%20'JdRvDdrPCUcn'%20from%20lesson%20'raNTgS6B5GjQ'
29%2F08%2F2025#16%3A02#Simjrn#USHAZml1Nu7i#Question#Deleted%20question%20'USHAZml1Nu7i'%20from%20lesson%20'raNTgS6B5GjQ'
29%2F08%2F2025#16%3A02#Simjrn#hAXLh2rhGBUu#Question#Deleted%20question%20'hAXLh2rhGBUu'%20from%20lesson%20'raNTgS6B5GjQ'
29%2F08%2F2025#16%3A02#Simjrn#ahSTe9Aujr44#Question#Deleted%20question%20'ahSTe9Aujr44'%20from%20lesson%20'5Md2GYQb2RQq'
29%2F08%2F2025#16%3A01#Simjrn#Byk7VTKalxWE#Question#Deleted%20question%20'Byk7VTKalxWE'%20from%20lesson%20'5Md2GYQb2RQq'
29%2F08%2F2025#16%3A01#Simjrn#OeE7v9v7ut3w#Question#Deleted%20question%20'OeE7v9v7ut3w'%20from%20lesson%20'5Md2GYQb2RQq'
29%2F08%2F2025#15%3A59#Simjrn#Nikorj3lH4oy#Question#Deleted%20question%20'Nikorj3lH4oy'%20from%20lesson%20'5Md2GYQb2RQq'
29%2F08%2F2025#15%3A59#Simjrn#b7bNPcszx8VF#Question#Deleted%20question%20'b7bNPcszx8VF'%20from%20lesson%20'5Md2GYQb2RQq'
29%2F08%2F2025#15%3A59#Simjrn#dCu1fRqDXYsk#Question#Deleted%20question%20'dCu1fRqDXYsk'%20from%20lesson%20'5Md2GYQb2RQq'
29%2F08%2F2025#15%3A59#Simjrn#MGtW5aJ5CxW0#Question#Deleted%20question%20'MGtW5aJ5CxW0'%20from%20lesson%20'5Md2GYQb2RQq'
29%2F08%2F2025#15%3A58#Simjrn#zlR683tqW01K#Question#Deleted%20question%20'zlR683tqW01K'%20from%20lesson%20'uxSIWI6HKoBo'
29%2F08%2F2025#15%3A58#Simjrn#aXYvvTu9fAn9#Question#Deleted%20question%20'aXYvvTu9fAn9'%20from%20lesson%20'uxSIWI6HKoBo'
29%2F08%2F2025#15%3A58#Simjrn#ff5hgaFNRrvk#Question#Deleted%20question%20'ff5hgaFNRrvk'%20from%20lesson%20'uxSIWI6HKoBo'
29%2F08%2F2025#15%3A58#Simjrn#P3cB7lPNUiyD#Question#Deleted%20question%20'P3cB7lPNUiyD'%20from%20lesson%20'uxSIWI6HKoBo'
29%2F08%2F2025#15%3A57#Simjrn#d5omoiAFK6sx#Question#Deleted%20question%20'd5omoiAFK6sx'%20from%20lesson%20'uxSIWI6HKoBo'
29%2F08%2F2025#15%3A56#Simjrn#WQTOUtHfukzK#Question#Deleted%20question%20'WQTOUtHfukzK'%20from%20lesson%20'uxSIWI6HKoBo'
29%2F08%2F2025#15%3A56#Simjrn#kaYZE4sO49mB#Question#Deleted%20question%20'kaYZE4sO49mB'%20from%20lesson%20'uxSIWI6HKoBo'
29%2F08%2F2025#15%3A56#Simjrn#a5WvDOPTxi3C#Question#Deleted%20question%20'a5WvDOPTxi3C'%20from%20lesson%20'uxSIWI6HKoBo'
29%2F08%2F2025#15%3A56#Simjrn#hORVUFFI2Ym0#Question#Deleted%20question%20'hORVUFFI2Ym0'%20from%20lesson%20'7cQZpvxxnl0B'
29%2F08%2F2025#15%3A56#Simjrn#WLHgYbDKTh0p#Question#Deleted%20question%20'WLHgYbDKTh0p'%20from%20lesson%20'7cQZpvxxnl0B'
29%2F08%2F2025#15%3A56#Simjrn#u1vyF0rk3VLo#Question#Deleted%20question%20'u1vyF0rk3VLo'%20from%20lesson%20'7cQZpvxxnl0B'
29%2F08%2F2025#15%3A56#Simjrn#ywZyXr5xiPKA#Question#Deleted%20question%20'ywZyXr5xiPKA'%20from%20lesson%20'7cQZpvxxnl0B'
29%2F08%2F2025#15%3A55#Simjrn#019zNmw9IyOM#Question#Deleted%20question%20'019zNmw9IyOM'%20from%20lesson%20'7cQZpvxxnl0B'
29%2F08%2F2025#15%3A55#Simjrn#Ocof15yqWD6I#Question#Deleted%20question%20'Ocof15yqWD6I'%20from%20lesson%20'7cQZpvxxnl0B'
29%2F08%2F2025#15%3A55#Simjrn#CkRFaSyHYPei#Question#Deleted%20question%20'CkRFaSyHYPei'%20from%20lesson%20'7cQZpvxxnl0B'
29%2F08%2F2025#15%3A55#Simjrn#lPS9dPEn70mU#Question#Deleted%20question%20'lPS9dPEn70mU'%20from%20lesson%20'7cQZpvxxnl0B'
29%2F08%2F2025#15%3A55#Simjrn#LpOuwHcRqEyh#Question#Deleted%20question%20'LpOuwHcRqEyh'%20from%20lesson%20'7cQZpvxxnl0B'
29%2F08%2F2025#15%3A55#Simjrn#kD8f2buiPSc3#Question#Deleted%20question%20'kD8f2buiPSc3'%20from%20lesson%20'7cQZpvxxnl0B'
29%2F08%2F2025#15%3A55#Simjrn#nw9nJsWdSO0G#Question#Deleted%20question%20'nw9nJsWdSO0G'%20from%20lesson%20'7cQZpvxxnl0B'
29%2F08%2F2025#15%3A55#Simjrn#evpQzE4aCD5Y#Question#Deleted%20question%20'evpQzE4aCD5Y'%20from%20lesson%20'7cQZpvxxnl0B'
29%2F08%2F2025#15%3A54#Simjrn#2Lk2y4cvageJ#Question#Deleted%20question%20'2Lk2y4cvageJ'%20from%20lesson%20'7cQZpvxxnl0B'
29%2F08%2F2025#15%3A54#Simjrn#0qK3xKS5hiHL#Question#Deleted%20question%20'0qK3xKS5hiHL'%20from%20lesson%20'7cQZpvxxnl0B'
29%2F08%2F2025#15%3A54#Simjrn#zBlBhTCS85eH#Question#Deleted%20question%20'zBlBhTCS85eH'%20from%20lesson%20'g9SvttjfikD2'
29%2F08%2F2025#15%3A54#Simjrn#grsigmQiSNvj#Question#Deleted%20question%20'grsigmQiSNvj'%20from%20lesson%20'g9SvttjfikD2'
29%2F08%2F2025#15%3A54#Simjrn#VzZ8w6u7qMm3#Question#Deleted%20question%20'VzZ8w6u7qMm3'%20from%20lesson%20'g9SvttjfikD2'
29%2F08%2F2025#15%3A54#Simjrn#o5QydOUmoUwG#Question#Deleted%20question%20'o5QydOUmoUwG'%20from%20lesson%20'g9SvttjfikD2'
29%2F08%2F2025#15%3A54#Simjrn#X99QlAlCRbaj#Question#Deleted%20question%20'X99QlAlCRbaj'%20from%20lesson%20'g9SvttjfikD2'
29%2F08%2F2025#15%3A54#Simjrn#I7Trrte7Gsva#Question#Deleted%20question%20'I7Trrte7Gsva'%20from%20lesson%20'g9SvttjfikD2'
29%2F08%2F2025#15%3A53#Simjrn#MZmV21j61zps#Question#Deleted%20question%20'MZmV21j61zps'%20from%20lesson%20'g9SvttjfikD2'
29%2F08%2F2025#15%3A52#Simjrn#Ssn0N1g6k7rf#Question#Deleted%20question%20'Ssn0N1g6k7rf'%20from%20lesson%20'g9SvttjfikD2'
29%2F08%2F2025#15%3A52#Simjrn#QLfwrKVKI9QQ#Question#Deleted%20question%20'QLfwrKVKI9QQ'%20from%20lesson%20'g9SvttjfikD2'
29%2F08%2F2025#15%3A52#Simjrn#M30PcxdLnzsZ#Question#Deleted%20question%20'M30PcxdLnzsZ'%20from%20lesson%20'g9SvttjfikD2'
29%2F08%2F2025#15%3A52#Simjrn#Tn2s2GooY5Fv#Question#Deleted%20question%20'Tn2s2GooY5Fv'%20from%20lesson%20'g9SvttjfikD2'
29%2F08%2F2025#15%3A51#Simjrn#DZpnqUUEXF4W#Question#Deleted%20question%20'DZpnqUUEXF4W'%20from%20lesson%20'g9SvttjfikD2'
29%2F08%2F2025#15%3A51#Simjrn#mv4zEcAJirKc#Question#Deleted%20question%20'mv4zEcAJirKc'%20from%20lesson%20'g9SvttjfikD2'
29%2F08%2F2025#15%3A51#Simjrn#kYRNGNnR9Gd0#Skill#Updated%20skill%20'Pets'%20details
29%2F08%2F2025#15%3A50#Simjrn#000000000000#Project#Updated%20project%20metadata
29%2F08%2F2025#15%3A50#Simjrn#000000000000#Project#Updated%20project%20metadata
29%2F08%2F2025#15%3A49#Simjrn#kYRNGNnR9Gd0#Sentences#Updated%20sentences%20for%20skill%20'Pets'
29%2F08%2F2025#15%3A45#Simjrn#kYRNGNnR9Gd0#Notes#Updated%20notes%20for%20skill%20'Pets'
29%2F08%2F2025#15%3A44#Simjrn#kYRNGNnR9Gd0#Vocab#Updated%20vocabulary%20for%20skill%20'Pets'
29%2F08%2F2025#15%3A43#Simjrn#kYRNGNnR9Gd0#Vocab#Updated%20vocabulary%20for%20skill%20'Pets'
29%2F08%2F2025#15%3A42#Simjrn#kYRNGNnR9Gd0#Notes#Updated%20notes%20for%20skill%20'Pets'
29%2F08%2F2025#15%3A40#Simjrn#000000000000#Project#Updated%20project%20metadata
29%2F08%2F2025#15%3A39#Simjrn#kYRNGNnR9Gd0#Notes#Updated%20notes%20for%20skill%20'Pets'
29%2F08%2F2025#15%3A39#Simjrn#kYRNGNnR9Gd0#Notes#Updated%20notes%20for%20skill%20'Pets'
29%2F08%2F2025#15%3A36#Simjrn#kYRNGNnR9Gd0#Vocab#Updated%20vocabulary%20for%20skill%20'Pets'
29%2F08%2F2025#15%3A34#Simjrn#kYRNGNnR9Gd0#Notes#Updated%20notes%20for%20skill%20'Pets'
29%2F08%2F2025#15%3A33#Simjrn#kYRNGNnR9Gd0#Skill#Updated%20skill%20'Pets'%20details
29%2F08%2F2025#15%3A32#Simjrn#kYRNGNnR9Gd0#Skill#Updated%20skill%20'Pets'%20details
29%2F08%2F2025#15%3A31#Simjrn#kYRNGNnR9Gd0#Skill#Updated%20skill%20'Pets'%20details
29%2F08%2F2025#15%3A22#Simjrn#kYRNGNnR9Gd0#Skill#Updated%20skill%20'New%20Skill'%20details
29%2F08%2F2025#15%3A22#Simjrn#kYRNGNnR9Gd0#Skill#Added%20new%20skill%20'New%20Skill'%20to%20unit%202
29%2F08%2F2025#15%3A18#Simjrn#000000000000#Project#Updated%20project%20metadata
29%2F08%2F2025#15%3A18#Simjrn#EXWBPf3eJ5nj#Sentences#Updated%20sentences%20for%20skill%20'Review'
29%2F08%2F2025#15%3A18#Simjrn#EXWBPf3eJ5nj#Vocab#Updated%20vocabulary%20for%20skill%20'Review'
29%2F08%2F2025#15%3A18#Simjrn#EXWBPf3eJ5nj#Notes#Updated%20notes%20for%20skill%20'Review'
29%2F08%2F2025#15%3A18#Simjrn#EXWBPf3eJ5nj#Skill#Updated%20skill%20'Review'%20details
29%2F08%2F2025#15%3A17#Simjrn#wWaBwKLfKRsf#Question#Deleted%20question%20'wWaBwKLfKRsf'%20from%20lesson%20'3RgS1OBbsoZW'
29%2F08%2F2025#15%3A16#Simjrn#fTI5wn0jyIap#Question#Added%20new%20'Match'%20question%20to%20lesson%20'3RgS1OBbsoZW'
29%2F08%2F2025#15%3A15#Simjrn#gr3WeteTUlsN#Question#Added%20new%20'Match'%20question%20to%20lesson%20'3RgS1OBbsoZW'
29%2F08%2F2025#15%3A14#Simjrn#3QaGmUjkzFoU#Question#Added%20new%20'Match'%20question%20to%20lesson%20'3RgS1OBbsoZW'
29%2F08%2F2025#15%3A12#Simjrn#000000000000#Project#Updated%20project%20metadata
29%2F08%2F2025#15%3A12#Simjrn#V17SxEPq2Adv#Question#Deleted%20question%20'V17SxEPq2Adv'%20from%20lesson%20'0UeIvAoCJLU8'
29%2F08%2F2025#15%3A12#Simjrn#kqPH3F7sKzLS#Question#Deleted%20question%20'kqPH3F7sKzLS'%20from%20lesson%20'0UeIvAoCJLU8'
29%2F08%2F2025#15%3A12#Simjrn#oi8RUtkCrcVV#Question#Deleted%20question%20'oi8RUtkCrcVV'%20from%20lesson%20'0UeIvAoCJLU8'
29%2F08%2F2025#15%3A11#Simjrn#sH2mTiZSNjwg#Question#Deleted%20question%20'sH2mTiZSNjwg'%20from%20lesson%20'0UeIvAoCJLU8'
29%2F08%2F2025#15%3A11#Simjrn#CGQr8MuKPu0r#Question#Deleted%20question%20'CGQr8MuKPu0r'%20from%20lesson%20'0UeIvAoCJLU8'
29%2F08%2F2025#15%3A11#Simjrn#7cXBnpWTCx46#Question#Deleted%20question%20'7cXBnpWTCx46'%20from%20lesson%20'0UeIvAoCJLU8'
29%2F08%2F2025#15%3A11#Simjrn#3TXaX0Q41zCr#Question#Deleted%20question%20'3TXaX0Q41zCr'%20from%20lesson%20'0UeIvAoCJLU8'
29%2F08%2F2025#15%3A10#Simjrn#DLAZ1OblVumr#Question#Deleted%20question%20'DLAZ1OblVumr'%20from%20lesson%20'0UeIvAoCJLU8'
29%2F08%2F2025#15%3A10#Simjrn#np31ZicgWRSw#Question#Deleted%20question%20'np31ZicgWRSw'%20from%20lesson%20'8YBFGCKgjdKI'
29%2F08%2F2025#15%3A10#Simjrn#BylxW0udHjPl#Question#Deleted%20question%20'BylxW0udHjPl'%20from%20lesson%20'8YBFGCKgjdKI'
29%2F08%2F2025#15%3A10#Simjrn#qjbjAOZiT69h#Question#Deleted%20question%20'qjbjAOZiT69h'%20from%20lesson%20'8YBFGCKgjdKI'
29%2F08%2F2025#15%3A10#Simjrn#MTxjJZ6jUGVH#Question#Deleted%20question%20'MTxjJZ6jUGVH'%20from%20lesson%20'8YBFGCKgjdKI'
29%2F08%2F2025#15%3A10#Simjrn#5DJ0vK71rLCr#Question#Deleted%20question%20'5DJ0vK71rLCr'%20from%20lesson%20'8YBFGCKgjdKI'
29%2F08%2F2025#15%3A10#Simjrn#8NWrlvVJpjje#Question#Deleted%20question%20'8NWrlvVJpjje'%20from%20lesson%20'8YBFGCKgjdKI'
29%2F08%2F2025#15%3A09#Simjrn#G9o6AFqzdKVY#Question#Deleted%20question%20'G9o6AFqzdKVY'%20from%20lesson%20'8YBFGCKgjdKI'
29%2F08%2F2025#15%3A09#Simjrn#IzmN23ME3VRE#Question#Deleted%20question%20'IzmN23ME3VRE'%20from%20lesson%20'8YBFGCKgjdKI'
29%2F08%2F2025#15%3A09#Simjrn#blVIIQ8oLnJW#Question#Deleted%20question%20'blVIIQ8oLnJW'%20from%20lesson%20'8YBFGCKgjdKI'
29%2F08%2F2025#15%3A09#Simjrn#3qIARtpKtZZn#Question#Deleted%20question%20'3qIARtpKtZZn'%20from%20lesson%20'8YBFGCKgjdKI'
29%2F08%2F2025#15%3A09#Simjrn#XaB9qFcDtx5U#Question#Deleted%20question%20'XaB9qFcDtx5U'%20from%20lesson%20'8YBFGCKgjdKI'
29%2F08%2F2025#15%3A09#Simjrn#kBqmNQflExGP#Question#Deleted%20question%20'kBqmNQflExGP'%20from%20lesson%20'8YBFGCKgjdKI'
29%2F08%2F2025#15%3A09#Simjrn#RS4HAJ8LFact#Question#Deleted%20question%20'RS4HAJ8LFact'%20from%20lesson%20'8YBFGCKgjdKI'
29%2F08%2F2025#15%3A09#Simjrn#92PHa3QZotWP#Question#Deleted%20question%20'92PHa3QZotWP'%20from%20lesson%20'8YBFGCKgjdKI'
29%2F08%2F2025#15%3A09#Simjrn#x3Opyi2uow3b#Question#Deleted%20question%20'x3Opyi2uow3b'%20from%20lesson%20'ZOjdtyxpKYKu'
29%2F08%2F2025#15%3A09#Simjrn#ukts6DPok2dO#Question#Deleted%20question%20'ukts6DPok2dO'%20from%20lesson%20'ZOjdtyxpKYKu'
29%2F08%2F2025#15%3A09#Simjrn#2AOKlNGSu6rp#Question#Deleted%20question%20'2AOKlNGSu6rp'%20from%20lesson%20'ZOjdtyxpKYKu'
29%2F08%2F2025#15%3A09#Simjrn#o1wQvx7Z5JVS#Question#Deleted%20question%20'o1wQvx7Z5JVS'%20from%20lesson%20'ZOjdtyxpKYKu'
29%2F08%2F2025#15%3A08#Simjrn#4jxzYj4hVm1v#Question#Deleted%20question%20'4jxzYj4hVm1v'%20from%20lesson%20'ZOjdtyxpKYKu'
29%2F08%2F2025#15%3A08#Simjrn#Bc4BHVGvdUEU#Question#Deleted%20question%20'Bc4BHVGvdUEU'%20from%20lesson%20'ZOjdtyxpKYKu'
29%2F08%2F2025#15%3A08#Simjrn#eoKDWUSDc2DV#Question#Deleted%20question%20'eoKDWUSDc2DV'%20from%20lesson%20'ZOjdtyxpKYKu'
29%2F08%2F2025#15%3A08#Simjrn#S45mGrh9moDv#Question#Deleted%20question%20'S45mGrh9moDv'%20from%20lesson%20'ZOjdtyxpKYKu'
29%2F08%2F2025#15%3A08#Simjrn#hM71MA4qiMoQ#Question#Deleted%20question%20'hM71MA4qiMoQ'%20from%20lesson%20'ZOjdtyxpKYKu'
29%2F08%2F2025#15%3A08#Simjrn#UmzFMAhf0Pv9#Question#Deleted%20question%20'UmzFMAhf0Pv9'%20from%20lesson%20'ZOjdtyxpKYKu'
29%2F08%2F2025#15%3A08#Simjrn#0UwMvmJSlLFs#Question#Deleted%20question%20'0UwMvmJSlLFs'%20from%20lesson%20'ZOjdtyxpKYKu'
29%2F08%2F2025#15%3A08#Simjrn#zVp0pHTztKXO#Question#Deleted%20question%20'zVp0pHTztKXO'%20from%20lesson%20'ZOjdtyxpKYKu'
29%2F08%2F2025#15%3A08#Simjrn#f2HEVGVEDICY#Question#Deleted%20question%20'f2HEVGVEDICY'%20from%20lesson%20'ZOjdtyxpKYKu'
29%2F08%2F2025#15%3A08#Simjrn#u3Ryzb4eYvBt#Lesson#Deleted%20lesson%204%20from%20skill%20'fYKBLDeM3hzV'
29%2F08%2F2025#15%3A08#Simjrn#ZYG6WrJKtJig#Lesson#Deleted%20lesson%205%20from%20skill%20'fYKBLDeM3hzV'
29%2F08%2F2025#15%3A07#Simjrn#fYKBLDeM3hzV#Skill#Updated%20skill%20'Basic%20phrases'%20details
29%2F08%2F2025#14%3A45#Simjrn#000000000000#Project#Updated%20project%20metadata
29%2F08%2F2025#14%3A45#Simjrn#fYKBLDeM3hzV#Skill#Updated%20skill%20'Basic%20phrases'%20details
29%2F08%2F2025#14%3A44#Simjrn#fYKBLDeM3hzV#Sentences#Updated%20sentences%20for%20skill%20'Basic%20phrases'
29%2F08%2F2025#14%3A38#Simjrn#fYKBLDeM3hzV#Vocab#Updated%20vocabulary%20for%20skill%20'Basic%20phrases'
29%2F08%2F2025#14%3A38#Simjrn#fYKBLDeM3hzV#Vocab#Updated%20vocabulary%20for%20skill%20'Basic%20phrases'
29%2F08%2F2025#14%3A37#Simjrn#fYKBLDeM3hzV#Vocab#Updated%20vocabulary%20for%20skill%20'Basic%20phrases'
29%2F08%2F2025#14%3A34#Simjrn#fYKBLDeM3hzV#Notes#Updated%20notes%20for%20skill%20'Basic%20phrases'
29%2F08%2F2025#14%3A34#Simjrn#fYKBLDeM3hzV#Skill#Updated%20skill%20'Basic%20phrases'%20details
29%2F08%2F2025#14%3A33#Simjrn#fYKBLDeM3hzV#Skill#Updated%20skill%20'Basic%20phrases'%20details
29%2F08%2F2025#14%3A33#Simjrn#fYKBLDeM3hzV#Skill#Added%20new%20skill%20'New%20Skill'%20to%20unit%200
29%2F08%2F2025#14%3A18#Simjrn#000000000000#Project#Updated%20project%20metadata
29%2F08%2F2025#14%3A17#Simjrn#oCzinVCyLfoh#Question#Added%20new%20'FlashCard'%20question%20to%20lesson%20'JxqaEjHwUEXq'
29%2F08%2F2025#14%3A15#Simjrn#9Oa7kAqftjRF#Question#Added%20new%20'ImagePick'%20question%20to%20lesson%20'JxqaEjHwUEXq'
29%2F08%2F2025#14%3A15#Simjrn#chaXJO7tIaef#Question#Added%20new%20'SpellingPick'%20question%20to%20lesson%20'JxqaEjHwUEXq'
29%2F08%2F2025#14%3A14#Simjrn#3Z3M6A8l9mra#Question#Added%20new%20'PickMissingWord'%20question%20to%20lesson%20'JxqaEjHwUEXq'
29%2F08%2F2025#14%3A14#Simjrn#ejBnwnKug7Xz#Question#Added%20new%20'FlashCard'%20question%20to%20lesson%20'JxqaEjHwUEXq'
29%2F08%2F2025#14%3A13#Simjrn#3MfrW4PSwzzF#Question#Deleted%20question%20'3MfrW4PSwzzF'%20from%20lesson%20'JxqaEjHwUEXq'
29%2F08%2F2025#14%3A13#Simjrn#3MfrW4PSwzzF#Question#Added%20new%20'Match'%20question%20to%20lesson%20'JxqaEjHwUEXq'
29%2F08%2F2025#14%3A12#Simjrn#ELue59rocS9O#Question#Added%20new%20'Match'%20question%20to%20lesson%20'JxqaEjHwUEXq'
29%2F08%2F2025#14%3A10#Simjrn#JxqaEjHwUEXq#Lesson#Added%20new%20lesson%203%20to%20skill%20'LMJskZwdHsKZ'
29%2F08%2F2025#13%3A34#Simjrn#000000000000#Project#Updated%20project%20metadata
29%2F08%2F2025#13%3A29#Simjrn#uPHZSRGF12cX#Question#Added%20new%20'Match'%20question%20to%20lesson%20'e2NFCht5tOET'
29%2F08%2F2025#13%3A29#Simjrn#X9Avk30L5Jue#Question#Added%20new%20'Match'%20question%20to%20lesson%20'e2NFCht5tOET'
29%2F08%2F2025#13%3A28#Simjrn#mUkxvYWlJJgh#Question#Added%20new%20'Match'%20question%20to%20lesson%20'e2NFCht5tOET'
29%2F08%2F2025#13%3A27#Simjrn#req5sKe19Z6B#Question#Deleted%20question%20'req5sKe19Z6B'%20from%20lesson%20'e2NFCht5tOET'
29%2F08%2F2025#13%3A27#Simjrn#NRbd8FzHHYIg#Question#Added%20new%20'Match'%20question%20to%20lesson%20'e2NFCht5tOET'
29%2F08%2F2025#13%3A27#Simjrn#gmX8SP3FBuF9#Question#Deleted%20question%20'gmX8SP3FBuF9'%20from%20lesson%20'e2NFCht5tOET'
29%2F08%2F2025#13%3A26#Simjrn#e2NFCht5tOET#Lesson#Added%20new%20lesson%202%20to%20skill%20'09I6P86CnW33'
29%2F08%2F2025#13%3A25#Simjrn#f5M39bhnVnGI#Vocab#Updated%20vocabulary%20for%20skill%20'Foods'
29%2F08%2F2025#13%3A24#Simjrn#uX6RJ8RZ3fML#Question#Added%20new%20'WriteWords'%20question%20to%20lesson%20'dNOZupXYbK4d'
29%2F08%2F2025#13%3A22#Simjrn#krPXBjQQujY2#Question#Added%20new%20'WriteWords'%20question%20to%20lesson%20'dNOZupXYbK4d'
29%2F08%2F2025#13%3A22#Simjrn#9ZoM2s2CaSNx#Question#Added%20new%20'WriteWords'%20question%20to%20lesson%20'dNOZupXYbK4d'
29%2F08%2F2025#13%3A20#Simjrn#DLLjSuO9C8V0#Question#Added%20new%20'WriteWords'%20question%20to%20lesson%20'dNOZupXYbK4d'
29%2F08%2F2025#13%3A18#Simjrn#5OKIoFSXBiFR#Question#Added%20new%20'WriteWords'%20question%20to%20lesson%20'dNOZupXYbK4d'
29%2F08%2F2025#13%3A17#Simjrn#zKPnGlT03mOj#Question#Added%20new%20'WriteWords'%20question%20to%20lesson%20'dNOZupXYbK4d'
29%2F08%2F2025#13%3A16#Simjrn#NUrEQrrtMbJM#Question#Added%20new%20'WriteWords'%20question%20to%20lesson%20'dNOZupXYbK4d'
29%2F08%2F2025#13%3A15#Simjrn#eOXkWrXJyw8s#Question#Deleted%20question%20'eOXkWrXJyw8s'%20from%20lesson%20'dNOZupXYbK4d'
29%2F08%2F2025#13%3A15#Simjrn#tX0urZ7vXRpo#Question#Added%20new%20'WriteWords'%20question%20to%20lesson%20'dNOZupXYbK4d'
29%2F08%2F2025#13%3A14#Simjrn#000000000000#Project#Updated%20project%20metadata
29%2F08%2F2025#13%3A13#Simjrn#000000000000#Project#Updated%20project%20metadata
29%2F08%2F2025#13%3A13#Simjrn#000000000000#Project#Updated%20project%20metadata
29%2F08%2F2025#13%3A13#Simjrn#000000000000#Project#Updated%20project%20metadata
29%2F08%2F2025#12%3A52#Simjrn#000000000000#Project#Updated%20project%20metadata
29%2F08%2F2025#12%3A50#Simjrn#UtKs0RjktykLt7YNwt.mp3#Audio#Saved%20audio%20file%20'UtKs0RjktykLt7YNwt.mp3'
29%2F08%2F2025#12%3A49#Simjrn#51DOhan6dTnkZChh1w.mp3#Audio#Saved%20audio%20file%20'51DOhan6dTnkZChh1w.mp3'
29%2F08%2F2025#12%3A48#Simjrn#audio_match_id2.mp3#Audio#Saved%20audio%20file%20'audio_match_id2.mp3'
29%2F08%2F2025#12%3A47#Simjrn#audio_match_id1.mp3#Audio#Saved%20audio%20file%20'audio_match_id1.mp3'
29%2F08%2F2025#12%3A46#Simjrn#3T5gTAjEZjRr#Question#Added%20new%20'AudioMatch'%20question%20to%20lesson%20'og7VVyguCV3Q'
29%2F08%2F2025#12%3A46#Simjrn#VgQli9z8tiBdp2gH7G.mp3#Audio#Saved%20audio%20file%20'VgQli9z8tiBdp2gH7G.mp3'
29%2F08%2F2025#12%3A45#Simjrn#ILf45zrIuNgYNdCvYI.mp3#Audio#Saved%20audio%20file%20'ILf45zrIuNgYNdCvYI.mp3'
29%2F08%2F2025#12%3A44#Simjrn#audio_match_id2.mp3#Audio#Saved%20audio%20file%20'audio_match_id2.mp3'
29%2F08%2F2025#12%3A43#Simjrn#audio_match_id1.mp3#Audio#Saved%20audio%20file%20'audio_match_id1.mp3'
29%2F08%2F2025#12%3A41#Simjrn#IeZ6mrzKjiuO#Question#Deleted%20question%20'IeZ6mrzKjiuO'%20from%20lesson%20'og7VVyguCV3Q'
29%2F08%2F2025#12%3A41#Simjrn#dGrCpaTLQPTO#Question#Added%20new%20'AudioMatch'%20question%20to%20lesson%20'og7VVyguCV3Q'
29%2F08%2F2025#12%3A41#Simjrn#vqAQfT5HtC7Z#Question#Deleted%20question%20'vqAQfT5HtC7Z'%20from%20lesson%20'og7VVyguCV3Q'
29%2F08%2F2025#12%3A34#Simjrn#sjwcFTAQSGeY#Question#Deleted%20question%20'sjwcFTAQSGeY'%20from%20lesson%20'dNOZupXYbK4d'
29%2F08%2F2025#12%3A34#Simjrn#eOXkWrXJyw8s#Question#Added%20new%20'Match'%20question%20to%20lesson%20'dNOZupXYbK4d'
29%2F08%2F2025#12%3A34#Simjrn#hPGb0A4eATx5#Question#Deleted%20question%20'hPGb0A4eATx5'%20from%20lesson%20'dNOZupXYbK4d'
29%2F08%2F2025#12%3A34#Simjrn#yc98tvXBhrRM#Question#Deleted%20question%20'yc98tvXBhrRM'%20from%20lesson%20'dNOZupXYbK4d'
29%2F08%2F2025#12%3A34#Simjrn#SnR5jnIsHwOr#Question#Deleted%20question%20'SnR5jnIsHwOr'%20from%20lesson%20'dNOZupXYbK4d'
29%2F08%2F2025#12%3A33#Simjrn#Fkyy5bvDdOOA#Question#Deleted%20question%20'Fkyy5bvDdOOA'%20from%20lesson%20'dNOZupXYbK4d'
29%2F08%2F2025#12%3A33#Simjrn#vQUjjRFFCTIG#Question#Deleted%20question%20'vQUjjRFFCTIG'%20from%20lesson%20'dNOZupXYbK4d'
29%2F08%2F2025#12%3A33#Simjrn#kTymiayNiF3N#Question#Deleted%20question%20'kTymiayNiF3N'%20from%20lesson%20'dNOZupXYbK4d'
29%2F08%2F2025#12%3A33#Simjrn#ih8VvjLw1qlm#Question#Deleted%20question%20'ih8VvjLw1qlm'%20from%20lesson%20'dNOZupXYbK4d'
29%2F08%2F2025#12%3A33#Simjrn#210s6JWZPp5R#Question#Deleted%20question%20'210s6JWZPp5R'%20from%20lesson%20'dNOZupXYbK4d'
29%2F08%2F2025#12%3A33#Simjrn#8Pfa7oZ0DVdj#Question#Deleted%20question%20'8Pfa7oZ0DVdj'%20from%20lesson%20'dNOZupXYbK4d'
29%2F08%2F2025#12%3A33#Simjrn#In9i7h9FDQRl#Question#Deleted%20question%20'In9i7h9FDQRl'%20from%20lesson%20'dNOZupXYbK4d'
29%2F08%2F2025#12%3A33#Simjrn#m7GPocatdrxi#Question#Deleted%20question%20'm7GPocatdrxi'%20from%20lesson%20'dNOZupXYbK4d'
29%2F08%2F2025#12%3A33#Simjrn#3LyiYh5oysDl#Question#Deleted%20question%20'3LyiYh5oysDl'%20from%20lesson%20'dNOZupXYbK4d'
29%2F08%2F2025#12%3A33#Simjrn#cZGeMKZhm0IC#Question#Deleted%20question%20'cZGeMKZhm0IC'%20from%20lesson%20'dNOZupXYbK4d'
29%2F08%2F2025#12%3A33#Simjrn#bzR7zHeQ5dFP#Question#Deleted%20question%20'bzR7zHeQ5dFP'%20from%20lesson%20'dNOZupXYbK4d'
29%2F08%2F2025#12%3A33#Simjrn#s8CWy0KoO2PX#Question#Deleted%20question%20's8CWy0KoO2PX'%20from%20lesson%20'dNOZupXYbK4d'
29%2F08%2F2025#12%3A33#Simjrn#XFsksJaVlmxS#Question#Deleted%20question%20'XFsksJaVlmxS'%20from%20lesson%20'dNOZupXYbK4d'
29%2F08%2F2025#12%3A33#Simjrn#uvJGlAYYV4Vw#Question#Deleted%20question%20'uvJGlAYYV4Vw'%20from%20lesson%20'dNOZupXYbK4d'
29%2F08%2F2025#12%3A33#Simjrn#FgBQKjqBHFcC#Question#Deleted%20question%20'FgBQKjqBHFcC'%20from%20lesson%20'dNOZupXYbK4d'
29%2F08%2F2025#12%3A33#Simjrn#HR7Bm9FgOGwO#Question#Deleted%20question%20'HR7Bm9FgOGwO'%20from%20lesson%20'dNOZupXYbK4d'
29%2F08%2F2025#12%3A33#Simjrn#QYAOh1XJABxB#Question#Deleted%20question%20'QYAOh1XJABxB'%20from%20lesson%20'dNOZupXYbK4d'
29%2F08%2F2025#12%3A32#Simjrn#OJzW8SbLiEq5#Lesson#Deleted%20lesson%201%20from%20skill%20'09I6P86CnW33'
29%2F08%2F2025#12%3A32#Simjrn#PRBmkqDooO4U#Lesson#Deleted%20lesson%201%20from%20skill%20'09I6P86CnW33'
29%2F08%2F2025#12%3A32#Simjrn#tcArS9cYp84x#Lesson#Deleted%20lesson%201%20from%20skill%20'09I6P86CnW33'
29%2F08%2F2025#12%3A32#Simjrn#GPBLJrUFz9oO#Lesson#Deleted%20lesson%201%20from%20skill%20'09I6P86CnW33'
29%2F08%2F2025#12%3A32#Simjrn#GZCnOHnEENWt#Question#Deleted%20question%20'GZCnOHnEENWt'%20from%20lesson%20'GPBLJrUFz9oO'
29%2F08%2F2025#12%3A32#Simjrn#woIOdx61CIBz#Question#Deleted%20question%20'woIOdx61CIBz'%20from%20lesson%20'GPBLJrUFz9oO'
29%2F08%2F2025#12%3A32#Simjrn#KLHky2ffHkjx#Question#Deleted%20question%20'KLHky2ffHkjx'%20from%20lesson%20'GPBLJrUFz9oO'
29%2F08%2F2025#12%3A31#Simjrn#7kRCafdtTJ2L#Question#Deleted%20question%20'7kRCafdtTJ2L'%20from%20lesson%20'GPBLJrUFz9oO'
29%2F08%2F2025#12%3A31#Simjrn#jNRw3y6ljc9J#Question#Deleted%20question%20'jNRw3y6ljc9J'%20from%20lesson%20'GPBLJrUFz9oO'
29%2F08%2F2025#12%3A31#Simjrn#p9wcFPW9zFGa#Question#Deleted%20question%20'p9wcFPW9zFGa'%20from%20lesson%20'GPBLJrUFz9oO'
29%2F08%2F2025#12%3A31#Simjrn#wlKMXpOF9wvP#Question#Deleted%20question%20'wlKMXpOF9wvP'%20from%20lesson%20'GPBLJrUFz9oO'
29%2F08%2F2025#12%3A31#Simjrn#POPLUn3f9oT9#Question#Deleted%20question%20'POPLUn3f9oT9'%20from%20lesson%20'GPBLJrUFz9oO'
29%2F08%2F2025#11%3A28#Simjrn#FZtAYr9I0o4R#Question#Deleted%20question%20'FZtAYr9I0o4R'%20from%20lesson%20'GPBLJrUFz9oO'
29%2F08%2F2025#11%3A28#Simjrn#oV2Vcj1TdKSu#Question#Deleted%20question%20'oV2Vcj1TdKSu'%20from%20lesson%20'GPBLJrUFz9oO'
29%2F08%2F2025#11%3A28#Simjrn#2L0SwJnwB6nc#Question#Deleted%20question%20'2L0SwJnwB6nc'%20from%20lesson%20'GPBLJrUFz9oO'
29%2F08%2F2025#11%3A28#Simjrn#09I6P86CnW33#Skill#Updated%20skill%20'To%20have'%20details
29%2F08%2F2025#11%3A27#Simjrn#000000000000#Project#Updated%20project%20metadata
29%2F08%2F2025#11%3A27#Simjrn#09I6P86CnW33#Sentences#Updated%20sentences%20for%20skill%20'To%20have'
29%2F08%2F2025#11%3A26#Simjrn#09I6P86CnW33#Sentences#Updated%20sentences%20for%20skill%20'To%20have'
29%2F08%2F2025#11%3A26#Simjrn#09I6P86CnW33#Vocab#Updated%20vocabulary%20for%20skill%20'To%20have'
29%2F08%2F2025#11%3A23#Simjrn#09I6P86CnW33#Skill#Updated%20skill%20'To%20have'%20details
29%2F08%2F2025#11%3A22#Simjrn#09I6P86CnW33#Skill#Updated%20skill%20'To%20have'%20details
29%2F08%2F2025#11%3A22#Simjrn#09I6P86CnW33#Skill#Updated%20skill%20'To%20have'%20details
29%2F08%2F2025#11%3A21#Simjrn#09I6P86CnW33#Skill#Updated%20skill%20'New%20Skill'%20details
29%2F08%2F2025#11%3A21#Simjrn#09I6P86CnW33#Skill#Updated%20skill%20'New%20Skill'%20details
29%2F08%2F2025#11%3A21#Simjrn#4#Unit#Added%20new%20unit%204
29%2F08%2F2025#11%3A21#Simjrn#000000000000#Project#Updated%20project%20metadata
29%2F08%2F2025#11%3A21#Simjrn#ZwGjw0czI6CN#Sentences#Updated%20sentences%20for%20skill%20'Phonology'
29%2F08%2F2025#11%3A20#Simjrn#ZwGjw0czI6CN#Vocab#Updated%20vocabulary%20for%20skill%20'Phonology'
29%2F08%2F2025#10%3A54#Simjrn#000000000000#Project#Updated%20project%20metadata
29%2F08%2F2025#10%3A46#Simjrn#000000000000#Project#Updated%20project%20metadata
29%2F08%2F2025#10%3A12#Simjrn#000000000000#Project#Updated%20project%20metadata
29%2F08%2F2025#10%3A11#Simjrn#EXWBPf3eJ5nj#Skill#Updated%20skill%20'Review'%20details
29%2F08%2F2025#10%3A10#Simjrn#000000000000#Project#Updated%20project%20metadata
29%2F08%2F2025#10%3A00#Simjrn#EXWBPf3eJ5nj#Skill#Updated%20skill%20'Review'%20details
29%2F08%2F2025#09%3A59#Simjrn#wWaBwKLfKRsf#Question#Added%20new%20'PickOne'%20question%20to%20lesson%20'3RgS1OBbsoZW'
29%2F08%2F2025#09%3A59#Simjrn#CzXyjU8j67M5#Question#Added%20new%20'Match'%20question%20to%20lesson%20'3RgS1OBbsoZW'
29%2F08%2F2025#09%3A59#Simjrn#b5iCOqGMXVqE#Question#Added%20new%20'Match'%20question%20to%20lesson%20'3RgS1OBbsoZW'
29%2F08%2F2025#09%3A59#Simjrn#XICcjI9j93up#Question#Added%20new%20'Match'%20question%20to%20lesson%20'3RgS1OBbsoZW'
29%2F08%2F2025#09%3A59#Simjrn#qXmt83P0pPaq#Question#Added%20new%20'Match'%20question%20to%20lesson%20'3RgS1OBbsoZW'
29%2F08%2F2025#09%3A59#Simjrn#yWt5uSEwf9CU#Question#Added%20new%20'Match'%20question%20to%20lesson%20'3RgS1OBbsoZW'
29%2F08%2F2025#09%3A59#Simjrn#bX9J2S6o2MYu#Question#Added%20new%20'Match'%20question%20to%20lesson%20'3RgS1OBbsoZW'
29%2F08%2F2025#09%3A59#Simjrn#pvdzwnzwDthB#Question#Added%20new%20'Match'%20question%20to%20lesson%20'3RgS1OBbsoZW'
29%2F08%2F2025#09%3A59#Simjrn#gxEnAtaLDsF1#Question#Added%20new%20'Match'%20question%20to%20lesson%20'3RgS1OBbsoZW'
29%2F08%2F2025#09%3A59#Simjrn#skWM5DzvXfX5#Question#Added%20new%20'Match'%20question%20to%20lesson%20'3RgS1OBbsoZW'
29%2F08%2F2025#09%3A59#Simjrn#FqlqtiljqzlF#Question#Added%20new%20'Match'%20question%20to%20lesson%20'3RgS1OBbsoZW'
29%2F08%2F2025#09%3A58#Simjrn#0WNbqhTcyuq3#Question#Deleted%20question%20'0WNbqhTcyuq3'%20from%20lesson%20'3RgS1OBbsoZW'
29%2F08%2F2025#09%3A58#Simjrn#aTrclJmawkeO#Question#Added%20new%20'Match'%20question%20to%20lesson%20'3RgS1OBbsoZW'
29%2F08%2F2025#09%3A58#Simjrn#2p6SysRHAdaa#Question#Deleted%20question%20'2p6SysRHAdaa'%20from%20lesson%20'3RgS1OBbsoZW'
29%2F08%2F2025#09%3A58#Simjrn#EXWBPf3eJ5nj#Skill#Updated%20skill%20'Review'%20details
29%2F08%2F2025#09%3A58#Simjrn#EXWBPf3eJ5nj#Skill#Updated%20skill%20'Review'%20details
29%2F08%2F2025#09%3A58#Simjrn#EXWBPf3eJ5nj#Skill#Added%20new%20skill%20'New%20Skill'%20to%20unit%202
29%2F08%2F2025#09%3A58#Simjrn#000000000000#Project#Updated%20project%20metadata
29%2F08%2F2025#09%3A57#Simjrn#ZwGjw0czI6CN#Skill#Updated%20skill%20'Phonology'%20details
29%2F08%2F2025#09%3A57#Simjrn#ZwGjw0czI6CN#Skill#Updated%20skill%20'Phonology'%20details
29%2F08%2F2025#09%3A57#Simjrn#ZwGjw0czI6CN#Sentences#Updated%20sentences%20for%20skill%20'Phonology'
29%2F08%2F2025#09%3A57#Simjrn#ZwGjw0czI6CN#Vocab#Updated%20vocabulary%20for%20skill%20'Phonology'
29%2F08%2F2025#09%3A56#Simjrn#ZwGjw0czI6CN#Vocab#Updated%20vocabulary%20for%20skill%20'Phonology'
29%2F08%2F2025#09%3A56#Simjrn#ZwGjw0czI6CN#Notes#Updated%20notes%20for%20skill%20'Phonology'
29%2F08%2F2025#09%3A56#Simjrn#ZwGjw0czI6CN#Skill#Updated%20skill%20'Phonology'%20details
29%2F08%2F2025#09%3A55#Simjrn#ZwGjw0czI6CN#Skill#Updated%20skill%20'Phonology'%20details
29%2F08%2F2025#09%3A55#Simjrn#3#Unit#Added%20new%20unit%203
29%2F08%2F2025#09%3A55#Simjrn#000000000000#Project#Updated%20project%20metadata
28%2F08%2F2025#18%3A13#Simjrn#000000000000#Project#Updated%20project%20metadata
28%2F08%2F2025#18%3A11#Simjrn#0PVQyJKds7Xw#Question#Deleted%20question%20'0PVQyJKds7Xw'%20from%20lesson%20'ilbj5ADMe7Nj'
28%2F08%2F2025#18%3A10#Simjrn#caaGezb3doAA#Question#Deleted%20question%20'caaGezb3doAA'%20from%20lesson%20'ilbj5ADMe7Nj'
28%2F08%2F2025#17%3A57#Simjrn#0PVQyJKds7Xw#Question#Added%20new%20'Match'%20question%20to%20lesson%20'ilbj5ADMe7Nj'
28%2F08%2F2025#17%3A56#Simjrn#caaGezb3doAA#Question#Added%20new%20'Match'%20question%20to%20lesson%20'ilbj5ADMe7Nj'
28%2F08%2F2025#17%3A56#Simjrn#jSFRPbLKOhpb#Question#Added%20new%20'Match'%20question%20to%20lesson%20'ilbj5ADMe7Nj'
28%2F08%2F2025#17%3A56#Simjrn#1PHAO4VUmkzP#Question#Added%20new%20'Match'%20question%20to%20lesson%20'ilbj5ADMe7Nj'
28%2F08%2F2025#17%3A56#Simjrn#OpkXzLL7NL9U#Question#Added%20new%20'Match'%20question%20to%20lesson%20'ilbj5ADMe7Nj'
28%2F08%2F2025#17%3A56#Simjrn#RANLFnhcFLkB#Question#Deleted%20question%20'RANLFnhcFLkB'%20from%20lesson%20'ilbj5ADMe7Nj'
28%2F08%2F2025#17%3A56#Simjrn#s5i8EX2HVNkn#Question#Added%20new%20'Match'%20question%20to%20lesson%20'ilbj5ADMe7Nj'
28%2F08%2F2025#17%3A56#Simjrn#eJJ9VHLFciwF#Question#Deleted%20question%20'eJJ9VHLFciwF'%20from%20lesson%20'ilbj5ADMe7Nj'
28%2F08%2F2025#17%3A55#Simjrn#8YqwWvQK8kf0#Sentences#Updated%20sentences%20for%20skill%20'Articles'
28%2F08%2F2025#17%3A54#Simjrn#8YqwWvQK8kf0#Vocab#Updated%20vocabulary%20for%20skill%20'Articles'
28%2F08%2F2025#17%3A52#Simjrn#8YqwWvQK8kf0#Skill#Updated%20skill%20'Articles'%20details
28%2F08%2F2025#17%3A52#Simjrn#8YqwWvQK8kf0#Skill#Updated%20skill%20'Articles'%20details
28%2F08%2F2025#17%3A51#Simjrn#8YqwWvQK8kf0#Notes#Updated%20notes%20for%20skill%20'New%20Skill'
28%2F08%2F2025#17%3A50#Simjrn#f5M39bhnVnGI#Skill#Updated%20skill%20'Foods'%20details
28%2F08%2F2025#17%3A50#Simjrn#X737JxV5GyTv#Skill#Updated%20skill%20'The%20future'%20details
28%2F08%2F2025#17%3A50#Simjrn#8YqwWvQK8kf0#Skill#Updated%20skill%20'New%20Skill'%20details
28%2F08%2F2025#17%3A49#Simjrn#8YqwWvQK8kf0#Skill#Updated%20skill%20'New%20Skill'%20details
28%2F08%2F2025#17%3A49#Simjrn#8YqwWvQK8kf0#Skill#Updated%20skill%20'New%20Skill'%20details
28%2F08%2F2025#17%3A49#Simjrn#8YqwWvQK8kf0#Skill#Updated%20skill%20'New%20Skill'%20details
28%2F08%2F2025#17%3A46#Simjrn#2#Unit#Added%20new%20unit%202
28%2F08%2F2025#17%3A46#Simjrn#000000000000#Project#Updated%20project%20metadata
28%2F08%2F2025#17%3A17#Simjrn#000000000000#Project#Updated%20project%20metadata
28%2F08%2F2025#17%3A16#Simjrn#8jQxFdoc3UG0#Question#Deleted%20question%20'8jQxFdoc3UG0'%20from%20lesson%20'JqccFtXzGfGs'
28%2F08%2F2025#17%3A16#Simjrn#nTr8CYkoN5nj#Question#Deleted%20question%20'nTr8CYkoN5nj'%20from%20lesson%20'JqccFtXzGfGs'
28%2F08%2F2025#17%3A15#Simjrn#lteXqbYWOl7t#Question#Deleted%20question%20'lteXqbYWOl7t'%20from%20lesson%20'JqccFtXzGfGs'
28%2F08%2F2025#17%3A15#Simjrn#dBb9vasFxHST#Question#Deleted%20question%20'dBb9vasFxHST'%20from%20lesson%20'JqccFtXzGfGs'
28%2F08%2F2025#17%3A15#Simjrn#atH8hLgCtBVn#Question#Deleted%20question%20'atH8hLgCtBVn'%20from%20lesson%20'JqccFtXzGfGs'
28%2F08%2F2025#17%3A14#Simjrn#YC100DlzkfMF#Question#Deleted%20question%20'YC100DlzkfMF'%20from%20lesson%20'WIoRMP8JocNe'
28%2F08%2F2025#17%3A14#Simjrn#q3mvQ1Lqhezn#Question#Deleted%20question%20'q3mvQ1Lqhezn'%20from%20lesson%20'WIoRMP8JocNe'
28%2F08%2F2025#17%3A14#Simjrn#HnisC8xHwKo0#Question#Deleted%20question%20'HnisC8xHwKo0'%20from%20lesson%20'WIoRMP8JocNe'
28%2F08%2F2025#17%3A14#Simjrn#7PCSbfrPwhx5#Question#Deleted%20question%20'7PCSbfrPwhx5'%20from%20lesson%20'WIoRMP8JocNe'
28%2F08%2F2025#17%3A14#Simjrn#ylLYyy4o6noM#Question#Deleted%20question%20'ylLYyy4o6noM'%20from%20lesson%20'WIoRMP8JocNe'
28%2F08%2F2025#17%3A12#Simjrn#NEILKkcbASG7#Question#Deleted%20question%20'NEILKkcbASG7'%20from%20lesson%20'yDkjD9DdSTUC'
28%2F08%2F2025#17%3A12#Simjrn#BmbaqWPTrH0t#Question#Deleted%20question%20'BmbaqWPTrH0t'%20from%20lesson%20'yDkjD9DdSTUC'
28%2F08%2F2025#17%3A12#Simjrn#Bubxp2IUuxV8#Question#Deleted%20question%20'Bubxp2IUuxV8'%20from%20lesson%20'yDkjD9DdSTUC'
28%2F08%2F2025#17%3A11#Simjrn#mV8Y7S1fTEKc#Question#Deleted%20question%20'mV8Y7S1fTEKc'%20from%20lesson%20'yDkjD9DdSTUC'
28%2F08%2F2025#17%3A11#Simjrn#CG0mYAWjfwlB#Question#Deleted%20question%20'CG0mYAWjfwlB'%20from%20lesson%20'yDkjD9DdSTUC'
28%2F08%2F2025#17%3A11#Simjrn#6K1m4rTtbimZ#Question#Deleted%20question%20'6K1m4rTtbimZ'%20from%20lesson%20'yDkjD9DdSTUC'
28%2F08%2F2025#17%3A10#Simjrn#wm9twOM63hZT#Question#Deleted%20question%20'wm9twOM63hZT'%20from%20lesson%20'f4PuaZSMFIQW'
28%2F08%2F2025#17%3A10#Simjrn#mpPssEEpiBKw#Question#Deleted%20question%20'mpPssEEpiBKw'%20from%20lesson%20'f4PuaZSMFIQW'
28%2F08%2F2025#17%3A10#Simjrn#JewhjjwdyCrk#Question#Deleted%20question%20'JewhjjwdyCrk'%20from%20lesson%20'f4PuaZSMFIQW'
28%2F08%2F2025#17%3A10#Simjrn#oKyLXrjiflgJ#Question#Deleted%20question%20'oKyLXrjiflgJ'%20from%20lesson%20'f4PuaZSMFIQW'
28%2F08%2F2025#17%3A10#Simjrn#I2wFRABAHhjL#Question#Deleted%20question%20'I2wFRABAHhjL'%20from%20lesson%20'f4PuaZSMFIQW'
28%2F08%2F2025#17%3A10#Simjrn#GXYhny40jwPC#Question#Deleted%20question%20'GXYhny40jwPC'%20from%20lesson%20'f4PuaZSMFIQW'
28%2F08%2F2025#17%3A10#Simjrn#VeyOIGAIGCW6#Question#Deleted%20question%20'VeyOIGAIGCW6'%20from%20lesson%20'f4PuaZSMFIQW'
28%2F08%2F2025#17%3A10#Simjrn#o0yEuGpJV2NK#Question#Deleted%20question%20'o0yEuGpJV2NK'%20from%20lesson%20'f4PuaZSMFIQW'
28%2F08%2F2025#17%3A09#Simjrn#4H8My5k8PmJ7#Question#Deleted%20question%20'4H8My5k8PmJ7'%20from%20lesson%20'f4PuaZSMFIQW'
28%2F08%2F2025#17%3A09#Simjrn#uapbnhyBc7Rz#Question#Deleted%20question%20'uapbnhyBc7Rz'%20from%20lesson%20'f4PuaZSMFIQW'
28%2F08%2F2025#17%3A07#Simjrn#6Wydnmydewmq#Question#Deleted%20question%20'6Wydnmydewmq'%20from%20lesson%20'f4PuaZSMFIQW'
28%2F08%2F2025#17%3A06#Simjrn#aS2QuBpC9z2R#Question#Deleted%20question%20'aS2QuBpC9z2R'%20from%20lesson%20'KuuV2tAjOjPR'
28%2F08%2F2025#17%3A06#Simjrn#nuzZKYw0tTNT#Question#Deleted%20question%20'nuzZKYw0tTNT'%20from%20lesson%20'KuuV2tAjOjPR'
28%2F08%2F2025#17%3A06#Simjrn#lMWuy9ywlqXb#Question#Deleted%20question%20'lMWuy9ywlqXb'%20from%20lesson%20'KuuV2tAjOjPR'
28%2F08%2F2025#17%3A06#Simjrn#BODry50PICny#Question#Deleted%20question%20'BODry50PICny'%20from%20lesson%20'KuuV2tAjOjPR'
28%2F08%2F2025#17%3A06#Simjrn#6TqRQc9LOvMN#Question#Deleted%20question%20'6TqRQc9LOvMN'%20from%20lesson%20'KuuV2tAjOjPR'
28%2F08%2F2025#17%3A05#Simjrn#DOi4bVfJjcXc#Question#Deleted%20question%20'DOi4bVfJjcXc'%20from%20lesson%20'KuuV2tAjOjPR'
28%2F08%2F2025#17%3A05#Simjrn#kS8qbrZYCFV1#Question#Deleted%20question%20'kS8qbrZYCFV1'%20from%20lesson%20'KuuV2tAjOjPR'
28%2F08%2F2025#17%3A05#Simjrn#9BY9z82a8dfT#Question#Deleted%20question%20'9BY9z82a8dfT'%20from%20lesson%20'KuuV2tAjOjPR'
28%2F08%2F2025#17%3A05#Simjrn#ShguMiiC4XP5#Question#Deleted%20question%20'ShguMiiC4XP5'%20from%20lesson%20'KuuV2tAjOjPR'
28%2F08%2F2025#17%3A05#Simjrn#vE8Oc5B6qmwl#Question#Deleted%20question%20'vE8Oc5B6qmwl'%20from%20lesson%20'KuuV2tAjOjPR'
28%2F08%2F2025#17%3A05#Simjrn#f5M39bhnVnGI#Skill#Updated%20skill%20'Foods'%20details
28%2F08%2F2025#17%3A04#Simjrn#f5M39bhnVnGI#Notes#Updated%20notes%20for%20skill%20'Foods'
28%2F08%2F2025#17%3A04#Simjrn#000000000000#Project#Updated%20project%20metadata
28%2F08%2F2025#17%3A03#Simjrn#f5M39bhnVnGI#Sentences#Updated%20sentences%20for%20skill%20'Foods'
28%2F08%2F2025#17%3A00#Simjrn#f5M39bhnVnGI#Vocab#Updated%20vocabulary%20for%20skill%20'Foods'
28%2F08%2F2025#16%3A59#Simjrn#LMJskZwdHsKZ#Vocab#Updated%20vocabulary%20for%20skill%20'Greetings'
28%2F08%2F2025#16%3A56#Simjrn#000000000000#Project#Updated%20project%20metadata
28%2F08%2F2025#16%3A56#Simjrn#X737JxV5GyTv#Skill#Updated%20skill%20'The%20future'%20details
28%2F08%2F2025#16%3A54#Simjrn#X737JxV5GyTv#Skill#Updated%20skill%20'The%20future'%20details
28%2F08%2F2025#16%3A54#Simjrn#qEXKYsyaktd7#Lesson#Deleted%20lesson%205%20from%20skill%20'X737JxV5GyTv'
28%2F08%2F2025#16%3A54#Simjrn#M2Ky2WfPOmPh#Question#Deleted%20question%20'M2Ky2WfPOmPh'%20from%20lesson%20'e3tlURJoc3yA'
28%2F08%2F2025#16%3A53#Simjrn#5sEwNgOVTsuU#Question#Deleted%20question%20'5sEwNgOVTsuU'%20from%20lesson%20'e3tlURJoc3yA'
28%2F08%2F2025#16%3A53#Simjrn#WrbPjfwJjSzj#Question#Deleted%20question%20'WrbPjfwJjSzj'%20from%20lesson%20'e3tlURJoc3yA'
28%2F08%2F2025#16%3A52#Simjrn#C2A8QCaWpndl#Question#Deleted%20question%20'C2A8QCaWpndl'%20from%20lesson%20'e3tlURJoc3yA'
28%2F08%2F2025#16%3A52#Simjrn#G0bgezgseDaq#Question#Deleted%20question%20'G0bgezgseDaq'%20from%20lesson%20'e3tlURJoc3yA'
28%2F08%2F2025#16%3A50#Simjrn#OBFIijqCSMMx#Question#Deleted%20question%20'OBFIijqCSMMx'%20from%20lesson%20'imWIn5PWtxWD'
28%2F08%2F2025#16%3A50#Simjrn#NNJPpfU4G5sC#Question#Deleted%20question%20'NNJPpfU4G5sC'%20from%20lesson%20'imWIn5PWtxWD'
28%2F08%2F2025#16%3A50#Simjrn#5l4MF7DXF5Wd#Question#Deleted%20question%20'5l4MF7DXF5Wd'%20from%20lesson%20'imWIn5PWtxWD'
28%2F08%2F2025#16%3A50#Simjrn#QtDQ3WUSU43j#Question#Deleted%20question%20'QtDQ3WUSU43j'%20from%20lesson%20'imWIn5PWtxWD'
28%2F08%2F2025#16%3A50#Simjrn#ahV4bJLfG6kM#Question#Deleted%20question%20'ahV4bJLfG6kM'%20from%20lesson%20'imWIn5PWtxWD'
28%2F08%2F2025#16%3A49#Simjrn#npU99LwYgsWo#Question#Deleted%20question%20'npU99LwYgsWo'%20from%20lesson%20'imWIn5PWtxWD'
28%2F08%2F2025#16%3A48#Simjrn#bujy03vBArIK#Question#Deleted%20question%20'bujy03vBArIK'%20from%20lesson%20'zcWsNbVcsRQE'
28%2F08%2F2025#16%3A48#Simjrn#i7m0wMd1gC1T#Question#Deleted%20question%20'i7m0wMd1gC1T'%20from%20lesson%20'zcWsNbVcsRQE'
28%2F08%2F2025#16%3A44#Simjrn#HtSlyTu1qIOr#Question#Deleted%20question%20'HtSlyTu1qIOr'%20from%20lesson%20'zcWsNbVcsRQE'
28%2F08%2F2025#16%3A44#Simjrn#WF3VtYhSOmHA#Question#Deleted%20question%20'WF3VtYhSOmHA'%20from%20lesson%20'zcWsNbVcsRQE'
28%2F08%2F2025#16%3A43#Simjrn#6V6ki4iU7Z5l#Question#Deleted%20question%20'6V6ki4iU7Z5l'%20from%20lesson%20'zcWsNbVcsRQE'
28%2F08%2F2025#16%3A43#Simjrn#cY3TphiM3FVm#Question#Deleted%20question%20'cY3TphiM3FVm'%20from%20lesson%20'Y2aMGFik8oLK'
28%2F08%2F2025#16%3A42#Simjrn#wATzXeQmtzFJ#Question#Deleted%20question%20'wATzXeQmtzFJ'%20from%20lesson%20'Y2aMGFik8oLK'
28%2F08%2F2025#16%3A42#Simjrn#sPwbZXuhqUJI#Question#Deleted%20question%20'sPwbZXuhqUJI'%20from%20lesson%20'Y2aMGFik8oLK'
28%2F08%2F2025#16%3A42#Simjrn#NVsls6VUE0kG#Question#Deleted%20question%20'NVsls6VUE0kG'%20from%20lesson%20'Y2aMGFik8oLK'
28%2F08%2F2025#16%3A42#Simjrn#AK8yOWXrpnho#Question#Deleted%20question%20'AK8yOWXrpnho'%20from%20lesson%20'Y2aMGFik8oLK'
28%2F08%2F2025#16%3A42#Simjrn#5R46GwwlK6YQ#Question#Deleted%20question%20'5R46GwwlK6YQ'%20from%20lesson%20'Y2aMGFik8oLK'
28%2F08%2F2025#16%3A42#Simjrn#ZkktCcIxIojg#Question#Deleted%20question%20'ZkktCcIxIojg'%20from%20lesson%20'Y2aMGFik8oLK'
28%2F08%2F2025#16%3A42#Simjrn#fEbXLYtZtCf6#Question#Deleted%20question%20'fEbXLYtZtCf6'%20from%20lesson%20'Y2aMGFik8oLK'
28%2F08%2F2025#16%3A42#Simjrn#nJXIOMcoTUzH#Question#Deleted%20question%20'nJXIOMcoTUzH'%20from%20lesson%20'Y2aMGFik8oLK'
28%2F08%2F2025#16%3A41#Simjrn#pb14puGliTaJ#Question#Deleted%20question%20'pb14puGliTaJ'%20from%20lesson%20'Y2aMGFik8oLK'
28%2F08%2F2025#16%3A41#Simjrn#YlnwAMXX3QJU#Question#Deleted%20question%20'YlnwAMXX3QJU'%20from%20lesson%20'Y2aMGFik8oLK'
28%2F08%2F2025#16%3A41#Simjrn#X737JxV5GyTv#Skill#Updated%20skill%20'The%20future'%20details
28%2F08%2F2025#16%3A35#Simjrn#000000000000#Project#Updated%20project%20metadata
28%2F08%2F2025#16%3A35#Simjrn#X737JxV5GyTv#Sentences#Updated%20sentences%20for%20skill%20'The%20future'
28%2F08%2F2025#16%3A31#Simjrn#X737JxV5GyTv#Vocab#Updated%20vocabulary%20for%20skill%20'The%20future'
28%2F08%2F2025#16%3A31#Simjrn#X737JxV5GyTv#Notes#Updated%20notes%20for%20skill%20'The%20future'
28%2F08%2F2025#16%3A31#Simjrn#X737JxV5GyTv#Notes#Updated%20notes%20for%20skill%20'The%20future'
28%2F08%2F2025#16%3A30#Simjrn#X737JxV5GyTv#Notes#Updated%20notes%20for%20skill%20'The%20future'
28%2F08%2F2025#16%3A30#Simjrn#X737JxV5GyTv#Notes#Updated%20notes%20for%20skill%20'The%20future'
28%2F08%2F2025#16%3A26#Simjrn#X737JxV5GyTv#Vocab#Updated%20vocabulary%20for%20skill%20'The%20future'
28%2F08%2F2025#16%3A24#Simjrn#X737JxV5GyTv#Notes#Updated%20notes%20for%20skill%20'The%20future'
28%2F08%2F2025#16%3A24#Simjrn#X737JxV5GyTv#Notes#Updated%20notes%20for%20skill%20'The%20future'
28%2F08%2F2025#16%3A23#Simjrn#X737JxV5GyTv#Vocab#Updated%20vocabulary%20for%20skill%20'The%20future'
28%2F08%2F2025#16%3A23#Simjrn#X737JxV5GyTv#Vocab#Updated%20vocabulary%20for%20skill%20'The%20future'
28%2F08%2F2025#16%3A22#Simjrn#X737JxV5GyTv#Vocab#Updated%20vocabulary%20for%20skill%20'The%20future'
28%2F08%2F2025#16%3A19#Simjrn#X737JxV5GyTv#Notes#Updated%20notes%20for%20skill%20'The%20future'
28%2F08%2F2025#16%3A19#Simjrn#X737JxV5GyTv#Skill#Updated%20skill%20'The%20future'%20details
28%2F08%2F2025#16%3A18#Simjrn#X737JxV5GyTv#Skill#Updated%20skill%20'The%20future'%20details
28%2F08%2F2025#16%3A18#Simjrn#X737JxV5GyTv#Skill#Moved%20skill%20'New%20Skill'%20to%20Unit%201
28%2F08%2F2025#16%3A18#Simjrn#f5M39bhnVnGI#Skill#Updated%20skill%20'Foods'%20details
28%2F08%2F2025#16%3A18#Simjrn#X737JxV5GyTv#Skill#Updated%20skill%20'New%20Skill'%20details
28%2F08%2F2025#16%3A18#Simjrn#X737JxV5GyTv#Skill#Updated%20skill%20'New%20Skill'%20details
28%2F08%2F2025#16%3A18#Simjrn#X737JxV5GyTv#Skill#Added%20new%20skill%20'New%20Skill'%20to%20unit%201
28%2F08%2F2025#15%3A37#Simjrn#000000000000#Project#Updated%20project%20metadata
28%2F08%2F2025#15%3A37#Simjrn#f5M39bhnVnGI#Vocab#Updated%20vocabulary%20for%20skill%20'Foods'
28%2F08%2F2025#15%3A35#Simjrn#oAcMR1pikEPV#Lesson#Deleted%20lesson%201%20from%20skill%20'f5M39bhnVnGI'
28%2F08%2F2025#15%3A35#Simjrn#sC6t0NdqUk2G#Lesson#Deleted%20lesson%201%20from%20skill%20'f5M39bhnVnGI'
28%2F08%2F2025#15%3A35#Simjrn#4hjAnuFl6GKO#Lesson#Deleted%20lesson%201%20from%20skill%20'f5M39bhnVnGI'
28%2F08%2F2025#15%3A35#Simjrn#mfwQYZu00IP9#Lesson#Deleted%20lesson%201%20from%20skill%20'f5M39bhnVnGI'
28%2F08%2F2025#15%3A35#Simjrn#f5M39bhnVnGI#Skill#Updated%20skill%20'Foods'%20details
28%2F08%2F2025#15%3A34#Simjrn#f5M39bhnVnGI#Vocab#Updated%20vocabulary%20for%20skill%20'Foods'
28%2F08%2F2025#15%3A34#Simjrn#llsBRLlbEBsJ#Lesson#Deleted%20lesson%201%20from%20skill%20'f5M39bhnVnGI'
28%2F08%2F2025#15%3A34#Simjrn#Hk6ToPGCZ4bd#Lesson#Deleted%20lesson%201%20from%20skill%20'f5M39bhnVnGI'
28%2F08%2F2025#15%3A34#Simjrn#AacOiSwNVR0i#Lesson#Deleted%20lesson%201%20from%20skill%20'f5M39bhnVnGI'
28%2F08%2F2025#15%3A34#Simjrn#dkK5wknXBVD1#Lesson#Deleted%20lesson%201%20from%20skill%20'f5M39bhnVnGI'
28%2F08%2F2025#15%3A34#Simjrn#baInpGoMYDIx#Lesson#Deleted%20lesson%201%20from%20skill%20'f5M39bhnVnGI'
28%2F08%2F2025#15%3A34#Simjrn#AlQBJDEtaO1Z#Lesson#Deleted%20lesson%201%20from%20skill%20'f5M39bhnVnGI'
28%2F08%2F2025#15%3A34#Simjrn#6Q5dC6bCBwNc#Lesson#Deleted%20lesson%201%20from%20skill%20'f5M39bhnVnGI'
28%2F08%2F2025#15%3A34#Simjrn#AXFfXo9tAewb#Lesson#Deleted%20lesson%201%20from%20skill%20'f5M39bhnVnGI'
28%2F08%2F2025#15%3A34#Simjrn#WXvvi75QlQqN#Lesson#Deleted%20lesson%201%20from%20skill%20'f5M39bhnVnGI'
28%2F08%2F2025#15%3A33#Simjrn#xoVuadajNZK4#Question#Deleted%20question%20'xoVuadajNZK4'%20from%20lesson%20'WXvvi75QlQqN'
28%2F08%2F2025#15%3A33#Simjrn#x8KlqUtidEDn#Question#Deleted%20question%20'x8KlqUtidEDn'%20from%20lesson%20'WXvvi75QlQqN'
28%2F08%2F2025#15%3A33#Simjrn#t29XWHmOHrsM#Question#Deleted%20question%20't29XWHmOHrsM'%20from%20lesson%20'WXvvi75QlQqN'
28%2F08%2F2025#15%3A33#Simjrn#zzSSmEsXS5WE#Question#Deleted%20question%20'zzSSmEsXS5WE'%20from%20lesson%20'WXvvi75QlQqN'
28%2F08%2F2025#15%3A33#Simjrn#6y2KWil5Zkwt#Question#Deleted%20question%20'6y2KWil5Zkwt'%20from%20lesson%20'WXvvi75QlQqN'
28%2F08%2F2025#15%3A32#Simjrn#f5M39bhnVnGI#Skill#Updated%20skill%20'Foods'%20details
28%2F08%2F2025#15%3A32#Simjrn#f5M39bhnVnGI#Vocab#Updated%20vocabulary%20for%20skill%20'Foods'
28%2F08%2F2025#15%3A28#Simjrn#f5M39bhnVnGI#Skill#Updated%20skill%20'Foods'%20details
28%2F08%2F2025#15%3A28#Simjrn#f5M39bhnVnGI#Skill#Updated%20skill%20'Foods'%20details
28%2F08%2F2025#14%3A28#Simjrn#000000000000#Project#Updated%20project%20metadata
28%2F08%2F2025#14%3A23#Simjrn#nFK3ScZjJWwo#Notes#Updated%20notes%20for%20skill%20'To%20be'
28%2F08%2F2025#14%3A20#Simjrn#nFK3ScZjJWwo#Sentences#Updated%20sentences%20for%20skill%20'To%20be'
28%2F08%2F2025#14%3A18#Simjrn#nFK3ScZjJWwo#Vocab#Updated%20vocabulary%20for%20skill%20'To%20be'
28%2F08%2F2025#14%3A16#Simjrn#DlhVfquZ50Y0#Question#Deleted%20question%20'DlhVfquZ50Y0'%20from%20lesson%20'hkvhYw2oqFtS'
28%2F08%2F2025#14%3A16#Simjrn#nOCLlGJicxxL#Question#Deleted%20question%20'nOCLlGJicxxL'%20from%20lesson%20'hkvhYw2oqFtS'
28%2F08%2F2025#14%3A16#Simjrn#iH0NauMHSMtF#Question#Deleted%20question%20'iH0NauMHSMtF'%20from%20lesson%20'hkvhYw2oqFtS'
28%2F08%2F2025#14%3A16#Simjrn#awPUQTrq3Ufw#Question#Deleted%20question%20'awPUQTrq3Ufw'%20from%20lesson%20'hkvhYw2oqFtS'
28%2F08%2F2025#14%3A16#Simjrn#TqoC1tify6b6#Question#Deleted%20question%20'TqoC1tify6b6'%20from%20lesson%20'hkvhYw2oqFtS'
28%2F08%2F2025#14%3A15#Simjrn#ODvYeqLOd34E#Question#Deleted%20question%20'ODvYeqLOd34E'%20from%20lesson%20'hkvhYw2oqFtS'
28%2F08%2F2025#14%3A15#Simjrn#4OVMm0LUBtmn#Question#Deleted%20question%20'4OVMm0LUBtmn'%20from%20lesson%20'hkvhYw2oqFtS'
28%2F08%2F2025#14%3A14#Simjrn#pDRBCoo9EGFk#Question#Deleted%20question%20'pDRBCoo9EGFk'%20from%20lesson%20'hkvhYw2oqFtS'
28%2F08%2F2025#14%3A12#Simjrn#000000000000#Project#Updated%20project%20metadata
28%2F08%2F2025#14%3A11#Simjrn#5mAEJak0oXNV#Question#Deleted%20question%20'5mAEJak0oXNV'%20from%20lesson%20'kwraQFXgEbCm'
28%2F08%2F2025#14%3A10#Simjrn#SZeynKMLQ25t#Question#Deleted%20question%20'SZeynKMLQ25t'%20from%20lesson%20'kwraQFXgEbCm'
28%2F08%2F2025#14%3A10#Simjrn#scvka7TigxYc#Question#Deleted%20question%20'scvka7TigxYc'%20from%20lesson%20'kwraQFXgEbCm'
28%2F08%2F2025#14%3A10#Simjrn#O1KQqPHT3vXG#Question#Deleted%20question%20'O1KQqPHT3vXG'%20from%20lesson%20'kwraQFXgEbCm'
28%2F08%2F2025#14%3A09#Simjrn#hvW1c6DzUeg0#Question#Deleted%20question%20'hvW1c6DzUeg0'%20from%20lesson%20'kwraQFXgEbCm'
28%2F08%2F2025#14%3A09#Simjrn#DwlXFJ91hgXb#Question#Deleted%20question%20'DwlXFJ91hgXb'%20from%20lesson%20'kwraQFXgEbCm'
28%2F08%2F2025#14%3A09#Simjrn#hpB9NqkAhET3#Question#Deleted%20question%20'hpB9NqkAhET3'%20from%20lesson%20'kwraQFXgEbCm'
28%2F08%2F2025#14%3A09#Simjrn#xyNcchiOn2Wx#Question#Deleted%20question%20'xyNcchiOn2Wx'%20from%20lesson%20'kwraQFXgEbCm'
28%2F08%2F2025#14%3A09#Simjrn#og6OWSz8siHR#Question#Deleted%20question%20'og6OWSz8siHR'%20from%20lesson%20'kwraQFXgEbCm'
28%2F08%2F2025#14%3A08#Simjrn#4HofrLul9end#Question#Deleted%20question%20'4HofrLul9end'%20from%20lesson%20'IL0UXk8qKhSy'
28%2F08%2F2025#14%3A07#Simjrn#q9yr8sz5LxeZ#Question#Deleted%20question%20'q9yr8sz5LxeZ'%20from%20lesson%20'IL0UXk8qKhSy'
28%2F08%2F2025#14%3A06#Simjrn#vYnUFD2CYPHx#Question#Deleted%20question%20'vYnUFD2CYPHx'%20from%20lesson%20'IL0UXk8qKhSy'
28%2F08%2F2025#14%3A06#Simjrn#0hPf2TnCYxsw#Question#Deleted%20question%20'0hPf2TnCYxsw'%20from%20lesson%20'IL0UXk8qKhSy'
28%2F08%2F2025#14%3A04#Simjrn#MW0rAY7QYLkZ#Question#Deleted%20question%20'MW0rAY7QYLkZ'%20from%20lesson%20'IL0UXk8qKhSy'
28%2F08%2F2025#14%3A03#Simjrn#RnqPK28gJhm7#Question#Deleted%20question%20'RnqPK28gJhm7'%20from%20lesson%20'IL0UXk8qKhSy'
28%2F08%2F2025#14%3A03#Simjrn#Rh7XzdMGtmNk#Question#Deleted%20question%20'Rh7XzdMGtmNk'%20from%20lesson%20'IL0UXk8qKhSy'
28%2F08%2F2025#14%3A01#Simjrn#Rh7XzdMGtmNk.mp3#Audio#Deleted%20audio%20file%20'Rh7XzdMGtmNk.mp3'
28%2F08%2F2025#14%3A01#Simjrn#Rh7XzdMGtmNk.mp3#Audio#Saved%20audio%20file%20'Rh7XzdMGtmNk.mp3'
28%2F08%2F2025#14%3A01#Simjrn#Rh7XzdMGtmNk.mp3#Audio#Deleted%20audio%20file%20'Rh7XzdMGtmNk.mp3'
28%2F08%2F2025#14%3A01#Simjrn#Rh7XzdMGtmNk.mp3#Audio#Saved%20audio%20file%20'Rh7XzdMGtmNk.mp3'
28%2F08%2F2025#14%3A00#Simjrn#FxSQrJ0HJPem#Lesson#Deleted%20lesson%201%20from%20skill%20'nFK3ScZjJWwo'
28%2F08%2F2025#14%3A00#Simjrn#OAZ16riYqIXm#Lesson#Deleted%20lesson%201%20from%20skill%20'nFK3ScZjJWwo'
28%2F08%2F2025#13%3A59#Simjrn#nFK3ScZjJWwo#Skill#Updated%20skill%20'To%20be'%20details
28%2F08%2F2025#13%3A59#Simjrn#LMJskZwdHsKZ#Vocab#Updated%20vocabulary%20for%20skill%20'Greetings'
28%2F08%2F2025#13%3A58#Simjrn#nFK3ScZjJWwo#Sentences#Updated%20sentences%20for%20skill%20'To%20be'
28%2F08%2F2025#13%3A55#Simjrn#nFK3ScZjJWwo#Sentences#Updated%20sentences%20for%20skill%20'To%20be'
28%2F08%2F2025#13%3A54#Simjrn#nFK3ScZjJWwo#Vocab#Updated%20vocabulary%20for%20skill%20'To%20be'
28%2F08%2F2025#13%3A52#Simjrn#8NhjMsKYAtQM#Question#Deleted%20question%20'8NhjMsKYAtQM'%20from%20lesson%20'tN00T8oYYKlC'
28%2F08%2F2025#13%3A48#Simjrn#nFK3ScZjJWwo#Notes#Updated%20notes%20for%20skill%20'To%20be'
28%2F08%2F2025#13%3A45#Simjrn#nFK3ScZjJWwo#Skill#Updated%20skill%20'To%20be'%20details
28%2F08%2F2025#13%3A45#Simjrn#nFK3ScZjJWwo#Skill#Updated%20skill%20'To%20be'%20details
28%2F08%2F2025#13%3A45#Simjrn#nFK3ScZjJWwo#Skill#Updated%20skill%20'To%20be'%20details
28%2F08%2F2025#13%3A45#Simjrn#nFK3ScZjJWwo#Skill#Updated%20skill%20'To%20be'%20details
28%2F08%2F2025#13%3A45#Simjrn#nFK3ScZjJWwo#Skill#Updated%20skill%20'To%20be'%20details
28%2F08%2F2025#13%3A44#Simjrn#nFK3ScZjJWwo#Skill#Updated%20skill%20'To%20be'%20details
28%2F08%2F2025#13%3A44#Simjrn#nFK3ScZjJWwo#Skill#Updated%20skill%20'To%20be'%20details
28%2F08%2F2025#13%3A44#Simjrn#nFK3ScZjJWwo#Skill#Updated%20skill%20'To%20be'%20details
28%2F08%2F2025#13%3A44#Simjrn#nFK3ScZjJWwo#Skill#Added%20new%20skill%20'New%20Skill'%20to%20unit%200
28%2F08%2F2025#13%3A44#Simjrn#f5M39bhnVnGI#Skill#Updated%20skill%20'New%20skill'%20details
28%2F08%2F2025#13%3A44#Simjrn#f5M39bhnVnGI#Skill#Updated%20skill%20'To%20be'%20details
28%2F08%2F2025#13%3A16#Simjrn#myIMF4IPV5oc#Question#Added%20new%20'Match'%20question%20to%20lesson%20'wz8DDyhHYdy2'
28%2F08%2F2025#13%3A14#Simjrn#MTSofKsXd3yY#Question#Added%20new%20'Match'%20question%20to%20lesson%20'wz8DDyhHYdy2'
28%2F08%2F2025#13%3A12#Simjrn#hwnwjz51oZ3M#Question#Added%20new%20'ImagePick'%20question%20to%20lesson%20'wz8DDyhHYdy2'
28%2F08%2F2025#13%3A11#Simjrn#sqmtWcKXW8MX#Question#Added%20new%20'PickOne'%20question%20to%20lesson%20'wz8DDyhHYdy2'
28%2F08%2F2025#13%3A11#Simjrn#hxcjLaJ2kSZN#Question#Deleted%20question%20'hxcjLaJ2kSZN'%20from%20lesson%20'wz8DDyhHYdy2'
28%2F08%2F2025#13%3A10#Simjrn#hxcjLaJ2kSZN#Question#Added%20new%20'PickOneMeaning'%20question%20to%20lesson%20'wz8DDyhHYdy2'
28%2F08%2F2025#13%3A10#Simjrn#UKclqtm8Sl9T#Question#Added%20new%20'FlashCard'%20question%20to%20lesson%20'wz8DDyhHYdy2'
28%2F08%2F2025#13%3A10#Simjrn#lvT3E1N1DHw4#Question#Deleted%20question%20'lvT3E1N1DHw4'%20from%20lesson%20'wz8DDyhHYdy2'
28%2F08%2F2025#13%3A10#Simjrn#lvT3E1N1DHw4.mp3#Audio#Saved%20audio%20file%20'lvT3E1N1DHw4.mp3'
28%2F08%2F2025#13%3A09#Simjrn#lvT3E1N1DHw4.mp3#Audio#Saved%20audio%20file%20'lvT3E1N1DHw4.mp3'
28%2F08%2F2025#13%3A09#Simjrn#lvT3E1N1DHw4#Question#Added%20new%20'PickMissingWord'%20question%20to%20lesson%20'wz8DDyhHYdy2'
28%2F08%2F2025#13%3A09#Simjrn#Trg65ZarUf1J#Question#Deleted%20question%20'Trg65ZarUf1J'%20from%20lesson%20'wz8DDyhHYdy2'
28%2F08%2F2025#13%3A08#Simjrn#Trg65ZarUf1J#Question#Added%20new%20'PickWords'%20question%20to%20lesson%20'wz8DDyhHYdy2'
28%2F08%2F2025#13%3A06#Simjrn#0scpjNe7M7TZ#Question#Added%20new%20'Match'%20question%20to%20lesson%20'wz8DDyhHYdy2'
28%2F08%2F2025#13%3A04#Simjrn#wz8DDyhHYdy2#Lesson#Added%20new%20lesson%202%20to%20skill%20'LMJskZwdHsKZ'
28%2F08%2F2025#13%3A04#Simjrn#tyGXoOEiHX47#Lesson#Deleted%20lesson%202%20from%20skill%20'LMJskZwdHsKZ'
28%2F08%2F2025#13%3A04#Simjrn#DDyFFHwk4PnK#Lesson#Deleted%20lesson%202%20from%20skill%20'LMJskZwdHsKZ'
28%2F08%2F2025#13%3A04#Simjrn#xMinFzw9TP2q#Lesson#Deleted%20lesson%202%20from%20skill%20'LMJskZwdHsKZ'
28%2F08%2F2025#13%3A04#Simjrn#pUXhCDIrhddU#Lesson#Deleted%20lesson%202%20from%20skill%20'LMJskZwdHsKZ'
28%2F08%2F2025#13%3A03#Simjrn#1#Unit#Added%20new%20unit%201
28%2F08%2F2025#13%3A03#Simjrn#000000000000#Project#Updated%20project%20metadata
28%2F08%2F2025#13%3A02#Simjrn#q39c4EnGC14M#Lesson#Deleted%20lesson%206%20from%20skill%20'LMJskZwdHsKZ'
28%2F08%2F2025#13%3A02#Simjrn#k0ebsvZnC3sg#Lesson#Deleted%20lesson%206%20from%20skill%20'LMJskZwdHsKZ'
28%2F08%2F2025#13%3A02#Simjrn#aRJWVkjhNsMP#Lesson#Deleted%20lesson%206%20from%20skill%20'LMJskZwdHsKZ'
28%2F08%2F2025#13%3A02#Simjrn#w0yW3sAOXIsR#Lesson#Deleted%20lesson%206%20from%20skill%20'LMJskZwdHsKZ'
28%2F08%2F2025#13%3A02#Simjrn#gDixzl7Pt1px#Lesson#Deleted%20lesson%206%20from%20skill%20'LMJskZwdHsKZ'
28%2F08%2F2025#13%3A02#Simjrn#jZmulgRu0OCr#Lesson#Deleted%20lesson%206%20from%20skill%20'LMJskZwdHsKZ'
28%2F08%2F2025#13%3A02#Simjrn#XFls2NFQWRFp#Lesson#Deleted%20lesson%206%20from%20skill%20'LMJskZwdHsKZ'
28%2F08%2F2025#13%3A02#Simjrn#I6hwV1fuydGy#Lesson#Deleted%20lesson%206%20from%20skill%20'LMJskZwdHsKZ'
28%2F08%2F2025#13%3A02#Simjrn#fHebnh5y5efZ#Lesson#Deleted%20lesson%206%20from%20skill%20'LMJskZwdHsKZ'
28%2F08%2F2025#13%3A02#Simjrn#1dAJ9UaXjihl#Lesson#Deleted%20lesson%206%20from%20skill%20'LMJskZwdHsKZ'
28%2F08%2F2025#13%3A02#Simjrn#LMJskZwdHsKZ#Skill#Updated%20skill%20'Greetings'%20details
28%2F08%2F2025#10%3A54#Simjrn#000000000000#Project#Updated%20project%20metadata
28%2F08%2F2025#10%3A50#Simjrn#G59EcNByDp5A#Question#Deleted%20question%20'G59EcNByDp5A'%20from%20lesson%20'cVOO5lj9VuOc'
28%2F08%2F2025#10%3A50#Simjrn#97UsnYvezYEP#Question#Deleted%20question%20'97UsnYvezYEP'%20from%20lesson%20'cVOO5lj9VuOc'
28%2F08%2F2025#10%3A49#Simjrn#FCChYFFThNeD#Question#Deleted%20question%20'FCChYFFThNeD'%20from%20lesson%20'cVOO5lj9VuOc'
28%2F08%2F2025#10%3A49#Simjrn#lNaHipDaQk7k#Question#Deleted%20question%20'lNaHipDaQk7k'%20from%20lesson%20'cVOO5lj9VuOc'
28%2F08%2F2025#10%3A48#Simjrn#EaZZThJqqftn#Question#Deleted%20question%20'EaZZThJqqftn'%20from%20lesson%20'cVOO5lj9VuOc'
28%2F08%2F2025#10%3A48#Simjrn#cguP2kFaYsju#Question#Deleted%20question%20'cguP2kFaYsju'%20from%20lesson%20'cVOO5lj9VuOc'
28%2F08%2F2025#10%3A48#Simjrn#vVXqPDMTCUBA#Question#Deleted%20question%20'vVXqPDMTCUBA'%20from%20lesson%20'cVOO5lj9VuOc'
28%2F08%2F2025#10%3A46#Simjrn#UmcT1hSbgvwW#Question#Deleted%20question%20'UmcT1hSbgvwW'%20from%20lesson%20'cVOO5lj9VuOc'
28%2F08%2F2025#10%3A34#Simjrn#k1uQL3sOUa2D#Question#Deleted%20question%20'k1uQL3sOUa2D'%20from%20lesson%20'cVOO5lj9VuOc'
28%2F08%2F2025#10%3A30#Simjrn#LMJskZwdHsKZ#Vocab#Updated%20vocabulary%20for%20skill%20'Greetings'
28%2F08%2F2025#10%3A29#Simjrn#LMJskZwdHsKZ#Sentences#Updated%20sentences%20for%20skill%20'Greetings'
28%2F08%2F2025#10%3A28#Simjrn#LMJskZwdHsKZ#Vocab#Updated%20vocabulary%20for%20skill%20'Greetings'
28%2F08%2F2025#10%3A27#Simjrn#LMJskZwdHsKZ#Vocab#Updated%20vocabulary%20for%20skill%20'Greetings'
28%2F08%2F2025#10%3A26#Simjrn#LMJskZwdHsKZ#Notes#Updated%20notes%20for%20skill%20'Greetings'
28%2F08%2F2025#10%3A26#Simjrn#LMJskZwdHsKZ#Skill#Updated%20skill%20'Greetings'%20details
28%2F08%2F2025#10%3A25#Simjrn#LMJskZwdHsKZ#Skill#Updated%20skill%20'Greetings'%20details
28%2F08%2F2025#10%3A25#Simjrn#LMJskZwdHsKZ#Skill#Updated%20skill%20'Greetings'%20details
28%2F08%2F2025#10%3A24#Simjrn#LMJskZwdHsKZ#Skill#Updated%20skill%20'Template%20Skill'%20details
28%2F08%2F2025#10%3A23#Simjrn#000000000000#Project#Updated%20project%20metadata
28%2F08%2F2025#10%3A23#Simjrn#000000000000#Project#Updated%20project%20metadata
28%2F08%2F2025#10%3A06#Simjrn#000000000000#Project#Created%20new%20project%20'Romansh%20101'