18%2F06%2F2025#09%3A16#dd#000000000000#Project#Updated%20project%20metadata
18%2F06%2F2025#09%3A16#dd#000000000000#Project#Updated%20project%20metadata
18%2F06%2F2025#09%3A16#dd#klliX8LTEpGI#Skill#Updated%20skill%20'This%20and%20that'%20details
18%2F06%2F2025#09%3A16#dd#klliX8LTEpGI#Skill#Updated%20skill%20'This%20and%20that'%20details
18%2F06%2F2025#09%3A15#dd#jBFxCEJyK2v1#Skill#Updated%20skill%20'Adpositions%203'%20details
18%2F06%2F2025#09%3A15#dd#jBFxCEJyK2v1#Skill#Updated%20skill%20'Adpositions%203'%20details
18%2F06%2F2025#09%3A15#dd#jBFxCEJyK2v1#Skill#Updated%20skill%20'Adpositions%203'%20details
18%2F06%2F2025#09%3A15#dd#wL4j9K3s8do4#Skill#Updated%20skill%20'Adpositions%202'%20details
18%2F06%2F2025#09%3A15#dd#wL4j9K3s8do4#Skill#Updated%20skill%20'Adpositions%202'%20details
18%2F06%2F2025#09%3A15#dd#wL4j9K3s8do4#Skill#Updated%20skill%20'Adpositions%202'%20details
18%2F06%2F2025#09%3A15#dd#xxLtlOsTyshr#Skill#Updated%20skill%20'Adpositions%201'%20details
18%2F06%2F2025#09%3A15#dd#xxLtlOsTyshr#Skill#Updated%20skill%20'Adpositions%201'%20details
18%2F06%2F2025#09%3A14#dd#xxLtlOsTyshr#Skill#Updated%20skill%20'Adpositions%201'%20details
18%2F06%2F2025#09%3A14#dd#xxLtlOsTyshr#Skill#Updated%20skill%20'Adpositions%201'%20details
18%2F06%2F2025#09%3A14#dd#xxLtlOsTyshr#Skill#Updated%20skill%20'Adpositions%201'%20details
18%2F06%2F2025#09%3A14#dd#xxLtlOsTyshr#Skill#Updated%20skill%20'Adpositions%201'%20details
18%2F06%2F2025#09%3A14#dd#xxLtlOsTyshr#Skill#Updated%20skill%20'Adpositions%201'%20details
18%2F06%2F2025#09%3A14#dd#xxLtlOsTyshr#Skill#Updated%20skill%20'Adpositions%201'%20details
18%2F06%2F2025#09%3A14#dd#xxLtlOsTyshr#Skill#Updated%20skill%20'Adpositions%201'%20details
18%2F06%2F2025#09%3A14#dd#xxLtlOsTyshr#Skill#Updated%20skill%20'Adpositions%201'%20details
18%2F06%2F2025#09%3A14#dd#xxLtlOsTyshr#Skill#Updated%20skill%20'Adpositions%201'%20details
18%2F06%2F2025#09%3A13#dd#jBFxCEJyK2v1#Skill#Updated%20skill%20'Adpositions%203'%20details
18%2F06%2F2025#09%3A13#dd#jBFxCEJyK2v1#Skill#Added%20new%20skill%20'New%20Skill'%20to%20unit%202
18%2F06%2F2025#09%3A13#dd#wL4j9K3s8do4#Skill#Updated%20skill%20'Adpositions%202'%20details
18%2F06%2F2025#09%3A13#dd#wL4j9K3s8do4#Skill#Added%20new%20skill%20'New%20Skill'%20to%20unit%202
18%2F06%2F2025#09%3A13#dd#xxLtlOsTyshr#Notes#Updated%20notes%20for%20skill%20'Adpositions%201'
18%2F06%2F2025#09%3A13#dd#xxLtlOsTyshr#Skill#Updated%20skill%20'Adpositions%201'%20details
18%2F06%2F2025#09%3A13#dd#xxLtlOsTyshr#Skill#Added%20new%20skill%20'New%20Skill'%20to%20unit%202
18%2F06%2F2025#09%3A13#dd#klliX8LTEpGI#Skill#Updated%20skill%20'This%20and%20that'%20details
18%2F06%2F2025#09%3A13#dd#klliX8LTEpGI#Skill#Added%20new%20skill%20'New%20Skill'%20to%20unit%202
18%2F06%2F2025#09%3A12#dd#ecUbVbGwZnXC#Notes#Updated%20notes%20for%20skill%20'Weather'
18%2F06%2F2025#08%3A35#dd#ecUbVbGwZnXC#Notes#Updated%20notes%20for%20skill%20'Weather'
18%2F06%2F2025#08%3A35#dd#ecUbVbGwZnXC#Notes#Updated%20notes%20for%20skill%20'Weather'
18%2F06%2F2025#08%3A24#dd#ecUbVbGwZnXC#Notes#Updated%20notes%20for%20skill%20'Weather'
18%2F06%2F2025#08%3A21#dd#ecUbVbGwZnXC#Notes#Updated%20notes%20for%20skill%20'Weather'
18%2F06%2F2025#08%3A21#dd#ecUbVbGwZnXC#Notes#Updated%20notes%20for%20skill%20'Weather'
18%2F06%2F2025#08%3A21#dd#ecUbVbGwZnXC#Notes#Updated%20notes%20for%20skill%20'Weather'
17%2F06%2F2025#23%3A48#dd#000000000000#Project#Updated%20project%20metadata
17%2F06%2F2025#23%3A48#dd#rB4evknLdRhR#Notes#Updated%20notes%20for%20skill%20'Describing%20things'
17%2F06%2F2025#23%3A47#dd#HB4HvsqREERD#Notes#Updated%20notes%20for%20skill%20'First%20words'
17%2F06%2F2025#23%3A31#dd#RY6sUQzQYPS3#Notes#Updated%20notes%20for%20skill%20'Greetings'
17%2F06%2F2025#23%3A31#dd#rB4evknLdRhR#Notes#Updated%20notes%20for%20skill%20'Describing%20things'
17%2F06%2F2025#23%3A18#dd#RY6sUQzQYPS3#Notes#Updated%20notes%20for%20skill%20'Greetings'
17%2F06%2F2025#23%3A17#dd#RY6sUQzQYPS3#Notes#Updated%20notes%20for%20skill%20'Greetings'
17%2F06%2F2025#23%3A17#dd#RY6sUQzQYPS3#Notes#Updated%20notes%20for%20skill%20'Greetings'
17%2F06%2F2025#23%3A16#dd#HB4HvsqREERD#Notes#Updated%20notes%20for%20skill%20'First%20words'
17%2F06%2F2025#10%3A56#dd#000000000000#Project#Updated%20project%20metadata
17%2F06%2F2025#10%3A56#dd#WTNWxVTuxwkY#Notes#Updated%20notes%20for%20skill%20'Geography%20of%20Finland'
17%2F06%2F2025#10%3A29#dd#000000000000#Project#Updated%20project%20metadata
17%2F06%2F2025#10%3A28#dd#Slk4cXLzN2T6#Notes#Updated%20notes%20for%20skill%20'Simple%20plural'
17%2F06%2F2025#10%3A25#dd#000000000000#Project#Updated%20project%20metadata
17%2F06%2F2025#10%3A20#dd#Slk4cXLzN2T6#Notes#Updated%20notes%20for%20skill%20'Simple%20plural'
14%2F06%2F2025#10%3A23#dd#000000000000#Project#Updated%20project%20metadata
14%2F06%2F2025#10%3A23#dd#UAvzuNhoAY8y#Notes#Updated%20notes%20for%20skill%20'In%20jail'
14%2F06%2F2025#10%3A23#dd#UAvzuNhoAY8y#Skill#Updated%20skill%20'In%20jail'%20details
14%2F06%2F2025#10%3A23#dd#UAvzuNhoAY8y#Skill#Updated%20skill%20'In%20jail'%20details
14%2F06%2F2025#10%3A23#dd#UAvzuNhoAY8y#Skill#Updated%20skill%20'In%20jail'%20details
14%2F06%2F2025#10%3A23#dd#UAvzuNhoAY8y#Skill#Updated%20skill%20'In%20jail'%20details
14%2F06%2F2025#10%3A22#dd#UAvzuNhoAY8y#Skill#Updated%20skill%20'In%20jail'%20details
14%2F06%2F2025#10%3A22#dd#UAvzuNhoAY8y#Skill#Added%20new%20skill%20'New%20Skill'%20to%20unit%202
13%2F06%2F2025#19%3A23#dd#000000000000#Project#Updated%20project%20metadata
13%2F06%2F2025#19%3A23#dd#O9RTdt3b37h6#Notes#Updated%20notes%20for%20skill%20'Hospital'
13%2F06%2F2025#19%3A16#dd#000000000000#Project#Updated%20project%20metadata
13%2F06%2F2025#19%3A16#dd#tPni0uL8umuW#Skill#Updated%20skill%20'Bodyparts'%20details
13%2F06%2F2025#19%3A16#dd#tPni0uL8umuW#Skill#Updated%20skill%20'Bodyparts'%20details
13%2F06%2F2025#19%3A15#dd#tPni0uL8umuW#Skill#Updated%20skill%20'Bodyparts'%20details
13%2F06%2F2025#19%3A15#dd#tPni0uL8umuW#Skill#Updated%20skill%20'Bodyparts'%20details
13%2F06%2F2025#19%3A15#dd#tPni0uL8umuW#Skill#Updated%20skill%20'Bodyparts'%20details
13%2F06%2F2025#19%3A15#dd#FC1jCmPsjjoN#Skill#Updated%20skill%20'At%20the%20doctor's'%20details
13%2F06%2F2025#19%3A15#dd#tPni0uL8umuW#Skill#Added%20new%20skill%20'New%20Skill'%20to%20unit%202
13%2F06%2F2025#19%3A15#dd#O9RTdt3b37h6#Skill#Updated%20skill%20'Hospital'%20details
13%2F06%2F2025#19%3A15#dd#O9RTdt3b37h6#Skill#Updated%20skill%20'Hospital'%20details
13%2F06%2F2025#19%3A14#dd#O9RTdt3b37h6#Skill#Updated%20skill%20'Hospital'%20details
13%2F06%2F2025#19%3A14#dd#O9RTdt3b37h6#Skill#Added%20new%20skill%20'New%20Skill'%20to%20unit%202
13%2F06%2F2025#19%3A14#dd#FC1jCmPsjjoN#Skill#Updated%20skill%20'Bodyparts'%20details
13%2F06%2F2025#19%3A05#dd#000000000000#Project#Updated%20project%20metadata
11%2F06%2F2025#16%3A44#dd#000000000000#Project#Updated%20project%20metadata
11%2F06%2F2025#16%3A43#dd#ovupz56aW8IB#Skill#Updated%20skill%20'Family'%20details
11%2F06%2F2025#16%3A43#dd#ovupz56aW8IB#Skill#Updated%20skill%20'Family'%20details
11%2F06%2F2025#16%3A43#dd#ovupz56aW8IB#Skill#Updated%20skill%20'Family'%20details
11%2F06%2F2025#16%3A41#dd#ovupz56aW8IB#Skill#Updated%20skill%20'Family'%20details
11%2F06%2F2025#16%3A41#dd#ovupz56aW8IB#Skill#Added%20new%20skill%20'New%20Skill'%20to%20unit%202
11%2F06%2F2025#14%3A04#dd#000000000000#Project#Updated%20project%20metadata
11%2F06%2F2025#13%3A09#dd#pyyVC8X5rhPm#Skill#Updated%20skill%20'Inside%2C%20into%20and%20from'%20details
11%2F06%2F2025#13%3A09#dd#pyyVC8X5rhPm#Skill#Updated%20skill%20'Inside%2C%20into%20and%20from'%20details
11%2F06%2F2025#13%3A08#dd#wQxintDfLlyh#Skill#Updated%20skill%20'On%2C%20onto%20and%20from'%20details
11%2F06%2F2025#13%3A08#dd#pyyVC8X5rhPm#Skill#Updated%20skill%20'Inside%2C%20into%20and%20from'%20details
11%2F06%2F2025#13%3A08#dd#pyyVC8X5rhPm#Skill#Updated%20skill%20'Inside%2C%20into%20and%20from'%20details
11%2F06%2F2025#13%3A08#dd#wQxintDfLlyh#Skill#Updated%20skill%20'On%2C%20onto%20and%20from'%20details
11%2F06%2F2025#13%3A08#dd#pyyVC8X5rhPm#Skill#Updated%20skill%20'Inside%2C%20into%20and%20from'%20details
11%2F06%2F2025#13%3A08#dd#pyyVC8X5rhPm#Skill#Updated%20skill%20'Inside%2C%20into%20and%20from'%20details
11%2F06%2F2025#12%3A16#dd#3owcXr73g5lt#Skill#Updated%20skill%20'Making%20plans'%20details
11%2F06%2F2025#12%3A16#dd#3owcXr73g5lt#Skill#Updated%20skill%20'Making%20plans'%20details
11%2F06%2F2025#12%3A16#dd#3owcXr73g5lt#Skill#Updated%20skill%20'Making%20plans'%20details
11%2F06%2F2025#12%3A16#dd#3owcXr73g5lt#Skill#Updated%20skill%20'Making%20plans'%20details
11%2F06%2F2025#12%3A16#dd#3owcXr73g5lt#Skill#Updated%20skill%20'Making%20plans'%20details
11%2F06%2F2025#12%3A16#dd#3owcXr73g5lt#Skill#Added%20new%20skill%20'New%20Skill'%20to%20unit%202
11%2F06%2F2025#12%3A15#dd#000000000000#Project#Updated%20project%20metadata
11%2F06%2F2025#12%3A15#dd#000000000000#Project#Updated%20project%20metadata
11%2F06%2F2025#12%3A09#dd#000000000000#Project#Updated%20project%20metadata
11%2F06%2F2025#12%3A09#dd#9bQgMgQmDSP7#Skill#Updated%20skill%20'Partitive%202'%20details
11%2F06%2F2025#12%3A09#dd#9bQgMgQmDSP7#Skill#Updated%20skill%20'Partitive%202'%20details
11%2F06%2F2025#12%3A09#dd#ZoXoGiTKwYF4#Skill#Updated%20skill%20'Partitive%201'%20details
11%2F06%2F2025#12%3A09#dd#ZoXoGiTKwYF4#Skill#Updated%20skill%20'Partitive%201'%20details
11%2F06%2F2025#12%3A09#dd#YnZtCGpZOZj3#Skill#Updated%20skill%20'Simple%20partitive'%20details
11%2F06%2F2025#12%3A09#dd#YnZtCGpZOZj3#Skill#Updated%20skill%20'Simple%20partitive'%20details
11%2F06%2F2025#11%3A57#dd#000000000000#Project#Updated%20project%20metadata
11%2F06%2F2025#11%3A57#dd#ZoXoGiTKwYF4#Notes#Updated%20notes%20for%20skill%20'Partitive%201'
11%2F06%2F2025#11%3A57#dd#9bQgMgQmDSP7#Notes#Updated%20notes%20for%20skill%20'Partitive%202'
11%2F06%2F2025#11%3A56#dd#9bQgMgQmDSP7#Notes#Updated%20notes%20for%20skill%20'Partitive%202'
11%2F06%2F2025#11%3A55#dd#ZoXoGiTKwYF4#Notes#Updated%20notes%20for%20skill%20'Partitive%201'
11%2F06%2F2025#11%3A50#dd#wQxintDfLlyh#Skill#Updated%20skill%20'On%2C%20onto%20and%20from'%20details
11%2F06%2F2025#11%3A50#dd#wQxintDfLlyh#Skill#Updated%20skill%20'On%2C%20onto%20and%20from'%20details
11%2F06%2F2025#11%3A50#dd#wQxintDfLlyh#Skill#Updated%20skill%20'On%2C%20onto%20and%20from'%20details
11%2F06%2F2025#11%3A50#dd#pyyVC8X5rhPm#Skill#Updated%20skill%20'Inside%2C%20into%20and%20from'%20details
11%2F06%2F2025#11%3A50#dd#pyyVC8X5rhPm#Skill#Updated%20skill%20'Inside%2C%20into%20and%20from'%20details
11%2F06%2F2025#11%3A50#dd#wQxintDfLlyh#Skill#Updated%20skill%20'On%2C%20onto%20and%20from'%20details
11%2F06%2F2025#11%3A50#dd#wQxintDfLlyh#Skill#Updated%20skill%20'On%2C%20onto%20and%20from'%20details
11%2F06%2F2025#11%3A50#dd#wQxintDfLlyh#Skill#Updated%20skill%20'On%2C%20onto%20and%20from'%20details
11%2F06%2F2025#11%3A49#dd#pyyVC8X5rhPm#Skill#Updated%20skill%20'Inside%2C%20into%20and%20from'%20details
11%2F06%2F2025#11%3A49#dd#BubWZJl8EiBA#Skill#Updated%20skill%20'Genitive'%20details
11%2F06%2F2025#11%3A49#dd#NF05wscB7rG5#Skill#Updated%20skill%20'Plural%20of%20adjectives'%20details
11%2F06%2F2025#11%3A49#dd#135Oz1Px1YtM#Skill#Updated%20skill%20'Adjectives%20and%20adverbs'%20details
11%2F06%2F2025#11%3A35#dd#YnZtCGpZOZj3#Notes#Updated%20notes%20for%20skill%20'Simple%20partitive'
11%2F06%2F2025#11%3A35#dd#YnZtCGpZOZj3#Notes#Updated%20notes%20for%20skill%20'Simple%20partitive'
11%2F06%2F2025#11%3A27#dd#9bQgMgQmDSP7#Skill#Updated%20skill%20'Partitive%202'%20details
11%2F06%2F2025#11%3A27#dd#YnZtCGpZOZj3#Skill#Updated%20skill%20'Simple%20partitive'%20details
11%2F06%2F2025#11%3A27#dd#YnZtCGpZOZj3#Skill#Updated%20skill%20'Simple%20partitive'%20details
11%2F06%2F2025#11%3A27#dd#9bQgMgQmDSP7#Skill#Updated%20skill%20'Partitive%202'%20details
11%2F06%2F2025#11%3A27#dd#9bQgMgQmDSP7#Skill#Updated%20skill%20'Partitive%202'%20details
11%2F06%2F2025#11%3A27#dd#9bQgMgQmDSP7#Skill#Updated%20skill%20'Partitive%202'%20details
11%2F06%2F2025#11%3A26#dd#ZoXoGiTKwYF4#Skill#Updated%20skill%20'Partitive%201'%20details
11%2F06%2F2025#11%3A26#dd#9bQgMgQmDSP7#Skill#Updated%20skill%20'Partitive%202'%20details
11%2F06%2F2025#11%3A26#dd#9bQgMgQmDSP7#Skill#Added%20new%20skill%20'New%20Skill'%20to%20unit%201
11%2F06%2F2025#11%3A26#dd#YnZtCGpZOZj3#Skill#Updated%20skill%20'Simple%20partitive'%20details
11%2F06%2F2025#11%3A26#dd#YnZtCGpZOZj3#Skill#Added%20new%20skill%20'New%20Skill'%20to%20unit%201
10%2F06%2F2025#22%3A24#dd#000000000000#Project#Updated%20project%20metadata
10%2F06%2F2025#21%3A48#dd#IyFZJwiWpGXW#Notes#Updated%20notes%20for%20skill%20'Asking%20questions'
10%2F06%2F2025#16%3A43#dd#000000000000#Project#Updated%20project%20metadata
10%2F06%2F2025#16%3A42#dd#000000000000#Project#Updated%20project%20metadata
10%2F06%2F2025#16%3A10#dd#Xrq931WQKwky#Skill#Updated%20skill%20'Sports'%20details
10%2F06%2F2025#16%3A09#dd#Xrq931WQKwky#Skill#Updated%20skill%20'Sports'%20details
10%2F06%2F2025#16%3A09#dd#Xrq931WQKwky#Skill#Updated%20skill%20'Sports'%20details
10%2F06%2F2025#16%3A09#dd#Xrq931WQKwky#Skill#Updated%20skill%20'Sports'%20details
10%2F06%2F2025#16%3A09#dd#Xrq931WQKwky#Skill#Added%20new%20skill%20'New%20Skill'%20to%20unit%202
10%2F06%2F2025#16%3A06#dd#AHIC8wwNE8yE#Skill#Updated%20skill%20'At%20school'%20details
10%2F06%2F2025#16%3A06#dd#AHIC8wwNE8yE#Skill#Updated%20skill%20'At%20school'%20details
10%2F06%2F2025#16%3A06#dd#AHIC8wwNE8yE#Skill#Updated%20skill%20'At%20school'%20details
10%2F06%2F2025#16%3A06#dd#AHIC8wwNE8yE#Skill#Updated%20skill%20'At%20school'%20details
10%2F06%2F2025#16%3A06#dd#AHIC8wwNE8yE#Skill#Added%20new%20skill%20'New%20Skill'%20to%20unit%202
10%2F06%2F2025#16%3A02#dd#nHiKggE6sI0h#Skill#Updated%20skill%20'Also%20and%20neither'%20details
10%2F06%2F2025#16%3A02#dd#nHiKggE6sI0h#Skill#Added%20new%20skill%20'New%20Skill'%20to%20unit%202
10%2F06%2F2025#15%3A52#dd#lwc4UqJYsNyU#Skill#Updated%20skill%20'Expressing%20future%20tense'%20details
10%2F06%2F2025#15%3A52#dd#lwc4UqJYsNyU#Skill#Updated%20skill%20'Expressing%20future%20tense'%20details
10%2F06%2F2025#15%3A52#dd#lwc4UqJYsNyU#Skill#Updated%20skill%20'Expressing%20future%20tense'%20details
10%2F06%2F2025#15%3A52#dd#lwc4UqJYsNyU#Skill#Updated%20skill%20'Expressing%20future%20tense'%20details
10%2F06%2F2025#15%3A52#dd#lwc4UqJYsNyU#Skill#Updated%20skill%20'Expressing%20future%20tense'%20details
10%2F06%2F2025#15%3A52#dd#lwc4UqJYsNyU#Skill#Updated%20skill%20'Expressing%20future%20tense'%20details
10%2F06%2F2025#15%3A52#dd#lwc4UqJYsNyU#Skill#Updated%20skill%20'Expressing%20future%20tense'%20details
10%2F06%2F2025#15%3A52#dd#lwc4UqJYsNyU#Skill#Updated%20skill%20'Expressing%20future%20tense'%20details
10%2F06%2F2025#15%3A51#dd#lwc4UqJYsNyU#Skill#Updated%20skill%20'Expressing%20future%20tense'%20details
10%2F06%2F2025#15%3A51#dd#lwc4UqJYsNyU#Skill#Updated%20skill%20'Expressing%20future%20tense'%20details
10%2F06%2F2025#15%3A51#dd#lwc4UqJYsNyU#Skill#Updated%20skill%20'Expressing%20future%20tense'%20details
10%2F06%2F2025#15%3A51#dd#lwc4UqJYsNyU#Skill#Updated%20skill%20'Expressing%20future%20tense'%20details
10%2F06%2F2025#15%3A51#dd#lwc4UqJYsNyU#Skill#Updated%20skill%20'Expressing%20future%20tense'%20details
10%2F06%2F2025#15%3A51#dd#lwc4UqJYsNyU#Skill#Updated%20skill%20'Expressing%20future%20tense'%20details
10%2F06%2F2025#15%3A51#dd#lwc4UqJYsNyU#Skill#Updated%20skill%20'Expressing%20future%20tense'%20details
10%2F06%2F2025#15%3A51#dd#lwc4UqJYsNyU#Skill#Updated%20skill%20'Expressing%20future%20tense'%20details
10%2F06%2F2025#15%3A50#dd#lwc4UqJYsNyU#Skill#Added%20new%20skill%20'New%20Skill'%20to%20unit%202
10%2F06%2F2025#15%3A50#dd#K3T1X7OtrZaI#Skill#Updated%20skill%20'Makeup%20and%20cosmetics'%20details
10%2F06%2F2025#15%3A50#dd#K3T1X7OtrZaI#Skill#Updated%20skill%20'Cosmetics%20and%20makeup'%20details
10%2F06%2F2025#15%3A49#dd#K3T1X7OtrZaI#Skill#Updated%20skill%20'Makeup'%20details
10%2F06%2F2025#15%3A49#dd#K3T1X7OtrZaI#Skill#Updated%20skill%20'Makeup'%20details
10%2F06%2F2025#15%3A49#dd#K3T1X7OtrZaI#Skill#Updated%20skill%20'Makeup'%20details
10%2F06%2F2025#15%3A49#dd#K3T1X7OtrZaI#Skill#Updated%20skill%20'Makeup'%20details
10%2F06%2F2025#15%3A49#dd#K3T1X7OtrZaI#Skill#Updated%20skill%20'Makeup'%20details
10%2F06%2F2025#15%3A49#dd#K3T1X7OtrZaI#Skill#Updated%20skill%20'Makeup'%20details
10%2F06%2F2025#15%3A49#dd#K3T1X7OtrZaI#Skill#Updated%20skill%20'Makeup'%20details
10%2F06%2F2025#15%3A48#dd#TVDFA6VqPGuv#Skill#Updated%20skill%20'Clothes'%20details
10%2F06%2F2025#15%3A48#dd#TVDFA6VqPGuv#Skill#Updated%20skill%20'Clothes'%20details
10%2F06%2F2025#15%3A48#dd#TVDFA6VqPGuv#Skill#Updated%20skill%20'Clothes'%20details
10%2F06%2F2025#15%3A48#dd#TVDFA6VqPGuv#Skill#Updated%20skill%20'Clothes'%20details
10%2F06%2F2025#15%3A48#dd#TVDFA6VqPGuv#Skill#Updated%20skill%20'Clothes'%20details
10%2F06%2F2025#15%3A48#dd#TVDFA6VqPGuv#Skill#Updated%20skill%20'Clothes'%20details
10%2F06%2F2025#15%3A48#dd#TVDFA6VqPGuv#Skill#Updated%20skill%20'Clothes'%20details
10%2F06%2F2025#15%3A48#dd#TVDFA6VqPGuv#Skill#Added%20new%20skill%20'New%20Skill'%20to%20unit%202
10%2F06%2F2025#15%3A46#dd#L2pGWdDqe2kC#Skill#Updated%20skill%20'Hobbies'%20details
10%2F06%2F2025#15%3A46#dd#L2pGWdDqe2kC#Skill#Updated%20skill%20'New%20Skill'%20details
10%2F06%2F2025#15%3A45#dd#L2pGWdDqe2kC#Skill#Updated%20skill%20'New%20Skill'%20details
10%2F06%2F2025#15%3A45#dd#L2pGWdDqe2kC#Skill#Updated%20skill%20'New%20Skill'%20details
10%2F06%2F2025#15%3A45#dd#L2pGWdDqe2kC#Skill#Added%20new%20skill%20'New%20Skill'%20to%20unit%202
10%2F06%2F2025#15%3A45#dd#mJhcloEM9btf#Skill#Updated%20skill%20'Travelling'%20details
10%2F06%2F2025#15%3A45#dd#mJhcloEM9btf#Skill#Updated%20skill%20'New%20Skill'%20details
10%2F06%2F2025#15%3A44#dd#mJhcloEM9btf#Skill#Updated%20skill%20'New%20Skill'%20details
10%2F06%2F2025#15%3A44#dd#mJhcloEM9btf#Skill#Added%20new%20skill%20'New%20Skill'%20to%20unit%202
10%2F06%2F2025#15%3A44#dd#ecUbVbGwZnXC#Skill#Updated%20skill%20'Weather'%20details
10%2F06%2F2025#15%3A44#dd#ecUbVbGwZnXC#Skill#Updated%20skill%20'Weather'%20details
10%2F06%2F2025#15%3A44#dd#ecUbVbGwZnXC#Skill#Updated%20skill%20'Weather'%20details
10%2F06%2F2025#15%3A44#dd#ecUbVbGwZnXC#Skill#Updated%20skill%20'Weather'%20details
10%2F06%2F2025#15%3A44#dd#ecUbVbGwZnXC#Skill#Updated%20skill%20'Weather'%20details
10%2F06%2F2025#15%3A44#dd#ecUbVbGwZnXC#Skill#Updated%20skill%20'Weather'%20details
10%2F06%2F2025#15%3A44#dd#ecUbVbGwZnXC#Skill#Updated%20skill%20'Weather'%20details
10%2F06%2F2025#15%3A44#dd#ecUbVbGwZnXC#Skill#Added%20new%20skill%20'New%20Skill'%20to%20unit%202
10%2F06%2F2025#15%3A43#dd#FC1jCmPsjjoN#Skill#Updated%20skill%20'At%20the%20doctor's'%20details
10%2F06%2F2025#15%3A43#dd#FC1jCmPsjjoN#Skill#Updated%20skill%20'At%20the%20doctor's'%20details
10%2F06%2F2025#15%3A43#dd#FC1jCmPsjjoN#Skill#Updated%20skill%20'At%20the%20doctor's'%20details
10%2F06%2F2025#15%3A43#dd#K3T1X7OtrZaI#Skill#Updated%20skill%20'Makeup'%20details
10%2F06%2F2025#15%3A42#dd#K3T1X7OtrZaI#Skill#Updated%20skill%20'Makeup'%20details
10%2F06%2F2025#15%3A42#dd#K3T1X7OtrZaI#Skill#Updated%20skill%20'Makeup'%20details
10%2F06%2F2025#15%3A42#dd#K3T1X7OtrZaI#Skill#Updated%20skill%20'Makeup'%20details
10%2F06%2F2025#15%3A42#dd#K3T1X7OtrZaI#Skill#Updated%20skill%20'Makeup'%20details
10%2F06%2F2025#15%3A41#dd#K3T1X7OtrZaI#Skill#Updated%20skill%20'Makeup'%20details
10%2F06%2F2025#15%3A41#dd#K3T1X7OtrZaI#Skill#Added%20new%20skill%20'New%20Skill'%20to%20unit%202
10%2F06%2F2025#15%3A41#dd#w5SeFogR3FFS#Skill#Updated%20skill%20'Food%20and%20cooking'%20details
10%2F06%2F2025#15%3A41#dd#w5SeFogR3FFS#Skill#Updated%20skill%20'New%20Skill'%20details
10%2F06%2F2025#15%3A40#dd#w5SeFogR3FFS#Skill#Updated%20skill%20'New%20Skill'%20details
10%2F06%2F2025#15%3A40#dd#w5SeFogR3FFS#Skill#Updated%20skill%20'New%20Skill'%20details
10%2F06%2F2025#15%3A39#dd#FC1jCmPsjjoN#Notes#Updated%20notes%20for%20skill%20'At%20the%20doctor's'
10%2F06%2F2025#15%3A39#dd#FC1jCmPsjjoN#Skill#Updated%20skill%20'At%20the%20doctor's'%20details
10%2F06%2F2025#15%3A38#dd#w5SeFogR3FFS#Skill#Added%20new%20skill%20'New%20Skill'%20to%20unit%202
10%2F06%2F2025#15%3A38#dd#FC1jCmPsjjoN#Skill#Updated%20skill%20'Bodyparts'%20details
10%2F06%2F2025#15%3A38#dd#FC1jCmPsjjoN#Skill#Updated%20skill%20'Bodyparts'%20details
10%2F06%2F2025#15%3A38#dd#FC1jCmPsjjoN#Skill#Updated%20skill%20'Bodyparts'%20details
10%2F06%2F2025#15%3A38#dd#FC1jCmPsjjoN#Skill#Updated%20skill%20'Bodyparts'%20details
10%2F06%2F2025#15%3A38#dd#FC1jCmPsjjoN#Skill#Updated%20skill%20'Bodyparts'%20details
10%2F06%2F2025#15%3A38#dd#FC1jCmPsjjoN#Skill#Updated%20skill%20'Bodyparts'%20details
10%2F06%2F2025#15%3A37#dd#FC1jCmPsjjoN#Skill#Updated%20skill%20'Bodyparts'%20details
10%2F06%2F2025#15%3A37#dd#FC1jCmPsjjoN#Skill#Added%20new%20skill%20'New%20Skill'%20to%20unit%202
10%2F06%2F2025#09%3A13#dd#NF05wscB7rG5#Skill#Updated%20skill%20'Plural%20of%20adjectives'%20details
10%2F06%2F2025#09%3A13#dd#NF05wscB7rG5#Skill#Updated%20skill%20'Plural%20of%20adjectives'%20details
10%2F06%2F2025#09%3A13#dd#NF05wscB7rG5#Skill#Updated%20skill%20'Plural%20of%20adjectives'%20details
10%2F06%2F2025#09%3A13#dd#NF05wscB7rG5#Skill#Updated%20skill%20'Plural%20of%20adjectives'%20details
10%2F06%2F2025#09%3A13#dd#NF05wscB7rG5#Skill#Updated%20skill%20'Plural%20of%20adjectives'%20details
09%2F06%2F2025#20%3A52#dd#000000000000#Project#Updated%20project%20metadata
09%2F06%2F2025#20%3A52#dd#xkxgGYnlc9Ho#Notes#Updated%20notes%20for%20skill%20'Negation'
09%2F06%2F2025#20%3A51#dd#Wd9fEobQFT0Q#Notes#Updated%20notes%20for%20skill%20'Imperative'
09%2F06%2F2025#20%3A51#dd#xkxgGYnlc9Ho#Skill#Updated%20skill%20'Negation'%20details
09%2F06%2F2025#20%3A51#dd#xkxgGYnlc9Ho#Skill#Updated%20skill%20'Negation'%20details
09%2F06%2F2025#20%3A51#dd#xkxgGYnlc9Ho#Skill#Updated%20skill%20'Negation'%20details
09%2F06%2F2025#20%3A51#dd#xkxgGYnlc9Ho#Skill#Updated%20skill%20'Negation'%20details
09%2F06%2F2025#20%3A51#dd#Wd9fEobQFT0Q#Skill#Updated%20skill%20'Imperative'%20details
09%2F06%2F2025#20%3A51#dd#Wd9fEobQFT0Q#Skill#Updated%20skill%20'Imperative'%20details
09%2F06%2F2025#20%3A51#dd#Wd9fEobQFT0Q#Skill#Updated%20skill%20'Imperative'%20details
09%2F06%2F2025#20%3A50#dd#Wd9fEobQFT0Q#Notes#Updated%20notes%20for%20skill%20'Imperative'
09%2F06%2F2025#20%3A49#dd#xkxgGYnlc9Ho#Skill#Updated%20skill%20'Negation'%20details
09%2F06%2F2025#20%3A49#dd#xkxgGYnlc9Ho#Skill#Updated%20skill%20'Negation'%20details
09%2F06%2F2025#20%3A49#dd#xkxgGYnlc9Ho#Skill#Updated%20skill%20'Negation'%20details
09%2F06%2F2025#20%3A49#dd#xkxgGYnlc9Ho#Skill#Updated%20skill%20'Negation'%20details
09%2F06%2F2025#20%3A49#dd#xkxgGYnlc9Ho#Skill#Updated%20skill%20'Negation'%20details
09%2F06%2F2025#20%3A48#dd#xkxgGYnlc9Ho#Notes#Updated%20notes%20for%20skill%20'Negation'
09%2F06%2F2025#13%3A38#dd#000000000000#Project#Updated%20project%20metadata
09%2F06%2F2025#13%3A37#dd#wHPJGBzcYDC9#Skill#Updated%20skill%20'Possessive%20suffixes'%20details
09%2F06%2F2025#13%3A06#dd#000000000000#Project#Updated%20project%20metadata
09%2F06%2F2025#13%3A06#dd#Slk4cXLzN2T6#Notes#Updated%20notes%20for%20skill%20'Simple%20plural'
08%2F06%2F2025#21%3A52#dd#000000000000#Project#Updated%20project%20metadata
08%2F06%2F2025#21%3A49#dd#nod8Bii1spi7#Skill#Updated%20skill%20'As%20and%20into%20something'%20details
08%2F06%2F2025#21%3A48#dd#nod8Bii1spi7#Skill#Updated%20skill%20'As%20and%20into%20something'%20details
08%2F06%2F2025#21%3A48#dd#nod8Bii1spi7#Skill#Updated%20skill%20'As%20and%20into%20something'%20details
08%2F06%2F2025#21%3A48#dd#nod8Bii1spi7#Skill#Updated%20skill%20'As%20and%20into%20something'%20details
08%2F06%2F2025#21%3A48#dd#nod8Bii1spi7#Skill#Updated%20skill%20'As%20and%20into%20something'%20details
08%2F06%2F2025#21%3A48#dd#nod8Bii1spi7#Skill#Updated%20skill%20'As%20and%20into%20something'%20details
08%2F06%2F2025#21%3A48#dd#xqIGO5MIOCWm#Skill#Deleted%20skill%20'Adjectives%20and%20adverbs%20for%20plural'%20from%20unit%202
08%2F06%2F2025#21%3A47#dd#badvEP5oGI7m#Skill#Updated%20skill%20'At%20the%20office'%20details
08%2F06%2F2025#21%3A47#dd#badvEP5oGI7m#Skill#Updated%20skill%20'At%20the%20office'%20details
08%2F06%2F2025#21%3A47#dd#jaYxrKuQftPA#Skill#Updated%20skill%20'At%20the%20store'%20details
08%2F06%2F2025#21%3A47#dd#jaYxrKuQftPA#Skill#Updated%20skill%20'At%20the%20store'%20details
08%2F06%2F2025#21%3A47#dd#jaYxrKuQftPA#Skill#Updated%20skill%20'At%20the%20store'%20details
08%2F06%2F2025#21%3A45#dd#aK8JOyIqsmxo#Skill#Updated%20skill%20'Numbers%2020-100'%20details
08%2F06%2F2025#21%3A45#dd#1G4Brq89ruYT#Skill#Updated%20skill%20'Numbers%201-20'%20details
08%2F06%2F2025#21%3A36#dd#NF05wscB7rG5#Skill#Updated%20skill%20'Plural%20of%20adjectives'%20details
08%2F06%2F2025#21%3A36#dd#NF05wscB7rG5#Notes#Updated%20notes%20for%20skill%20'More%20plural'
08%2F06%2F2025#21%3A36#dd#Slk4cXLzN2T6#Notes#Updated%20notes%20for%20skill%20'Simple%20plural'
08%2F06%2F2025#21%3A20#dd#aK8JOyIqsmxo#Skill#Updated%20skill%20'Numbers%2010-100'%20details
08%2F06%2F2025#21%3A20#dd#aK8JOyIqsmxo#Skill#Updated%20skill%20'Numbers%2010-100'%20details
08%2F06%2F2025#21%3A20#dd#aK8JOyIqsmxo#Skill#Updated%20skill%20'Numbers%2010-100'%20details
08%2F06%2F2025#21%3A19#dd#aK8JOyIqsmxo#Skill#Updated%20skill%20'Numbers%2010-100'%20details
08%2F06%2F2025#21%3A19#dd#aK8JOyIqsmxo#Skill#Updated%20skill%20'Numbers%2010-100'%20details
08%2F06%2F2025#21%3A19#dd#aK8JOyIqsmxo#Skill#Updated%20skill%20'Numbers%2010-100'%20details
08%2F06%2F2025#21%3A19#dd#aK8JOyIqsmxo#Skill#Updated%20skill%20'Numbers%2010-100'%20details
08%2F06%2F2025#21%3A19#dd#aK8JOyIqsmxo#Skill#Updated%20skill%20'Numbers%2010-100'%20details
08%2F06%2F2025#21%3A19#dd#aK8JOyIqsmxo#Skill#Updated%20skill%20'Numbers%2010-100'%20details
08%2F06%2F2025#21%3A19#dd#aK8JOyIqsmxo#Skill#Updated%20skill%20'Numbers%2010-100'%20details
08%2F06%2F2025#21%3A19#dd#aK8JOyIqsmxo#Skill#Updated%20skill%20'Numbers%2010-100'%20details
08%2F06%2F2025#21%3A18#dd#aK8JOyIqsmxo#Skill#Added%20new%20skill%20'New%20Skill'%20to%20unit%201
08%2F06%2F2025#21%3A18#dd#1G4Brq89ruYT#Skill#Updated%20skill%20'Numbers%201-10'%20details
08%2F06%2F2025#20%3A54#dd#000000000000#Project#Updated%20project%20metadata
08%2F06%2F2025#06%3A32#NorppuWamppu#000000000000#Project#Updated%20project%20metadata
08%2F06%2F2025#06%3A32#NorppuWamppu#IYAgSILK2reR#Notes#Updated%20notes%20for%20skill%20'Months%20and%20seasons'
08%2F06%2F2025#06%3A12#NorppuWamppu#IYAgSILK2reR#Skill#Updated%20skill%20'Months%20and%20seasons'%20details
08%2F06%2F2025#06%3A12#NorppuWamppu#IYAgSILK2reR#Skill#Added%20new%20skill%20'New%20Skill'%20to%20unit%201
08%2F06%2F2025#06%3A11#NorppuWamppu#mAAHEy2Fd7Xs#Notes#Updated%20notes%20for%20skill%20'The%20clock'
08%2F06%2F2025#06%3A11#NorppuWamppu#hIPnc1qCYEAu#Notes#Updated%20notes%20for%20skill%20'Time%20expressions'
08%2F06%2F2025#06%3A11#NorppuWamppu#000000000000#Project#Updated%20project%20metadata
08%2F06%2F2025#06%3A11#NorppuWamppu#hIPnc1qCYEAu#Skill#Updated%20skill%20'Time%20expressions'%20details
08%2F06%2F2025#06%3A10#NorppuWamppu#hIPnc1qCYEAu#Skill#Added%20new%20skill%20'New%20Skill'%20to%20unit%201
08%2F06%2F2025#06%3A10#NorppuWamppu#mAAHEy2Fd7Xs#Skill#Updated%20skill%20'The%20clock'%20details
08%2F06%2F2025#05%3A43#NorppuWamppu#oCWvpLyZkmfP#Skill#Updated%20skill%20'Colors'%20details
08%2F06%2F2025#05%3A43#NorppuWamppu#oCWvpLyZkmfP#Skill#Added%20new%20skill%20'New%20Skill'%20to%20unit%201
08%2F06%2F2025#05%3A40#NorppuWamppu#ZQBetGbuI1fE#Skill#Updated%20skill%20'Describing%20yourself'%20details
08%2F06%2F2025#05%3A40#NorppuWamppu#ZQBetGbuI1fE#Skill#Added%20new%20skill%20'New%20Skill'%20to%20unit%202
08%2F06%2F2025#05%3A39#NorppuWamppu#VwZAnAu4uz2l#Skill#Deleted%20skill%20'Describing%20yourself'%20from%20unit%201
07%2F06%2F2025#19%3A58#NorppuWamppu#000000000000#Project#Updated%20project%20metadata
07%2F06%2F2025#19%3A56#NorppuWamppu#Slk4cXLzN2T6#Skill#Updated%20skill%20'Simple%20plural'%20details
07%2F06%2F2025#19%3A56#NorppuWamppu#Slk4cXLzN2T6#Skill#Updated%20skill%20'Simple%20plural'%20details
07%2F06%2F2025#19%3A54#NorppuWamppu#Slk4cXLzN2T6#Notes#Updated%20notes%20for%20skill%20'Simple%20plural'
07%2F06%2F2025#19%3A54#NorppuWamppu#NF05wscB7rG5#Notes#Updated%20notes%20for%20skill%20'More%20plural'
07%2F06%2F2025#19%3A54#NorppuWamppu#Ns0uOo8bweAB#Skill#Updated%20skill%20'More%20plural%202'%20details
07%2F06%2F2025#19%3A54#NorppuWamppu#NF05wscB7rG5#Skill#Updated%20skill%20'More%20plural'%20details
07%2F06%2F2025#19%3A53#NorppuWamppu#Slk4cXLzN2T6#Skill#Updated%20skill%20'Simple%20plural'%20details
07%2F06%2F2025#19%3A53#NorppuWamppu#Slk4cXLzN2T6#Skill#Added%20new%20skill%20'New%20Skill'%20to%20unit%200
07%2F06%2F2025#19%3A49#NorppuWamppu#Ns0uOo8bweAB#Notes#Updated%20notes%20for%20skill%20'More%20plural'
07%2F06%2F2025#19%3A49#NorppuWamppu#Ns0uOo8bweAB#Skill#Updated%20skill%20'More%20plural'%20details
07%2F06%2F2025#19%3A49#NorppuWamppu#Ns0uOo8bweAB#Skill#Updated%20skill%20'Plural'%20details
07%2F06%2F2025#19%3A49#NorppuWamppu#Ns0uOo8bweAB#Skill#Added%20new%20skill%20'New%20Skill'%20to%20unit%201
07%2F06%2F2025#19%3A48#NorppuWamppu#NF05wscB7rG5#Skill#Updated%20skill%20'Simple%20plural'%20details
07%2F06%2F2025#19%3A47#NorppuWamppu#NF05wscB7rG5#Skill#Updated%20skill%20'Plural'%20details
07%2F06%2F2025#19%3A47#NorppuWamppu#NF05wscB7rG5#Skill#Added%20new%20skill%20'New%20Skill'%20to%20unit%201
06%2F06%2F2025#22%3A43#NorppuWamppu#000000000000#Project#Updated%20project%20metadata
06%2F06%2F2025#22%3A43#NorppuWamppu#NVuNVwtTv324#Notes#Updated%20notes%20for%20skill%20'Accusative'
06%2F06%2F2025#22%3A42#NorppuWamppu#NVuNVwtTv324#Skill#Updated%20skill%20'Accusative'%20details
06%2F06%2F2025#22%3A42#NorppuWamppu#x2AaAxW2Oy6R#Skill#Deleted%20skill%20'Accusative'%20from%20unit%202
06%2F06%2F2025#22%3A36#NorppuWamppu#000000000000#Project#Updated%20project%20metadata
06%2F06%2F2025#22%3A36#NorppuWamppu#NVuNVwtTv324#Notes#Updated%20notes%20for%20skill%20'Accusative%20pre'
06%2F06%2F2025#22%3A35#NorppuWamppu#NVuNVwtTv324#Notes#Updated%20notes%20for%20skill%20'Accusative%20pre'
06%2F06%2F2025#22%3A35#NorppuWamppu#NVuNVwtTv324#Skill#Updated%20skill%20'Accusative%20pre'%20details
06%2F06%2F2025#22%3A35#NorppuWamppu#NVuNVwtTv324#Skill#Added%20new%20skill%20'New%20Skill'%20to%20unit%201
06%2F06%2F2025#22%3A33#NorppuWamppu#Wd9fEobQFT0Q#Skill#Updated%20skill%20'Imperative'%20details
06%2F06%2F2025#22%3A33#NorppuWamppu#xkxgGYnlc9Ho#Skill#Updated%20skill%20'Negation'%20details
06%2F06%2F2025#22%3A33#NorppuWamppu#badvEP5oGI7m#Skill#Updated%20skill%20'At%20the%20office'%20details
06%2F06%2F2025#22%3A32#NorppuWamppu#n2MdSbbQQ0SV#Skill#Deleted%20skill%20'Office%20vocabulary'%20from%20unit%201
06%2F06%2F2025#22%3A32#NorppuWamppu#OE5LX5p4iM63#Skill#Deleted%20skill%20'At%20the%20store'%20from%20unit%201
06%2F06%2F2025#22%3A32#NorppuWamppu#R5DMQ0GF44IH#Skill#Deleted%20skill%20'Negation'%20from%20unit%202
06%2F06%2F2025#22%3A32#NorppuWamppu#HLWQiJGaBC00#Skill#Deleted%20skill%20'Imperative'%20from%20unit%202
06%2F06%2F2025#22%3A03#NorppuWamppu#000000000000#Project#Updated%20project%20metadata
06%2F06%2F2025#22%3A02#NorppuWamppu#badvEP5oGI7m#Notes#Updated%20notes%20for%20skill%20'New%20Skill'
06%2F06%2F2025#22%3A02#NorppuWamppu#badvEP5oGI7m#Skill#Added%20new%20skill%20'New%20Skill'%20to%20unit%202
06%2F06%2F2025#22%3A02#NorppuWamppu#jaYxrKuQftPA#Notes#Updated%20notes%20for%20skill%20'At%20the%20store%20pre'
06%2F06%2F2025#22%3A02#NorppuWamppu#jaYxrKuQftPA#Skill#Updated%20skill%20'At%20the%20store%20pre'%20details
06%2F06%2F2025#22%3A02#NorppuWamppu#jaYxrKuQftPA#Skill#Added%20new%20skill%20'New%20Skill'%20to%20unit%202
06%2F06%2F2025#22%3A02#NorppuWamppu#xkxgGYnlc9Ho#Skill#Updated%20skill%20'Negation%20pre'%20details
06%2F06%2F2025#22%3A01#NorppuWamppu#xkxgGYnlc9Ho#Notes#Updated%20notes%20for%20skill%20'New%20Skill'
06%2F06%2F2025#22%3A01#NorppuWamppu#xkxgGYnlc9Ho#Skill#Added%20new%20skill%20'New%20Skill'%20to%20unit%201
06%2F06%2F2025#22%3A01#NorppuWamppu#Wd9fEobQFT0Q#Notes#Updated%20notes%20for%20skill%20'Imperative%20pre'
06%2F06%2F2025#22%3A01#NorppuWamppu#Wd9fEobQFT0Q#Skill#Updated%20skill%20'Imperative%20pre'%20details
06%2F06%2F2025#22%3A01#NorppuWamppu#Wd9fEobQFT0Q#Skill#Added%20new%20skill%20'New%20Skill'%20to%20unit%201
06%2F06%2F2025#21%3A00#NorppuWamppu#000000000000#Project#Updated%20project%20metadata
06%2F06%2F2025#21%3A00#NorppuWamppu#rB4evknLdRhR#Notes#Updated%20notes%20for%20skill%20'Describing%20things'
05%2F06%2F2025#15%3A38#NorppuWamppu#000000000000#Project#Updated%20project%20metadata
05%2F06%2F2025#15%3A38#NorppuWamppu#135Oz1Px1YtM#Sentences#Updated%20sentences%20for%20skill%20'Adjectives%20and%20adverbs'
05%2F06%2F2025#15%3A36#NorppuWamppu#135Oz1Px1YtM#Vocab#Updated%20vocabulary%20for%20skill%20'Adjectives%20and%20adverbs'
05%2F06%2F2025#15%3A05#NorppuWamppu#000000000000#Project#Updated%20project%20metadata
05%2F06%2F2025#15%3A05#NorppuWamppu#135Oz1Px1YtM#Skill#Updated%20skill%20'Adjectives%20and%20adverbs'%20details
05%2F06%2F2025#15%3A05#NorppuWamppu#135Oz1Px1YtM#Skill#Updated%20skill%20'Adjectives%20and%20adverbs'%20details
05%2F06%2F2025#15%3A05#NorppuWamppu#uosT6q4TrW6D#Skill#Updated%20skill%20'Countries%20and%20nationalities'%20details
05%2F06%2F2025#15%3A05#NorppuWamppu#uosT6q4TrW6D#Skill#Updated%20skill%20'Countries%20and%20nationalities'%20details
05%2F06%2F2025#15%3A05#NorppuWamppu#WTNWxVTuxwkY#Skill#Updated%20skill%20'Geography%20of%20Finland'%20details
05%2F06%2F2025#15%3A05#NorppuWamppu#WTNWxVTuxwkY#Skill#Updated%20skill%20'Geography%20of%20Finland'%20details
05%2F06%2F2025#15%3A04#NorppuWamppu#8bwXSbjpAMhr#Skill#Updated%20skill%20'More%20verbs'%20details
05%2F06%2F2025#15%3A04#NorppuWamppu#8bwXSbjpAMhr#Skill#Updated%20skill%20'More%20verbs'%20details
05%2F06%2F2025#15%3A04#NorppuWamppu#PQ9UddjxOzVg#Skill#Updated%20skill%20'First%20verbs%20in%20the%20present%20tense'%20details
05%2F06%2F2025#15%3A04#NorppuWamppu#PQ9UddjxOzVg#Skill#Updated%20skill%20'First%20verbs%20in%20the%20present%20tense'%20details
05%2F06%2F2025#15%3A04#NorppuWamppu#rB4evknLdRhR#Skill#Updated%20skill%20'Describing%20things'%20details
05%2F06%2F2025#15%3A04#NorppuWamppu#rB4evknLdRhR#Skill#Updated%20skill%20'Describing%20things'%20details
05%2F06%2F2025#15%3A04#NorppuWamppu#RY6sUQzQYPS3#Skill#Updated%20skill%20'Greetings'%20details
05%2F06%2F2025#15%3A04#NorppuWamppu#RY6sUQzQYPS3#Skill#Updated%20skill%20'Greetings'%20details
05%2F06%2F2025#15%3A03#NorppuWamppu#HB4HvsqREERD#Skill#Updated%20skill%20'First%20words'%20details
05%2F06%2F2025#15%3A03#NorppuWamppu#RY6sUQzQYPS3#Skill#Updated%20skill%20'Greetings'%20details
05%2F06%2F2025#15%3A03#NorppuWamppu#RY6sUQzQYPS3#Skill#Updated%20skill%20'Greetings'%20details
05%2F06%2F2025#15%3A03#NorppuWamppu#RY6sUQzQYPS3#Skill#Updated%20skill%20'Greetings'%20details
05%2F06%2F2025#15%3A03#NorppuWamppu#RY6sUQzQYPS3#Skill#Updated%20skill%20'Greetings'%20details
05%2F06%2F2025#15%3A03#NorppuWamppu#RY6sUQzQYPS3#Skill#Updated%20skill%20'Greetings'%20details
05%2F06%2F2025#15%3A03#NorppuWamppu#HB4HvsqREERD#Skill#Updated%20skill%20'First%20words'%20details
05%2F06%2F2025#15%3A02#NorppuWamppu#HB4HvsqREERD#Skill#Updated%20skill%20'First%20words'%20details
05%2F06%2F2025#14%3A27#NorppuWamppu#000000000000#Project#Updated%20project%20metadata
05%2F06%2F2025#14%3A27#NorppuWamppu#8bwXSbjpAMhr#Notes#Updated%20notes%20for%20skill%20'More%20verbs'
05%2F06%2F2025#14%3A27#NorppuWamppu#8bwXSbjpAMhr#Skill#Updated%20skill%20'More%20verbs'%20details
05%2F06%2F2025#14%3A27#NorppuWamppu#8bwXSbjpAMhr#Skill#Updated%20skill%20'More%20verbs'%20details
05%2F06%2F2025#14%3A27#NorppuWamppu#8bwXSbjpAMhr#Skill#Updated%20skill%20'More%20verbs'%20details
05%2F06%2F2025#14%3A27#NorppuWamppu#8bwXSbjpAMhr#Skill#Updated%20skill%20'More%20verbs'%20details
05%2F06%2F2025#14%3A26#NorppuWamppu#8bwXSbjpAMhr#Skill#Added%20new%20skill%20'New%20Skill'%20to%20unit%200
05%2F06%2F2025#14%3A23#NorppuWamppu#000000000000#Project#Updated%20project%20metadata
05%2F06%2F2025#14%3A23#NorppuWamppu#rf8PgLvKwdi7#Skill#Deleted%20skill%20'Countries%20and%20nationalities'%20from%20unit%201
05%2F06%2F2025#14%3A23#NorppuWamppu#nBwRXTtfYBCV#Skill#Deleted%20skill%20'Geography%20of%20Finland'%20from%20unit%201
05%2F06%2F2025#14%3A22#NorppuWamppu#uosT6q4TrW6D#Notes#Updated%20notes%20for%20skill%20'Countries%20and%20nationalities'
05%2F06%2F2025#14%3A22#NorppuWamppu#uosT6q4TrW6D#Skill#Updated%20skill%20'Countries%20and%20nationalities'%20details
05%2F06%2F2025#14%3A22#NorppuWamppu#uosT6q4TrW6D#Skill#Updated%20skill%20'Countries%20and%20nationalities'%20details
05%2F06%2F2025#14%3A22#NorppuWamppu#uosT6q4TrW6D#Skill#Updated%20skill%20'Countries%20and%20nationalities'%20details
05%2F06%2F2025#14%3A21#NorppuWamppu#uosT6q4TrW6D#Skill#Updated%20skill%20'Countries%20and%20nationalities'%20details
05%2F06%2F2025#14%3A21#NorppuWamppu#uosT6q4TrW6D#Skill#Updated%20skill%20'Countries%20and%20nationalities'%20details
05%2F06%2F2025#14%3A21#NorppuWamppu#uosT6q4TrW6D#Skill#Updated%20skill%20'Countries%20and%20nationalities'%20details
05%2F06%2F2025#14%3A21#NorppuWamppu#uosT6q4TrW6D#Skill#Updated%20skill%20'Countries%20and%20nationalities'%20details
05%2F06%2F2025#14%3A21#NorppuWamppu#WTNWxVTuxwkY#Skill#Updated%20skill%20'Geography%20of%20Finland'%20details
05%2F06%2F2025#14%3A21#NorppuWamppu#WTNWxVTuxwkY#Skill#Updated%20skill%20'Geography%20of%20Finland'%20details
05%2F06%2F2025#14%3A21#NorppuWamppu#WTNWxVTuxwkY#Skill#Updated%20skill%20'Geography%20of%20Finland'%20details
05%2F06%2F2025#14%3A20#NorppuWamppu#WTNWxVTuxwkY#Skill#Updated%20skill%20'Geography%20of%20Finland'%20details
05%2F06%2F2025#14%3A20#NorppuWamppu#uosT6q4TrW6D#Skill#Updated%20skill%20'Countries%20and%20nationalities'%20details
05%2F06%2F2025#14%3A20#NorppuWamppu#uosT6q4TrW6D#Notes#Updated%20notes%20for%20skill%20'New%20Skill'
05%2F06%2F2025#14%3A20#NorppuWamppu#uosT6q4TrW6D#Skill#Added%20new%20skill%20'New%20Skill'%20to%20unit%200
05%2F06%2F2025#14%3A19#NorppuWamppu#WTNWxVTuxwkY#Notes#Updated%20notes%20for%20skill%20'Geography%20of%20Finland'
05%2F06%2F2025#14%3A19#NorppuWamppu#WTNWxVTuxwkY#Skill#Updated%20skill%20'Geography%20of%20Finland'%20details
05%2F06%2F2025#14%3A19#NorppuWamppu#WTNWxVTuxwkY#Skill#Added%20new%20skill%20'New%20Skill'%20to%20unit%200
05%2F06%2F2025#14%3A15#NorppuWamppu#000000000000#Project#Updated%20project%20metadata
05%2F06%2F2025#14%3A13#NorppuWamppu#PQ9UddjxOzVg#Notes#Updated%20notes%20for%20skill%20'First%20verbs%20in%20the%20present%20tense'
05%2F06%2F2025#14%3A12#NorppuWamppu#PQ9UddjxOzVg#Notes#Updated%20notes%20for%20skill%20'First%20verbs%20in%20the%20present%20tense'
05%2F06%2F2025#14%3A07#NorppuWamppu#5eZGDDHSBeHQ#Skill#Deleted%20skill%20'More%20verbs%20in%20present%20tense'%20from%20unit%201
05%2F06%2F2025#13%3A58#NorppuWamppu#5eZGDDHSBeHQ#Skill#Updated%20skill%20'More%20verbs%20in%20present%20tense'%20details
05%2F06%2F2025#13%3A34#NorppuWamppu#PQ9UddjxOzVg#Skill#Updated%20skill%20'First%20verbs%20in%20the%20present%20tense'%20details
05%2F06%2F2025#13%3A33#NorppuWamppu#PQ9UddjxOzVg#Skill#Updated%20skill%20'First%20verbs%20in%20the%20present%20tense'%20details
05%2F06%2F2025#13%3A33#NorppuWamppu#PQ9UddjxOzVg#Skill#Updated%20skill%20'First%20verbs%20in%20the%20present%20tense'%20details
05%2F06%2F2025#13%3A33#NorppuWamppu#PQ9UddjxOzVg#Skill#Updated%20skill%20'First%20verbs%20in%20the%20present%20tense'%20details
05%2F06%2F2025#13%3A33#NorppuWamppu#PQ9UddjxOzVg#Skill#Updated%20skill%20'First%20verbs%20in%20the%20present%20tense'%20details
05%2F06%2F2025#13%3A33#NorppuWamppu#PQ9UddjxOzVg#Skill#Added%20new%20skill%20'New%20Skill'%20to%20unit%200
05%2F06%2F2025#13%3A32#NorppuWamppu#rB4evknLdRhR#Notes#Updated%20notes%20for%20skill%20'Describing%20things'
05%2F06%2F2025#13%3A32#NorppuWamppu#rB4evknLdRhR#Notes#Updated%20notes%20for%20skill%20'Describing%20things'
05%2F06%2F2025#13%3A31#NorppuWamppu#rB4evknLdRhR#Notes#Updated%20notes%20for%20skill%20'Describing%20things'
04%2F06%2F2025#20%3A19#NorppuWamppu#000000000000#Project#Updated%20project%20metadata
04%2F06%2F2025#20%3A19#NorppuWamppu#HB4HvsqREERD#Notes#Updated%20notes%20for%20skill%20'First%20words'
04%2F06%2F2025#16%3A49#NorppuWamppu#000000000000#Project#Updated%20project%20metadata
04%2F06%2F2025#16%3A49#NorppuWamppu#RIyJilCxYe9a#Skill#Updated%20skill%20'Verbs%20in%20perfect%20tense'%20details
04%2F06%2F2025#16%3A49#NorppuWamppu#RIyJilCxYe9a#Skill#Updated%20skill%20'Verbs%20in%20perfect%20tense'%20details
04%2F06%2F2025#15%3A40#NorppuWamppu#000000000000#Project#Updated%20project%20metadata
04%2F06%2F2025#15%3A40#NorppuWamppu#DOqU6jYzutd9#Skill#Updated%20skill%20'Verbs%20in%20past%20tense%201'%20details
04%2F06%2F2025#15%3A40#NorppuWamppu#DOqU6jYzutd9#Skill#Updated%20skill%20'Verbs%20in%20past%20tense%201'%20details
04%2F06%2F2025#15%3A38#NorppuWamppu#000000000000#Project#Updated%20project%20metadata
04%2F06%2F2025#15%3A37#NorppuWamppu#DOqU6jYzutd9#Skill#Updated%20skill%20'Verbs%20in%20past%20tense%201'%20details
02%2F06%2F2025#21%3A28#NorppuWamppu#000000000000#Project#Updated%20project%20metadata
02%2F06%2F2025#21%3A28#NorppuWamppu#x2AaAxW2Oy6R#Skill#Updated%20skill%20'Accusative'%20details
02%2F06%2F2025#21%3A28#NorppuWamppu#6ImMGnOu0gYd#Skill#Updated%20skill%20'Animals'%20details
02%2F06%2F2025#21%3A28#NorppuWamppu#6ImMGnOu0gYd#Skill#Updated%20skill%20'Animals'%20details
02%2F06%2F2025#21%3A28#NorppuWamppu#HLWQiJGaBC00#Skill#Updated%20skill%20'Imperative'%20details
02%2F06%2F2025#21%3A28#NorppuWamppu#HLWQiJGaBC00#Skill#Updated%20skill%20'Imperative'%20details
02%2F06%2F2025#21%3A28#NorppuWamppu#n2MdSbbQQ0SV#Skill#Updated%20skill%20'Office%20vocabulary'%20details
02%2F06%2F2025#21%3A27#NorppuWamppu#n2MdSbbQQ0SV#Skill#Updated%20skill%20'Office%20vocabulary'%20details
02%2F06%2F2025#21%3A27#NorppuWamppu#OE5LX5p4iM63#Skill#Updated%20skill%20'At%20the%20store'%20details
02%2F06%2F2025#21%3A27#NorppuWamppu#OE5LX5p4iM63#Skill#Updated%20skill%20'At%20the%20store'%20details
02%2F06%2F2025#21%3A27#NorppuWamppu#mAAHEy2Fd7Xs#Skill#Updated%20skill%20'Talking%20about%20time'%20details
02%2F06%2F2025#21%3A27#NorppuWamppu#mAAHEy2Fd7Xs#Skill#Updated%20skill%20'Talking%20about%20time'%20details
02%2F06%2F2025#21%3A26#NorppuWamppu#IyFZJwiWpGXW#Skill#Updated%20skill%20'Asking%20questions'%20details
02%2F06%2F2025#21%3A25#NorppuWamppu#O9Mt3B3Xigcl#Skill#Updated%20skill%20'Furniture%20and%20home'%20details
02%2F06%2F2025#21%3A25#NorppuWamppu#O9Mt3B3Xigcl#Skill#Updated%20skill%20'Furniture%20and%20home'%20details
02%2F06%2F2025#21%3A25#NorppuWamppu#wQxintDfLlyh#Skill#Updated%20skill%20'On%2C%20onto%20and%20from'%20details
02%2F06%2F2025#21%3A25#NorppuWamppu#wQxintDfLlyh#Skill#Updated%20skill%20'On%2C%20onto%20and%20from'%20details
02%2F06%2F2025#21%3A25#NorppuWamppu#BubWZJl8EiBA#Skill#Updated%20skill%20'Genitive'%20details
02%2F06%2F2025#21%3A24#NorppuWamppu#BubWZJl8EiBA#Skill#Updated%20skill%20'Genitive'%20details
02%2F06%2F2025#20%3A17#NorppuWamppu#vQKKXQXtfsoa#Skill#Updated%20skill%20'Superlative'%20details
02%2F06%2F2025#20%3A17#NorppuWamppu#vQKKXQXtfsoa#Skill#Updated%20skill%20'Superlative'%20details
02%2F06%2F2025#20%3A16#NorppuWamppu#n2MdSbbQQ0SV#Skill#Updated%20skill%20'Office%20vocabulary'%20details
02%2F06%2F2025#20%3A16#NorppuWamppu#n2MdSbbQQ0SV#Skill#Updated%20skill%20'Office%20vocabulary'%20details
02%2F06%2F2025#20%3A16#NorppuWamppu#n2MdSbbQQ0SV#Skill#Updated%20skill%20'Office%20vocabulary'%20details
02%2F06%2F2025#20%3A16#NorppuWamppu#n2MdSbbQQ0SV#Skill#Updated%20skill%20'Office%20vocabulary'%20details
02%2F06%2F2025#20%3A16#NorppuWamppu#n2MdSbbQQ0SV#Skill#Updated%20skill%20'Office%20vocabulary'%20details
02%2F06%2F2025#20%3A13#NorppuWamppu#000000000000#Project#Updated%20project%20metadata
02%2F06%2F2025#20%3A13#NorppuWamppu#n2MdSbbQQ0SV#Skill#Updated%20skill%20'Office%20vocabulary'%20details
02%2F06%2F2025#20%3A13#NorppuWamppu#n2MdSbbQQ0SV#Notes#Updated%20notes%20for%20skill%20'New%20Skill'
02%2F06%2F2025#20%3A13#NorppuWamppu#n2MdSbbQQ0SV#Skill#Added%20new%20skill%20'New%20Skill'%20to%20unit%201
02%2F06%2F2025#17%3A58#NorppuWamppu#000000000000#Project#Updated%20project%20metadata
02%2F06%2F2025#17%3A58#NorppuWamppu#OE5LX5p4iM63#Notes#Updated%20notes%20for%20skill%20'At%20the%20store'
02%2F06%2F2025#17%3A57#NorppuWamppu#OE5LX5p4iM63#Skill#Updated%20skill%20'At%20the%20store'%20details
02%2F06%2F2025#17%3A57#NorppuWamppu#OE5LX5p4iM63#Skill#Updated%20skill%20'At%20the%20store'%20details
02%2F06%2F2025#17%3A57#NorppuWamppu#OE5LX5p4iM63#Skill#Updated%20skill%20'At%20the%20store'%20details
02%2F06%2F2025#17%3A57#NorppuWamppu#OE5LX5p4iM63#Skill#Updated%20skill%20'At%20the%20store'%20details
02%2F06%2F2025#17%3A57#NorppuWamppu#OE5LX5p4iM63#Skill#Added%20new%20skill%20'New%20Skill'%20to%20unit%201
02%2F06%2F2025#17%3A56#NorppuWamppu#PL9WYoIrDMfI#Skill#Deleted%20skill%20'New%20Skill'%20from%20unit%201
02%2F06%2F2025#17%3A56#NorppuWamppu#PL9WYoIrDMfI#Skill#Added%20new%20skill%20'New%20Skill'%20to%20unit%201
02%2F06%2F2025#15%3A48#ateh#000000000000#Project#Updated%20project%20metadata
02%2F06%2F2025#15%3A48#ateh#nBwRXTtfYBCV#Sentences#Updated%20sentences%20for%20skill%20'Geography%20of%20Finland'
02%2F06%2F2025#15%3A46#ateh#rB4evknLdRhR#Sentences#Updated%20sentences%20for%20skill%20'Describing%20things'
02%2F06%2F2025#15%3A43#ateh#pyyVC8X5rhPm#Sentences#Updated%20sentences%20for%20skill%20'Inside%2C%20into%20and%20from'
02%2F06%2F2025#15%3A41#ateh#pyyVC8X5rhPm#Sentences#Updated%20sentences%20for%20skill%20'Inside%2C%20into%20and%20from'
02%2F06%2F2025#15%3A37#ateh#pyyVC8X5rhPm#Vocab#Updated%20vocabulary%20for%20skill%20'Inside%2C%20into%20and%20from'
02%2F06%2F2025#15%3A35#ateh#pyyVC8X5rhPm#Sentences#Updated%20sentences%20for%20skill%20'Inside%2C%20into%20and%20from'
02%2F06%2F2025#15%3A33#ateh#RY6sUQzQYPS3#Sentences#Updated%20sentences%20for%20skill%20'Greetings'
02%2F06%2F2025#15%3A33#ateh#RY6sUQzQYPS3#Vocab#Updated%20vocabulary%20for%20skill%20'Greetings'
02%2F06%2F2025#15%3A32#ateh#RY6sUQzQYPS3#Skill#Updated%20skill%20'Greetings'%20details
02%2F06%2F2025#15%3A32#ateh#RY6sUQzQYPS3#Skill#Updated%20skill%20'Greetings'%20details
02%2F06%2F2025#15%3A32#ateh#RY6sUQzQYPS3#Skill#Updated%20skill%20'Greetings'%20details
02%2F06%2F2025#15%3A32#ateh#RY6sUQzQYPS3#Skill#Updated%20skill%20'Greetings'%20details
02%2F06%2F2025#15%3A32#ateh#RY6sUQzQYPS3#Skill#Updated%20skill%20'Greetings'%20details
02%2F06%2F2025#15%3A32#ateh#RY6sUQzQYPS3#Skill#Updated%20skill%20'Greetings'%20details
02%2F06%2F2025#15%3A32#ateh#RY6sUQzQYPS3#Skill#Updated%20skill%20'Greetings'%20details
02%2F06%2F2025#15%3A29#ateh#RY6sUQzQYPS3#Sentences#Updated%20sentences%20for%20skill%20'Greetings'
02%2F06%2F2025#15%3A29#ateh#RY6sUQzQYPS3#Vocab#Updated%20vocabulary%20for%20skill%20'Greetings'
02%2F06%2F2025#15%3A27#ateh#RY6sUQzQYPS3#Sentences#Updated%20sentences%20for%20skill%20'Greetings'
02%2F06%2F2025#15%3A26#ateh#RY6sUQzQYPS3#Sentences#Updated%20sentences%20for%20skill%20'Greetings'
02%2F06%2F2025#15%3A21#ateh#RY6sUQzQYPS3#Vocab#Updated%20vocabulary%20for%20skill%20'Greetings'
02%2F06%2F2025#15%3A17#ateh#HB4HvsqREERD#Sentences#Updated%20sentences%20for%20skill%20'First%20words'
02%2F06%2F2025#15%3A16#ateh#RY6sUQzQYPS3#Vocab#Updated%20vocabulary%20for%20skill%20'Greetings'
02%2F06%2F2025#15%3A14#ateh#RY6sUQzQYPS3#Vocab#Updated%20vocabulary%20for%20skill%20'Greetings'
02%2F06%2F2025#15%3A13#ateh#HB4HvsqREERD#Skill#Updated%20skill%20'First%20words'%20details
02%2F06%2F2025#15%3A12#ateh#RY6sUQzQYPS3#Skill#Updated%20skill%20'Greetings'%20details
02%2F06%2F2025#15%3A12#ateh#RY6sUQzQYPS3#Skill#Added%20new%20skill%20'New%20Skill'%20to%20unit%200
02%2F06%2F2025#15%3A09#ateh#5eZGDDHSBeHQ#Sentences#Updated%20sentences%20for%20skill%20'Conjugating%20verbs%20in%20present%20tense'
02%2F06%2F2025#15%3A05#ateh#6ImMGnOu0gYd#Vocab#Updated%20vocabulary%20for%20skill%20'Animals'
02%2F06%2F2025#15%3A04#ateh#x2AaAxW2Oy6R#Notes#Updated%20notes%20for%20skill%20'Accusative'
02%2F06%2F2025#09%3A22#NorppuWamppu#000000000000#Project#Updated%20project%20metadata
02%2F06%2F2025#09%3A22#NorppuWamppu#vQKKXQXtfsoa#Skill#Updated%20skill%20'Superlative'%20details
02%2F06%2F2025#09%3A22#NorppuWamppu#vQKKXQXtfsoa#Skill#Added%20new%20skill%20'New%20Skill'%20to%20unit%201
02%2F06%2F2025#09%3A21#NorppuWamppu#000000000000#Project#Updated%20project%20metadata
02%2F06%2F2025#09%3A21#NorppuWamppu#B1ZpmdIlZLpL#Notes#Updated%20notes%20for%20skill%20'Comparative'
02%2F06%2F2025#09%3A17#NorppuWamppu#B1ZpmdIlZLpL#Notes#Updated%20notes%20for%20skill%20'Comparative'
02%2F06%2F2025#09%3A17#NorppuWamppu#B1ZpmdIlZLpL#Notes#Updated%20notes%20for%20skill%20'Comparative'
02%2F06%2F2025#09%3A17#NorppuWamppu#B1ZpmdIlZLpL#Skill#Updated%20skill%20'Comparative'%20details
01%2F06%2F2025#19%3A27#NorppuWamppu#000000000000#Project#Updated%20project%20metadata
01%2F06%2F2025#19%3A26#NorppuWamppu#wQxintDfLlyh#Notes#Updated%20notes%20for%20skill%20'On%2C%20onto%20and%20from'
01%2F06%2F2025#19%3A25#NorppuWamppu#wQxintDfLlyh#Notes#Updated%20notes%20for%20skill%20'On%2C%20onto%20and%20from'
01%2F06%2F2025#19%3A24#NorppuWamppu#wQxintDfLlyh#Notes#Updated%20notes%20for%20skill%20'On%2C%20onto%20and%20from'
01%2F06%2F2025#19%3A24#NorppuWamppu#wQxintDfLlyh#Notes#Updated%20notes%20for%20skill%20'On%2C%20onto%20and%20from'
01%2F06%2F2025#19%3A23#NorppuWamppu#pyyVC8X5rhPm#Notes#Updated%20notes%20for%20skill%20'Inside%2C%20into%20and%20from'
01%2F06%2F2025#19%3A23#NorppuWamppu#wQxintDfLlyh#Skill#Updated%20skill%20'On%2C%20onto%20and%20from'%20details
01%2F06%2F2025#19%3A22#NorppuWamppu#pyyVC8X5rhPm#Skill#Updated%20skill%20'Inside%2C%20into%20and%20from'%20details
01%2F06%2F2025#19%3A22#NorppuWamppu#wQxintDfLlyh#Skill#Added%20new%20skill%20'New%20Skill'%20to%20unit%201
01%2F06%2F2025#19%3A22#NorppuWamppu#pyyVC8X5rhPm#Skill#Added%20new%20skill%20'New%20Skill'%20to%20unit%201
01%2F06%2F2025#19%3A13#NorppuWamppu#5BKzUXmQtnH4#Skill#Deleted%20skill%20'On%2C%20from%20and%20onto'%20from%20unit%201
01%2F06%2F2025#19%3A13#NorppuWamppu#3XGyXGv3NL1f#Skill#Deleted%20skill%20'Inside%2C%20from%20and%20into'%20from%20unit%201
01%2F06%2F2025#18%3A49#NorppuWamppu#000000000000#Project#Updated%20project%20metadata
01%2F06%2F2025#18%3A46#NorppuWamppu#5BKzUXmQtnH4#Notes#Updated%20notes%20for%20skill%20'On%2C%20from%20and%20onto'
01%2F06%2F2025#18%3A45#NorppuWamppu#5BKzUXmQtnH4#Notes#Updated%20notes%20for%20skill%20'On%2C%20from%20and%20onto'
01%2F06%2F2025#18%3A44#NorppuWamppu#5BKzUXmQtnH4#Notes#Updated%20notes%20for%20skill%20'On%2C%20from%20and%20onto'
01%2F06%2F2025#18%3A43#NorppuWamppu#3XGyXGv3NL1f#Notes#Updated%20notes%20for%20skill%20'Inside%2C%20from%20and%20into'
01%2F06%2F2025#18%3A42#NorppuWamppu#000000000000#Project#Updated%20project%20metadata
01%2F06%2F2025#18%3A42#NorppuWamppu#3XGyXGv3NL1f#Skill#Updated%20skill%20'Inside%2C%20from%20and%20into'%20details
01%2F06%2F2025#18%3A41#NorppuWamppu#5BKzUXmQtnH4#Skill#Updated%20skill%20'On%2C%20from%20and%20onto'%20details
01%2F06%2F2025#18%3A41#NorppuWamppu#5BKzUXmQtnH4#Skill#Updated%20skill%20'On%2C%20from%20on%20top%20of%20and%20onto'%20details
01%2F06%2F2025#18%3A41#NorppuWamppu#5BKzUXmQtnH4#Skill#Added%20new%20skill%20'New%20Skill'%20to%20unit%201
01%2F06%2F2025#17%3A40#NorppuWamppu#3XGyXGv3NL1f#Skill#Updated%20skill%20'Inside%2C%20from%20and%20to'%20details
01%2F06%2F2025#17%3A40#NorppuWamppu#3XGyXGv3NL1f#Skill#Updated%20skill%20'Inside%2C%20from%20and%20to'%20details
01%2F06%2F2025#17%3A39#NorppuWamppu#3XGyXGv3NL1f#Skill#Updated%20skill%20'Inessive%2C%20el'%20details
01%2F06%2F2025#17%3A38#NorppuWamppu#3XGyXGv3NL1f#Skill#Added%20new%20skill%20'New%20Skill'%20to%20unit%201
01%2F06%2F2025#04%3A44#NorppuWamppu#000000000000#Project#Updated%20project%20metadata
01%2F06%2F2025#04%3A20#NorppuWamppu#x2AaAxW2Oy6R#Skill#Updated%20skill%20'Accusative'%20details
01%2F06%2F2025#04%3A19#NorppuWamppu#BubWZJl8EiBA#Skill#Updated%20skill%20'Genitive'%20details
01%2F06%2F2025#04%3A19#NorppuWamppu#BubWZJl8EiBA#Skill#Added%20new%20skill%20'New%20Skill'%20to%20unit%201
31%2F05%2F2025#22%3A09#ateh#000000000000#Project#Updated%20project%20metadata
31%2F05%2F2025#22%3A09#ateh#000000000000#Project#Updated%20project%20metadata
31%2F05%2F2025#22%3A09#ateh#000000000000#Project#Updated%20project%20metadata
31%2F05%2F2025#22%3A08#ateh#6ImMGnOu0gYd#Sentences#Updated%20sentences%20for%20skill%20'Animals'
31%2F05%2F2025#22%3A06#ateh#6ImMGnOu0gYd#Sentences#Updated%20sentences%20for%20skill%20'Animals'
31%2F05%2F2025#22%3A05#ateh#6ImMGnOu0gYd#Vocab#Updated%20vocabulary%20for%20skill%20'Animals'
31%2F05%2F2025#22%3A04#ateh#6ImMGnOu0gYd#Vocab#Updated%20vocabulary%20for%20skill%20'Animals'
31%2F05%2F2025#22%3A02#ateh#6ImMGnOu0gYd#Vocab#Updated%20vocabulary%20for%20skill%20'Animals'
31%2F05%2F2025#21%3A57#ateh#x2AaAxW2Oy6R#Notes#Updated%20notes%20for%20skill%20'Akkusative'
31%2F05%2F2025#21%3A56#ateh#x2AaAxW2Oy6R#Notes#Updated%20notes%20for%20skill%20'Akkusative'
31%2F05%2F2025#21%3A54#ateh#x2AaAxW2Oy6R#Notes#Updated%20notes%20for%20skill%20'Akkusative'
31%2F05%2F2025#21%3A54#ateh#x2AaAxW2Oy6R#Sentences#Updated%20sentences%20for%20skill%20'Akkusative'
31%2F05%2F2025#21%3A49#ateh#x2AaAxW2Oy6R#Notes#Updated%20notes%20for%20skill%20'Akkusative'
31%2F05%2F2025#21%3A37#ateh#x2AaAxW2Oy6R#Notes#Updated%20notes%20for%20skill%20'Akkusative'
31%2F05%2F2025#21%3A35#ateh#x2AaAxW2Oy6R#Vocab#Updated%20vocabulary%20for%20skill%20'Akkusative'
31%2F05%2F2025#21%3A33#ateh#x2AaAxW2Oy6R#Notes#Updated%20notes%20for%20skill%20'Akkusative'
31%2F05%2F2025#21%3A26#ateh#x2AaAxW2Oy6R#Skill#Updated%20skill%20'Akkusative'%20details
31%2F05%2F2025#21%3A25#ateh#x2AaAxW2Oy6R#Skill#Updated%20skill%20'Akkusative'%20details
31%2F05%2F2025#21%3A25#ateh#x2AaAxW2Oy6R#Skill#Added%20new%20skill%20'New%20Skill'%20to%20unit%202
31%2F05%2F2025#21%3A21#ateh#6ImMGnOu0gYd#Sentences#Updated%20sentences%20for%20skill%20'Animals'
31%2F05%2F2025#21%3A15#ateh#6ImMGnOu0gYd#Vocab#Updated%20vocabulary%20for%20skill%20'Animals'
31%2F05%2F2025#21%3A11#ateh#6ImMGnOu0gYd#Skill#Updated%20skill%20'Animals'%20details
31%2F05%2F2025#21%3A11#ateh#6ImMGnOu0gYd#Skill#Updated%20skill%20'Animals'%20details
31%2F05%2F2025#21%3A11#ateh#6ImMGnOu0gYd#Skill#Updated%20skill%20'Animals'%20details
31%2F05%2F2025#21%3A11#ateh#6ImMGnOu0gYd#Skill#Updated%20skill%20'Animals'%20details
31%2F05%2F2025#21%3A10#ateh#6ImMGnOu0gYd#Skill#Updated%20skill%20'Animals'%20details
31%2F05%2F2025#21%3A09#ateh#6ImMGnOu0gYd#Skill#Updated%20skill%20'Animals'%20details
31%2F05%2F2025#21%3A09#ateh#6ImMGnOu0gYd#Skill#Updated%20skill%20'Animals'%20details
31%2F05%2F2025#21%3A09#ateh#6ImMGnOu0gYd#Skill#Updated%20skill%20'Animals'%20details
31%2F05%2F2025#21%3A09#ateh#6ImMGnOu0gYd#Skill#Updated%20skill%20'Animals'%20details
31%2F05%2F2025#21%3A08#ateh#6ImMGnOu0gYd#Skill#Added%20new%20skill%20'New%20Skill'%20to%20unit%202
31%2F05%2F2025#13%3A26#ateh#000000000000#Project#Updated%20project%20metadata
30%2F05%2F2025#18%3A31#NorppuWamppu#000000000000#Project#Updated%20project%20metadata
30%2F05%2F2025#18%3A11#NorppuWamppu#O9Mt3B3Xigcl#Skill#Updated%20skill%20'Furniture%20and%20home'%20details
30%2F05%2F2025#18%3A11#NorppuWamppu#O9Mt3B3Xigcl#Skill#Updated%20skill%20'Furniture%20and%20home'%20details
30%2F05%2F2025#18%3A11#NorppuWamppu#O9Mt3B3Xigcl#Skill#Updated%20skill%20'Furniture%20and%20home'%20details
30%2F05%2F2025#18%3A11#NorppuWamppu#O9Mt3B3Xigcl#Skill#Updated%20skill%20'Furniture%20and%20home'%20details
30%2F05%2F2025#18%3A04#NorppuWamppu#000000000000#Project#Updated%20project%20metadata
30%2F05%2F2025#18%3A04#NorppuWamppu#O9Mt3B3Xigcl#Notes#Updated%20notes%20for%20skill%20'Furniture%20and%20home'
30%2F05%2F2025#18%3A03#NorppuWamppu#O9Mt3B3Xigcl#Notes#Updated%20notes%20for%20skill%20'Furniture%20and%20home'
30%2F05%2F2025#18%3A02#NorppuWamppu#O9Mt3B3Xigcl#Notes#Updated%20notes%20for%20skill%20'Furniture%20and%20home'
30%2F05%2F2025#18%3A00#NorppuWamppu#000000000000#Project#Updated%20project%20metadata
30%2F05%2F2025#18%3A00#NorppuWamppu#O9Mt3B3Xigcl#Notes#Updated%20notes%20for%20skill%20'Furniture%20and%20home'
30%2F05%2F2025#16%3A43#NorppuWamppu#000000000000#Project#Updated%20project%20metadata
30%2F05%2F2025#16%3A42#NorppuWamppu#O9Mt3B3Xigcl#Sentences#Updated%20sentences%20for%20skill%20'Furniture%20and%20home'
30%2F05%2F2025#16%3A42#NorppuWamppu#O9Mt3B3Xigcl#Vocab#Updated%20vocabulary%20for%20skill%20'Furniture%20and%20home'
30%2F05%2F2025#16%3A17#NorppuWamppu#O9Mt3B3Xigcl#Skill#Updated%20skill%20'Furniture%20and%20home'%20details
30%2F05%2F2025#16%3A16#NorppuWamppu#O9Mt3B3Xigcl#Skill#Updated%20skill%20'Furniture%20and%20home'%20details
30%2F05%2F2025#16%3A16#NorppuWamppu#O9Mt3B3Xigcl#Skill#Updated%20skill%20'Furniture%20and%20home'%20details
30%2F05%2F2025#16%3A16#NorppuWamppu#O9Mt3B3Xigcl#Skill#Updated%20skill%20'Furniture%20and%20home'%20details
30%2F05%2F2025#16%3A16#NorppuWamppu#O9Mt3B3Xigcl#Skill#Updated%20skill%20'Furniture%20and%20home'%20details
30%2F05%2F2025#16%3A16#NorppuWamppu#O9Mt3B3Xigcl#Skill#Updated%20skill%20'Furniture%20and%20home'%20details
30%2F05%2F2025#16%3A16#NorppuWamppu#O9Mt3B3Xigcl#Skill#Updated%20skill%20'Furniture%20and%20home'%20details
30%2F05%2F2025#16%3A16#NorppuWamppu#O9Mt3B3Xigcl#Skill#Updated%20skill%20'Furniture%20and%20home'%20details
30%2F05%2F2025#16%3A15#NorppuWamppu#O9Mt3B3Xigcl#Skill#Added%20new%20skill%20'New%20Skill'%20to%20unit%201
30%2F05%2F2025#15%3A20#NorppuWamppu#000000000000#Project#Updated%20project%20metadata
30%2F05%2F2025#15%3A18#NorppuWamppu#xqIGO5MIOCWm#Skill#Updated%20skill%20'Adjectives%20and%20adverbs%20for%20plural'%20details
30%2F05%2F2025#15%3A18#NorppuWamppu#xqIGO5MIOCWm#Skill#Added%20new%20skill%20'New%20Skill'%20to%20unit%202
30%2F05%2F2025#15%3A02#NorppuWamppu#HLWQiJGaBC00#Sentences#Updated%20sentences%20for%20skill%20'Imperative'
30%2F05%2F2025#14%3A52#NorppuWamppu#000000000000#Project#Updated%20project%20metadata
30%2F05%2F2025#14%3A52#NorppuWamppu#HLWQiJGaBC00#Sentences#Updated%20sentences%20for%20skill%20'Imperative'
30%2F05%2F2025#14%3A52#NorppuWamppu#HLWQiJGaBC00#Vocab#Updated%20vocabulary%20for%20skill%20'Imperative'
30%2F05%2F2025#14%3A29#NorppuWamppu#wHPJGBzcYDC9#Skill#Updated%20skill%20'Possessive%20suffixes'%20details
30%2F05%2F2025#14%3A23#NorppuWamppu#000000000000#Project#Updated%20project%20metadata
30%2F05%2F2025#14%3A20#NorppuWamppu#nod8Bii1spi7#Notes#Updated%20notes%20for%20skill%20'As%20and%20into%20something'
30%2F05%2F2025#14%3A20#NorppuWamppu#nod8Bii1spi7#Skill#Updated%20skill%20'As%20and%20into%20something'%20details
30%2F05%2F2025#14%3A19#NorppuWamppu#nod8Bii1spi7#Skill#Added%20new%20skill%20'New%20Skill'%20to%20unit%202
30%2F05%2F2025#13%3A52#NorppuWamppu#000000000000#Project#Updated%20project%20metadata
30%2F05%2F2025#13%3A52#NorppuWamppu#wHPJGBzcYDC9#Sentences#Updated%20sentences%20for%20skill%20'Possessive%20suffixes'
30%2F05%2F2025#13%3A52#NorppuWamppu#wHPJGBzcYDC9#Vocab#Updated%20vocabulary%20for%20skill%20'Possessive%20suffixes'
30%2F05%2F2025#13%3A13#NorppuWamppu#wHPJGBzcYDC9#Notes#Updated%20notes%20for%20skill%20'Possessive%20suffixes'
30%2F05%2F2025#13%3A09#NorppuWamppu#000000000000#Project#Updated%20project%20metadata
30%2F05%2F2025#13%3A08#NorppuWamppu#wHPJGBzcYDC9#Notes#Updated%20notes%20for%20skill%20'Possessive%20suffixes'
30%2F05%2F2025#13%3A07#NorppuWamppu#wHPJGBzcYDC9#Notes#Updated%20notes%20for%20skill%20'Possessive%20suffixes'
30%2F05%2F2025#13%3A06#NorppuWamppu#wHPJGBzcYDC9#Notes#Updated%20notes%20for%20skill%20'Possessive%20suffixes'
30%2F05%2F2025#13%3A05#NorppuWamppu#000000000000#Project#Updated%20project%20metadata
30%2F05%2F2025#13%3A05#NorppuWamppu#wHPJGBzcYDC9#Skill#Updated%20skill%20'Possessive%20suffixes'%20details
30%2F05%2F2025#13%3A05#NorppuWamppu#wHPJGBzcYDC9#Notes#Updated%20notes%20for%20skill%20'Possessive%20suffixes'
30%2F05%2F2025#12%3A43#NorppuWamppu#wHPJGBzcYDC9#Skill#Updated%20skill%20'Possessive%20suffixes'%20details
30%2F05%2F2025#12%3A43#NorppuWamppu#wHPJGBzcYDC9#Skill#Updated%20skill%20'Possessive%20suffixes'%20details
30%2F05%2F2025#12%3A43#NorppuWamppu#wHPJGBzcYDC9#Skill#Updated%20skill%20'Possessive%20suffixes'%20details
30%2F05%2F2025#12%3A43#NorppuWamppu#wHPJGBzcYDC9#Skill#Updated%20skill%20'Possessive%20suffixes'%20details
30%2F05%2F2025#12%3A43#NorppuWamppu#wHPJGBzcYDC9#Skill#Added%20new%20skill%20'New%20Skill'%20to%20unit%201
30%2F05%2F2025#12%3A42#NorppuWamppu#bmrZt9ho1xXs#Skill#Deleted%20skill%20'Possesive%20suffixes'%20from%20unit%200
30%2F05%2F2025#12%3A39#NorppuWamppu#bmrZt9ho1xXs#Skill#Updated%20skill%20'Possesive%20suffixes'%20details
30%2F05%2F2025#12%3A39#NorppuWamppu#bmrZt9ho1xXs#Notes#Updated%20notes%20for%20skill%20'Genitive'
30%2F05%2F2025#12%3A36#NorppuWamppu#bmrZt9ho1xXs#Skill#Updated%20skill%20'Genitive'%20details
30%2F05%2F2025#12%3A35#NorppuWamppu#bmrZt9ho1xXs#Skill#Updated%20skill%20'New%20Skill'%20details
30%2F05%2F2025#12%3A35#NorppuWamppu#bmrZt9ho1xXs#Skill#Added%20new%20skill%20'New%20Skill'%20to%20unit%200
30%2F05%2F2025#10%3A36#NorppuWamppu#000000000000#Project#Updated%20project%20metadata
30%2F05%2F2025#09%3A25#NorppuWamppu#1G4Brq89ruYT#Notes#Updated%20notes%20for%20skill%20'Numbers%20and%20simple%20plural%20of%20nouns'
30%2F05%2F2025#08%3A48#NorppuWamppu#000000000000#Project#Updated%20project%20metadata
30%2F05%2F2025#08%3A48#NorppuWamppu#VumX6tCo3cLr#Skill#Updated%20skill%20'Conditional'%20details
30%2F05%2F2025#08%3A48#NorppuWamppu#VumX6tCo3cLr#Skill#Updated%20skill%20'Conditional'%20details
30%2F05%2F2025#08%3A47#NorppuWamppu#VumX6tCo3cLr#Skill#Updated%20skill%20'Conditional'%20details
30%2F05%2F2025#08%3A47#NorppuWamppu#VumX6tCo3cLr#Skill#Updated%20skill%20'Conditional'%20details
30%2F05%2F2025#08%3A47#NorppuWamppu#VumX6tCo3cLr#Skill#Added%20new%20skill%20'New%20Skill'%20to%20unit%202
30%2F05%2F2025#08%3A47#NorppuWamppu#RIyJilCxYe9a#Skill#Updated%20skill%20'Verbs%20in%20perfect%20tense'%20details
30%2F05%2F2025#08%3A47#NorppuWamppu#RIyJilCxYe9a#Skill#Updated%20skill%20'Verbs%20in%20perfect%20tense'%20details
30%2F05%2F2025#08%3A46#NorppuWamppu#RIyJilCxYe9a#Skill#Updated%20skill%20'Verbs%20in%20perfect%20tense'%20details
30%2F05%2F2025#08%3A46#NorppuWamppu#RIyJilCxYe9a#Skill#Updated%20skill%20'Perfect'%20details
30%2F05%2F2025#08%3A46#NorppuWamppu#RIyJilCxYe9a#Skill#Added%20new%20skill%20'New%20Skill'%20to%20unit%202
30%2F05%2F2025#08%3A45#NorppuWamppu#HLWQiJGaBC00#Notes#Updated%20notes%20for%20skill%20'Imperative'
30%2F05%2F2025#08%3A44#NorppuWamppu#HLWQiJGaBC00#Skill#Updated%20skill%20'Imperative'%20details
30%2F05%2F2025#08%3A44#NorppuWamppu#HLWQiJGaBC00#Skill#Updated%20skill%20'Imperative'%20details
30%2F05%2F2025#08%3A44#NorppuWamppu#HLWQiJGaBC00#Skill#Updated%20skill%20'Imperative'%20details
30%2F05%2F2025#08%3A44#NorppuWamppu#HLWQiJGaBC00#Skill#Updated%20skill%20'Imperative'%20details
30%2F05%2F2025#08%3A44#NorppuWamppu#HLWQiJGaBC00#Skill#Updated%20skill%20'Imperative'%20details
30%2F05%2F2025#08%3A44#NorppuWamppu#R5DMQ0GF44IH#Skill#Updated%20skill%20'Negation'%20details
30%2F05%2F2025#08%3A43#NorppuWamppu#R5DMQ0GF44IH#Skill#Updated%20skill%20'Negation'%20details
30%2F05%2F2025#08%3A43#NorppuWamppu#R5DMQ0GF44IH#Skill#Updated%20skill%20'Negation'%20details
30%2F05%2F2025#08%3A43#NorppuWamppu#R5DMQ0GF44IH#Skill#Updated%20skill%20'Negation'%20details
30%2F05%2F2025#08%3A43#NorppuWamppu#R5DMQ0GF44IH#Skill#Updated%20skill%20'Negation'%20details
30%2F05%2F2025#08%3A43#NorppuWamppu#R5DMQ0GF44IH#Skill#Updated%20skill%20'Negation'%20details
30%2F05%2F2025#08%3A43#NorppuWamppu#R5DMQ0GF44IH#Skill#Updated%20skill%20'Negation'%20details
30%2F05%2F2025#08%3A43#NorppuWamppu#R5DMQ0GF44IH#Skill#Updated%20skill%20'Negation'%20details
30%2F05%2F2025#08%3A43#NorppuWamppu#R5DMQ0GF44IH#Skill#Updated%20skill%20'Negation'%20details
30%2F05%2F2025#08%3A43#NorppuWamppu#R5DMQ0GF44IH#Skill#Updated%20skill%20'Negation'%20details
30%2F05%2F2025#08%3A43#NorppuWamppu#R5DMQ0GF44IH#Skill#Added%20new%20skill%20'New%20Skill'%20to%20unit%202
30%2F05%2F2025#08%3A43#NorppuWamppu#HLWQiJGaBC00#Skill#Updated%20skill%20'Imperative'%20details
30%2F05%2F2025#08%3A43#NorppuWamppu#rx0yIOJNjgsp#Skill#Deleted%20skill%20'Imperative%20plural'%20from%20unit%202
30%2F05%2F2025#08%3A42#NorppuWamppu#rx0yIOJNjgsp#Skill#Updated%20skill%20'Imperative%20plural'%20details
30%2F05%2F2025#08%3A42#NorppuWamppu#rx0yIOJNjgsp#Skill#Added%20new%20skill%20'New%20Skill'%20to%20unit%202
30%2F05%2F2025#08%3A42#NorppuWamppu#FzAcSlRklNOT#Skill#Deleted%20skill%20'Negation'%20from%20unit%202
30%2F05%2F2025#08%3A42#NorppuWamppu#HLWQiJGaBC00#Skill#Updated%20skill%20'Imperative%20singular'%20details
30%2F05%2F2025#08%3A42#NorppuWamppu#HLWQiJGaBC00#Skill#Added%20new%20skill%20'New%20Skill'%20to%20unit%202
29%2F05%2F2025#22%3A22#NorppuWamppu#000000000000#Project#Updated%20project%20metadata
29%2F05%2F2025#21%3A59#NorppuWamppu#1G4Brq89ruYT#Skill#Updated%20skill%20'Numbers%20and%20simple%20plural%20of%20nouns'%20details
29%2F05%2F2025#21%3A59#NorppuWamppu#1G4Brq89ruYT#Skill#Updated%20skill%20'Numbers%20and%20simple%20plural%20of%20nouns'%20details
29%2F05%2F2025#21%3A59#NorppuWamppu#1G4Brq89ruYT#Skill#Updated%20skill%20'Numbers%20and%20simple%20plural%20of%20nouns'%20details
29%2F05%2F2025#21%3A59#NorppuWamppu#1G4Brq89ruYT#Skill#Updated%20skill%20'Numbers%20and%20simple%20plural%20of%20nouns'%20details
29%2F05%2F2025#21%3A59#NorppuWamppu#1G4Brq89ruYT#Skill#Updated%20skill%20'Numbers%20and%20simple%20plural%20of%20nouns'%20details
29%2F05%2F2025#21%3A59#NorppuWamppu#1G4Brq89ruYT#Skill#Updated%20skill%20'Numbers%20and%20simple%20plural%20of%20nouns'%20details
29%2F05%2F2025#21%3A59#NorppuWamppu#1G4Brq89ruYT#Skill#Updated%20skill%20'Numbers%20and%20simple%20plural%20of%20nouns'%20details
29%2F05%2F2025#21%3A58#NorppuWamppu#1G4Brq89ruYT#Skill#Updated%20skill%20'Numbers%20and%20simple%20plural%20of%20nouns'%20details
29%2F05%2F2025#21%3A58#NorppuWamppu#1G4Brq89ruYT#Skill#Updated%20skill%20'Numbers%20and%20simple%20plural%20of%20nouns'%20details
29%2F05%2F2025#21%3A58#NorppuWamppu#1G4Brq89ruYT#Skill#Updated%20skill%20'Numbers%20and%20simple%20plural%20of%20nouns'%20details
29%2F05%2F2025#21%3A58#NorppuWamppu#1G4Brq89ruYT#Skill#Updated%20skill%20'Numbers%20and%20simple%20plural%20of%20nouns'%20details
29%2F05%2F2025#21%3A58#NorppuWamppu#1G4Brq89ruYT#Skill#Updated%20skill%20'Numbers%20and%20simple%20plural%20of%20nouns'%20details
29%2F05%2F2025#21%3A50#NorppuWamppu#135Oz1Px1YtM#Skill#Updated%20skill%20'Adjectives%20and%20adverbs'%20details
29%2F05%2F2025#21%3A50#NorppuWamppu#135Oz1Px1YtM#Skill#Updated%20skill%20'Adjectives%20and%20adverbs'%20details
29%2F05%2F2025#21%3A49#NorppuWamppu#000000000000#Project#Updated%20project%20metadata
29%2F05%2F2025#21%3A49#NorppuWamppu#135Oz1Px1YtM#Sentences#Updated%20sentences%20for%20skill%20'Adjectives%20and%20adverbs'
29%2F05%2F2025#21%3A48#NorppuWamppu#135Oz1Px1YtM#Vocab#Updated%20vocabulary%20for%20skill%20'Adjectives%20and%20adverbs'
29%2F05%2F2025#21%3A40#NorppuWamppu#135Oz1Px1YtM#Vocab#Updated%20vocabulary%20for%20skill%20'Adjectives%20and%20adverbs'
29%2F05%2F2025#21%3A39#NorppuWamppu#HB4HvsqREERD#Notes#Updated%20notes%20for%20skill%20'Greetings%20and%20first%20words'
29%2F05%2F2025#21%3A32#NorppuWamppu#HB4HvsqREERD#Notes#Updated%20notes%20for%20skill%20'Greetings%20and%20first%20words'
29%2F05%2F2025#21%3A27#NorppuWamppu#000000000000#Project#Updated%20project%20metadata
29%2F05%2F2025#21%3A25#NorppuWamppu#135Oz1Px1YtM#Vocab#Updated%20vocabulary%20for%20skill%20'Adjectives%20and%20adverbs'
29%2F05%2F2025#21%3A25#NorppuWamppu#135Oz1Px1YtM#Vocab#Updated%20vocabulary%20for%20skill%20'Adjectives%20and%20adverbs'
29%2F05%2F2025#21%3A22#NorppuWamppu#135Oz1Px1YtM#Vocab#Updated%20vocabulary%20for%20skill%20'Adjectives%20and%20adverbs'
29%2F05%2F2025#21%3A20#NorppuWamppu#135Oz1Px1YtM#Vocab#Updated%20vocabulary%20for%20skill%20'Adjectives%20and%20adverbs'
29%2F05%2F2025#21%3A20#NorppuWamppu#135Oz1Px1YtM#Vocab#Updated%20vocabulary%20for%20skill%20'Adjectives%20and%20adverbs'
29%2F05%2F2025#21%3A19#NorppuWamppu#B1ZpmdIlZLpL#Skill#Updated%20skill%20'Comparative%20and%20superlative'%20details
29%2F05%2F2025#21%3A19#NorppuWamppu#B1ZpmdIlZLpL#Skill#Added%20new%20skill%20'New%20Skill'%20to%20unit%201
29%2F05%2F2025#21%3A15#NorppuWamppu#000000000000#Project#Updated%20project%20metadata
29%2F05%2F2025#21%3A15#NorppuWamppu#135Oz1Px1YtM#Vocab#Updated%20vocabulary%20for%20skill%20'Adjectives%20and%20adverbs'
29%2F05%2F2025#20%3A59#NorppuWamppu#000000000000#Project#Updated%20project%20metadata
29%2F05%2F2025#20%3A58#NorppuWamppu#135Oz1Px1YtM#Notes#Updated%20notes%20for%20skill%20'Adjectives%20and%20adverbs'
29%2F05%2F2025#20%3A58#NorppuWamppu#135Oz1Px1YtM#Notes#Updated%20notes%20for%20skill%20'Adjectives%20and%20adverbs'
29%2F05%2F2025#20%3A57#NorppuWamppu#135Oz1Px1YtM#Notes#Updated%20notes%20for%20skill%20'Adjectives%20and%20adverbs'
29%2F05%2F2025#20%3A02#NorppuWamppu#135Oz1Px1YtM#Notes#Updated%20notes%20for%20skill%20'Adjectives%20and%20adverbs'
29%2F05%2F2025#20%3A02#NorppuWamppu#135Oz1Px1YtM#Notes#Updated%20notes%20for%20skill%20'Adjectives%20and%20adverbs'
29%2F05%2F2025#20%3A00#NorppuWamppu#135Oz1Px1YtM#Notes#Updated%20notes%20for%20skill%20'Adjectives%20and%20adverbs'
29%2F05%2F2025#19%3A49#NorppuWamppu#135Oz1Px1YtM#Skill#Updated%20skill%20'Adjectives%20and%20adverbs'%20details
29%2F05%2F2025#19%3A46#NorppuWamppu#000000000000#Project#Updated%20project%20metadata
29%2F05%2F2025#19%3A46#NorppuWamppu#nBwRXTtfYBCV#Notes#Updated%20notes%20for%20skill%20'Geography%20of%20Finland'
29%2F05%2F2025#19%3A39#NorppuWamppu#SiISDHgvE3xe#Skill#Deleted%20skill%20'New%20Skill'%20from%20unit%200
29%2F05%2F2025#19%3A39#NorppuWamppu#SiISDHgvE3xe#Skill#Added%20new%20skill%20'New%20Skill'%20to%20unit%200
29%2F05%2F2025#15%3A18#NorppuWamppu#000000000000#Project#Updated%20project%20metadata
29%2F05%2F2025#15%3A18#NorppuWamppu#IyFZJwiWpGXW#Sentences#Updated%20sentences%20for%20skill%20'Asking%20questions'
29%2F05%2F2025#15%3A18#NorppuWamppu#IyFZJwiWpGXW#Vocab#Updated%20vocabulary%20for%20skill%20'Asking%20questions'
29%2F05%2F2025#14%3A34#NorppuWamppu#IyFZJwiWpGXW#Skill#Updated%20skill%20'Asking%20questions'%20details
29%2F05%2F2025#14%3A34#NorppuWamppu#IyFZJwiWpGXW#Skill#Updated%20skill%20'Asking%20questions'%20details
29%2F05%2F2025#14%3A34#NorppuWamppu#IyFZJwiWpGXW#Skill#Updated%20skill%20'Asking%20questions'%20details
29%2F05%2F2025#14%3A33#NorppuWamppu#IyFZJwiWpGXW#Skill#Updated%20skill%20'Asking%20questions'%20details
29%2F05%2F2025#14%3A33#NorppuWamppu#IyFZJwiWpGXW#Skill#Updated%20skill%20'Asking%20questions'%20details
29%2F05%2F2025#14%3A33#NorppuWamppu#IyFZJwiWpGXW#Skill#Updated%20skill%20'Asking%20questions'%20details
29%2F05%2F2025#14%3A33#NorppuWamppu#IyFZJwiWpGXW#Skill#Updated%20skill%20'Asking%20questions'%20details
29%2F05%2F2025#14%3A33#NorppuWamppu#IyFZJwiWpGXW#Skill#Updated%20skill%20'Asking%20questions'%20details
29%2F05%2F2025#14%3A33#NorppuWamppu#IyFZJwiWpGXW#Skill#Updated%20skill%20'Asking%20questions'%20details
29%2F05%2F2025#14%3A33#NorppuWamppu#IyFZJwiWpGXW#Skill#Updated%20skill%20'Asking%20questions'%20details
29%2F05%2F2025#14%3A33#NorppuWamppu#IyFZJwiWpGXW#Skill#Updated%20skill%20'Asking%20questions'%20details
29%2F05%2F2025#14%3A33#NorppuWamppu#IyFZJwiWpGXW#Skill#Updated%20skill%20'Asking%20questions'%20details
29%2F05%2F2025#14%3A33#NorppuWamppu#IyFZJwiWpGXW#Skill#Updated%20skill%20'Asking%20questions'%20details
29%2F05%2F2025#14%3A33#NorppuWamppu#IyFZJwiWpGXW#Skill#Updated%20skill%20'Asking%20questions'%20details
29%2F05%2F2025#14%3A33#NorppuWamppu#IyFZJwiWpGXW#Skill#Updated%20skill%20'Asking%20questions'%20details
29%2F05%2F2025#14%3A32#NorppuWamppu#IyFZJwiWpGXW#Skill#Updated%20skill%20'Asking%20questions'%20details
29%2F05%2F2025#14%3A32#NorppuWamppu#IyFZJwiWpGXW#Skill#Added%20new%20skill%20'New%20Skill'%20to%20unit%201
29%2F05%2F2025#14%3A32#NorppuWamppu#VwZAnAu4uz2l#Skill#Updated%20skill%20'Describing%20yourself'%20details
29%2F05%2F2025#14%3A32#NorppuWamppu#VwZAnAu4uz2l#Skill#Updated%20skill%20'Describing%20yourself%20and%20asking%20questions'%20details
29%2F05%2F2025#14%3A28#NorppuWamppu#VwZAnAu4uz2l#Skill#Updated%20skill%20'Describing%20yourself'%20details
29%2F05%2F2025#14%3A28#NorppuWamppu#VwZAnAu4uz2l#Skill#Updated%20skill%20'Describing%20yourself'%20details
29%2F05%2F2025#14%3A28#NorppuWamppu#VwZAnAu4uz2l#Skill#Updated%20skill%20'Describing%20yourself'%20details
29%2F05%2F2025#14%3A28#NorppuWamppu#VwZAnAu4uz2l#Skill#Updated%20skill%20'Describing%20yourself'%20details
29%2F05%2F2025#14%3A28#NorppuWamppu#VwZAnAu4uz2l#Skill#Updated%20skill%20'Describing%20yourself'%20details
29%2F05%2F2025#14%3A28#NorppuWamppu#VwZAnAu4uz2l#Skill#Updated%20skill%20'Describing%20yourself'%20details
29%2F05%2F2025#14%3A28#NorppuWamppu#VwZAnAu4uz2l#Skill#Updated%20skill%20'Describing%20yourself'%20details
29%2F05%2F2025#14%3A28#NorppuWamppu#VwZAnAu4uz2l#Skill#Added%20new%20skill%20'New%20Skill'%20to%20unit%201
29%2F05%2F2025#14%3A28#NorppuWamppu#zxMIzpgW1ynC#Skill#Deleted%20skill%20'Describing%20yourself'%20from%20unit%200
29%2F05%2F2025#11%3A05#NorppuWamppu#000000000000#Project#Updated%20project%20metadata
29%2F05%2F2025#11%3A05#NorppuWamppu#1G4Brq89ruYT#Sentences#Updated%20sentences%20for%20skill%20'Numbers%20and%20simple%20plural%20of%20nouns'
29%2F05%2F2025#11%3A05#NorppuWamppu#1G4Brq89ruYT#Vocab#Updated%20vocabulary%20for%20skill%20'Numbers%20and%20simple%20plural%20of%20nouns'
29%2F05%2F2025#11%3A03#NorppuWamppu#1G4Brq89ruYT#Skill#Updated%20skill%20'Numbers%20and%20simple%20plural%20of%20nouns'%20details
29%2F05%2F2025#11%3A03#NorppuWamppu#1G4Brq89ruYT#Skill#Added%20new%20skill%20'New%20Skill'%20to%20unit%201
29%2F05%2F2025#11%3A03#NorppuWamppu#kdpSGFVANBOf#Skill#Deleted%20skill%20'Numbers%20and%20simple%20plural%20of%20nouns'%20from%20unit%201
29%2F05%2F2025#11%3A00#NorppuWamppu#kdpSGFVANBOf#Notes#Updated%20notes%20for%20skill%20'Numbers%20and%20simple%20plural%20of%20nouns'
29%2F05%2F2025#10%3A54#NorppuWamppu#000000000000#Project#Updated%20project%20metadata
29%2F05%2F2025#10%3A54#NorppuWamppu#rf8PgLvKwdi7#Skill#Updated%20skill%20'Countries%20and%20nationalities'%20details
29%2F05%2F2025#10%3A53#NorppuWamppu#nBwRXTtfYBCV#Skill#Updated%20skill%20'Geography%20of%20Finland'%20details
29%2F05%2F2025#10%3A50#NorppuWamppu#000000000000#Project#Updated%20project%20metadata
29%2F05%2F2025#10%3A50#NorppuWamppu#nBwRXTtfYBCV#Sentences#Updated%20sentences%20for%20skill%20'Geography%20of%20Finland'
29%2F05%2F2025#10%3A32#NorppuWamppu#000000000000#Project#Updated%20project%20metadata
29%2F05%2F2025#10%3A32#NorppuWamppu#nBwRXTtfYBCV#Vocab#Updated%20vocabulary%20for%20skill%20'Geography%20of%20Finland'
29%2F05%2F2025#10%3A29#NorppuWamppu#nBwRXTtfYBCV#Vocab#Updated%20vocabulary%20for%20skill%20'Geography%20of%20Finland'
29%2F05%2F2025#10%3A29#NorppuWamppu#nBwRXTtfYBCV#Skill#Updated%20skill%20'Geography%20of%20Finland'%20details
29%2F05%2F2025#10%3A13#NorppuWamppu#000000000000#Project#Updated%20project%20metadata
29%2F05%2F2025#10%3A13#NorppuWamppu#nBwRXTtfYBCV#Skill#Updated%20skill%20'Geography'%20details
29%2F05%2F2025#10%3A13#NorppuWamppu#nBwRXTtfYBCV#Skill#Updated%20skill%20'Geography'%20details
29%2F05%2F2025#10%3A13#NorppuWamppu#nBwRXTtfYBCV#Skill#Updated%20skill%20'Geography'%20details
29%2F05%2F2025#10%3A13#NorppuWamppu#nBwRXTtfYBCV#Skill#Updated%20skill%20'Geography'%20details
29%2F05%2F2025#10%3A13#NorppuWamppu#rf8PgLvKwdi7#Skill#Updated%20skill%20'Countries%20and%20nationalities'%20details
29%2F05%2F2025#10%3A12#NorppuWamppu#rf8PgLvKwdi7#Skill#Updated%20skill%20'In%2C%20from%2C%20to%20a%20country'%20details
29%2F05%2F2025#10%3A11#NorppuWamppu#000000000000#Project#Updated%20project%20metadata
29%2F05%2F2025#10%3A11#NorppuWamppu#rf8PgLvKwdi7#Sentences#Updated%20sentences%20for%20skill%20'In%2C%20from%2C%20to%20a%20country'
29%2F05%2F2025#09%3A32#NorppuWamppu#000000000000#Project#Updated%20project%20metadata
29%2F05%2F2025#09%3A32#NorppuWamppu#rf8PgLvKwdi7#Vocab#Updated%20vocabulary%20for%20skill%20'In%2C%20from%2C%20to%20a%20country'
29%2F05%2F2025#09%3A29#NorppuWamppu#000000000000#Project#Updated%20project%20metadata
29%2F05%2F2025#09%3A29#NorppuWamppu#rf8PgLvKwdi7#Vocab#Updated%20vocabulary%20for%20skill%20'In%2C%20from%2C%20to%20a%20country'
29%2F05%2F2025#08%3A58#NorppuWamppu#rf8PgLvKwdi7#Notes#Updated%20notes%20for%20skill%20'In%2C%20from%2C%20to%20a%20country'
29%2F05%2F2025#08%3A58#NorppuWamppu#nBwRXTtfYBCV#Notes#Updated%20notes%20for%20skill%20'Nouns'
29%2F05%2F2025#08%3A58#NorppuWamppu#nBwRXTtfYBCV#Skill#Updated%20skill%20'Nouns'%20details
29%2F05%2F2025#08%3A58#NorppuWamppu#nBwRXTtfYBCV#Skill#Added%20new%20skill%20'New%20Skill'%20to%20unit%201
29%2F05%2F2025#08%3A58#NorppuWamppu#QR2nGm0AC02p#Skill#Deleted%20skill%20'Nouns'%20from%20unit%201
29%2F05%2F2025#08%3A57#NorppuWamppu#aqljsVPngXgs#Skill#Deleted%20skill%20'Countries%20and%20nationalities'%20from%20unit%201
29%2F05%2F2025#08%3A57#NorppuWamppu#aqljsVPngXgs#Notes#Updated%20notes%20for%20skill%20'Countries%20and%20nationalities'
29%2F05%2F2025#08%3A52#NorppuWamppu#aqljsVPngXgs#Skill#Updated%20skill%20'Countries%20and%20nationalities'%20details
29%2F05%2F2025#08%3A52#NorppuWamppu#aqljsVPngXgs#Skill#Updated%20skill%20'Countries%20and%20nationalities'%20details
29%2F05%2F2025#08%3A51#NorppuWamppu#aqljsVPngXgs#Skill#Updated%20skill%20'Countries%20and%20nationalities'%20details
29%2F05%2F2025#08%3A51#NorppuWamppu#aqljsVPngXgs#Skill#Added%20new%20skill%20'New%20Skill'%20to%20unit%201
29%2F05%2F2025#08%3A51#NorppuWamppu#rf8PgLvKwdi7#Skill#Updated%20skill%20'In%2C%20from%2C%20to%20a%20country'%20details
28%2F05%2F2025#22%3A08#NorppuWamppu#000000000000#Project#Updated%20project%20metadata
28%2F05%2F2025#22%3A08#NorppuWamppu#FzAcSlRklNOT#Skill#Updated%20skill%20'Negation'%20details
28%2F05%2F2025#22%3A08#NorppuWamppu#FzAcSlRklNOT#Skill#Updated%20skill%20'Negation'%20details
28%2F05%2F2025#22%3A08#NorppuWamppu#FzAcSlRklNOT#Skill#Updated%20skill%20'Negation'%20details
28%2F05%2F2025#22%3A08#NorppuWamppu#FzAcSlRklNOT#Skill#Updated%20skill%20'Negation'%20details
28%2F05%2F2025#22%3A07#NorppuWamppu#FzAcSlRklNOT#Skill#Updated%20skill%20'Negation'%20details
28%2F05%2F2025#22%3A07#NorppuWamppu#FzAcSlRklNOT#Skill#Updated%20skill%20'Negation'%20details
28%2F05%2F2025#22%3A06#NorppuWamppu#FzAcSlRklNOT#Skill#Updated%20skill%20'Negation'%20details
28%2F05%2F2025#22%3A06#NorppuWamppu#000000000000#Project#Updated%20project%20metadata
28%2F05%2F2025#22%3A06#NorppuWamppu#3#Unit#Deleted%20unit%203
28%2F05%2F2025#22%3A06#NorppuWamppu#3#Unit#Added%20new%20unit%203
28%2F05%2F2025#22%3A06#NorppuWamppu#000000000000#Project#Updated%20project%20metadata
28%2F05%2F2025#22%3A06#NorppuWamppu#2#Unit#Added%20new%20unit%202
28%2F05%2F2025#22%3A06#NorppuWamppu#000000000000#Project#Updated%20project%20metadata
27%2F05%2F2025#21%3A50#NorppuWamppu#000000000000#Project#Updated%20project%20metadata
27%2F05%2F2025#21%3A50#NorppuWamppu#ZoXoGiTKwYF4#Notes#Updated%20notes%20for%20skill%20'Partitive'
27%2F05%2F2025#21%3A49#NorppuWamppu#ZoXoGiTKwYF4#Skill#Updated%20skill%20'Partitive'%20details
27%2F05%2F2025#21%3A49#NorppuWamppu#ZoXoGiTKwYF4#Skill#Updated%20skill%20'Partitive'%20details
27%2F05%2F2025#21%3A49#NorppuWamppu#ZoXoGiTKwYF4#Skill#Updated%20skill%20'Partitive'%20details
27%2F05%2F2025#21%3A49#NorppuWamppu#ZoXoGiTKwYF4#Skill#Updated%20skill%20'Partitive'%20details
27%2F05%2F2025#21%3A48#NorppuWamppu#ZoXoGiTKwYF4#Skill#Updated%20skill%20'Partitive'%20details
27%2F05%2F2025#21%3A48#NorppuWamppu#ZoXoGiTKwYF4#Skill#Updated%20skill%20'Partitive'%20details
27%2F05%2F2025#21%3A48#NorppuWamppu#ZoXoGiTKwYF4#Notes#Updated%20notes%20for%20skill%20'Partitive'
27%2F05%2F2025#21%3A48#NorppuWamppu#ZoXoGiTKwYF4#Skill#Updated%20skill%20'Partitive'%20details
27%2F05%2F2025#21%3A48#NorppuWamppu#ZoXoGiTKwYF4#Skill#Added%20new%20skill%20'New%20Skill'%20to%20unit%201
27%2F05%2F2025#21%3A47#NorppuWamppu#rf8PgLvKwdi7#Notes#Updated%20notes%20for%20skill%20'Countries%20and%20nationalities'
27%2F05%2F2025#21%3A47#NorppuWamppu#rf8PgLvKwdi7#Skill#Updated%20skill%20'Countries%20and%20nationalities'%20details
27%2F05%2F2025#21%3A47#NorppuWamppu#rf8PgLvKwdi7#Skill#Updated%20skill%20'Countries%20and%20nationalities'%20details
27%2F05%2F2025#21%3A47#NorppuWamppu#rf8PgLvKwdi7#Skill#Updated%20skill%20'Countries%20and%20nationalities'%20details
27%2F05%2F2025#21%3A46#NorppuWamppu#rf8PgLvKwdi7#Skill#Updated%20skill%20'Countries%20and%20nationalities'%20details
27%2F05%2F2025#21%3A46#NorppuWamppu#rf8PgLvKwdi7#Skill#Updated%20skill%20'Countries%20and%20nationalities'%20details
27%2F05%2F2025#21%3A46#NorppuWamppu#rf8PgLvKwdi7#Skill#Updated%20skill%20'Countries%20and%20nationalities'%20details
27%2F05%2F2025#21%3A46#NorppuWamppu#rf8PgLvKwdi7#Skill#Updated%20skill%20'Countries%20and%20nationalities'%20details
27%2F05%2F2025#21%3A46#NorppuWamppu#rf8PgLvKwdi7#Skill#Updated%20skill%20'Countries%20and%20nationalities'%20details
27%2F05%2F2025#21%3A46#NorppuWamppu#rf8PgLvKwdi7#Skill#Updated%20skill%20'Countries%20and%20nationalities'%20details
27%2F05%2F2025#21%3A46#NorppuWamppu#rf8PgLvKwdi7#Skill#Updated%20skill%20'Countries%20and%20nationalities'%20details
27%2F05%2F2025#21%3A46#NorppuWamppu#rf8PgLvKwdi7#Skill#Updated%20skill%20'Countries%20and%20nationalities'%20details
27%2F05%2F2025#21%3A46#NorppuWamppu#rf8PgLvKwdi7#Skill#Updated%20skill%20'Countries%20and%20nationalities'%20details
27%2F05%2F2025#21%3A46#NorppuWamppu#rf8PgLvKwdi7#Skill#Updated%20skill%20'Countries%20and%20nationalities'%20details
27%2F05%2F2025#21%3A45#NorppuWamppu#rf8PgLvKwdi7#Skill#Updated%20skill%20'Countries%20and%20nationalities'%20details
27%2F05%2F2025#21%3A45#NorppuWamppu#rf8PgLvKwdi7#Skill#Updated%20skill%20'Countries%20and%20nationalities'%20details
27%2F05%2F2025#21%3A45#NorppuWamppu#rf8PgLvKwdi7#Skill#Updated%20skill%20'Countries%20and%20nationalities'%20details
27%2F05%2F2025#21%3A45#NorppuWamppu#rf8PgLvKwdi7#Skill#Updated%20skill%20'Countries%20and%20nationalities'%20details
27%2F05%2F2025#21%3A45#NorppuWamppu#rf8PgLvKwdi7#Skill#Updated%20skill%20'Countries%20and%20nationalities'%20details
27%2F05%2F2025#21%3A45#NorppuWamppu#rf8PgLvKwdi7#Notes#Updated%20notes%20for%20skill%20'New%20Skill'
27%2F05%2F2025#21%3A44#NorppuWamppu#6GNxyU9jZeGe#Skill#Deleted%20skill%20'Simple%20verbs%20in%20nominative'%20from%20unit%201
27%2F05%2F2025#21%3A44#NorppuWamppu#5eZGDDHSBeHQ#Skill#Updated%20skill%20'Conjugating%20verbs%20in%20present%20tense'%20details
27%2F05%2F2025#21%3A44#NorppuWamppu#5eZGDDHSBeHQ#Skill#Updated%20skill%20'Conjugating%20verbs%20in%20present%20tense'%20details
27%2F05%2F2025#21%3A44#NorppuWamppu#5eZGDDHSBeHQ#Skill#Updated%20skill%20'Conjugating%20verbs%20in%20present%20tense'%20details
27%2F05%2F2025#21%3A44#NorppuWamppu#5eZGDDHSBeHQ#Notes#Updated%20notes%20for%20skill%20'Conjugating%20verbs%20in%20present%20tense'
27%2F05%2F2025#21%3A44#NorppuWamppu#5eZGDDHSBeHQ#Skill#Updated%20skill%20'Conjugating%20verbs%20in%20present%20tense'%20details
27%2F05%2F2025#21%3A43#NorppuWamppu#rf8PgLvKwdi7#Skill#Added%20new%20skill%20'New%20Skill'%20to%20unit%201
27%2F05%2F2025#21%3A43#NorppuWamppu#ZjUQF5O2lgVm#Skill#Deleted%20skill%20'New%20Skill'%20from%20unit%201
27%2F05%2F2025#21%3A43#NorppuWamppu#ZjUQF5O2lgVm#Skill#Added%20new%20skill%20'New%20Skill'%20to%20unit%201
27%2F05%2F2025#21%3A43#NorppuWamppu#GxExK9xOLBqE#Skill#Deleted%20skill%20'Countries%20and%20nationalities'%20from%20unit%201
27%2F05%2F2025#21%3A43#NorppuWamppu#GxExK9xOLBqE#Skill#Updated%20skill%20'Countries%20and%20nationalities'%20details
27%2F05%2F2025#21%3A42#NorppuWamppu#GxExK9xOLBqE#Notes#Updated%20notes%20for%20skill%20'New%20Skill'
27%2F05%2F2025#21%3A42#NorppuWamppu#GxExK9xOLBqE#Skill#Added%20new%20skill%20'New%20Skill'%20to%20unit%201
27%2F05%2F2025#21%3A40#NorppuWamppu#6GNxyU9jZeGe#Notes#Updated%20notes%20for%20skill%20'Simple%20verbs%20in%20nominative'
27%2F05%2F2025#20%3A16#NorppuWamppu#000000000000#Project#Updated%20project%20metadata
27%2F05%2F2025#20%3A16#NorppuWamppu#HB4HvsqREERD#Notes#Updated%20notes%20for%20skill%20'Greetings%20and%20first%20words'
27%2F05%2F2025#20%3A09#NorppuWamppu#HB4HvsqREERD#Notes#Updated%20notes%20for%20skill%20'Greetings%20and%20first%20words'
27%2F05%2F2025#20%3A07#NorppuWamppu#HB4HvsqREERD#Notes#Updated%20notes%20for%20skill%20'Greetings%20and%20first%20words'
27%2F05%2F2025#20%3A06#NorppuWamppu#HB4HvsqREERD#Notes#Updated%20notes%20for%20skill%20'Greetings%20and%20first%20words'
27%2F05%2F2025#19%3A43#NorppuWamppu#HB4HvsqREERD#Notes#Updated%20notes%20for%20skill%20'Greetings%20and%20first%20words'
27%2F05%2F2025#19%3A41#NorppuWamppu#HB4HvsqREERD#Notes#Updated%20notes%20for%20skill%20'Greetings%20and%20first%20words'
27%2F05%2F2025#19%3A40#NorppuWamppu#HB4HvsqREERD#Notes#Updated%20notes%20for%20skill%20'Greetings%20and%20first%20words'
27%2F05%2F2025#19%3A38#NorppuWamppu#HB4HvsqREERD#Notes#Updated%20notes%20for%20skill%20'Greetings%20and%20first%20words'
27%2F05%2F2025#19%3A36#NorppuWamppu#HB4HvsqREERD#Notes#Updated%20notes%20for%20skill%20'Greetings%20and%20first%20words'
27%2F05%2F2025#18%3A33#NorppuWamppu#000000000000#Project#Updated%20project%20metadata
27%2F05%2F2025#18%3A20#NorppuWamppu#HB4HvsqREERD#Notes#Updated%20notes%20for%20skill%20'Greetings%20and%20first%20words'
27%2F05%2F2025#18%3A19#NorppuWamppu#HB4HvsqREERD#Notes#Updated%20notes%20for%20skill%20'Greetings%20and%20first%20words'
27%2F05%2F2025#18%3A18#NorppuWamppu#MLGX0DAt11dM#Skill#Deleted%20skill%20'New%20Skill'%20from%20unit%201
27%2F05%2F2025#18%3A17#NorppuWamppu#MLGX0DAt11dM#Skill#Added%20new%20skill%20'New%20Skill'%20to%20unit%201
27%2F05%2F2025#18%3A17#NorppuWamppu#A3Qe6dHLRuyd#Skill#Deleted%20skill%20'New%20Skill'%20from%20unit%201
27%2F05%2F2025#18%3A16#NorppuWamppu#HB4HvsqREERD#Notes#Updated%20notes%20for%20skill%20'Greetings%20and%20first%20words'
27%2F05%2F2025#18%3A16#NorppuWamppu#HB4HvsqREERD#Notes#Updated%20notes%20for%20skill%20'Greetings%20and%20first%20words'
27%2F05%2F2025#18%3A12#NorppuWamppu#HB4HvsqREERD#Notes#Updated%20notes%20for%20skill%20'Greetings%20and%20first%20words'
27%2F05%2F2025#18%3A12#NorppuWamppu#HB4HvsqREERD#Notes#Updated%20notes%20for%20skill%20'Greetings%20and%20first%20words'
27%2F05%2F2025#18%3A11#NorppuWamppu#HB4HvsqREERD#Notes#Updated%20notes%20for%20skill%20'Greetings%20and%20first%20words'
27%2F05%2F2025#17%3A56#NorppuWamppu#6GNxyU9jZeGe#Notes#Updated%20notes%20for%20skill%20'Simple%20verbs%20in%20nominative'
27%2F05%2F2025#17%3A56#NorppuWamppu#5eZGDDHSBeHQ#Notes#Updated%20notes%20for%20skill%20'Conjugating%20in%20present%20tense'
27%2F05%2F2025#17%3A55#NorppuWamppu#mAAHEy2Fd7Xs#Notes#Updated%20notes%20for%20skill%20'Talking%20about%20time'
27%2F05%2F2025#17%3A55#NorppuWamppu#QR2nGm0AC02p#Notes#Updated%20notes%20for%20skill%20'Nouns'
27%2F05%2F2025#17%3A55#NorppuWamppu#A3Qe6dHLRuyd#Notes#Updated%20notes%20for%20skill%20'New%20Skill'
27%2F05%2F2025#15%3A58#NorppuWamppu#A3Qe6dHLRuyd#Skill#Added%20new%20skill%20'New%20Skill'%20to%20unit%201
27%2F05%2F2025#15%3A51#NorppuWamppu#000000000000#Project#Updated%20project%20metadata
27%2F05%2F2025#15%3A26#NorppuWamppu#000000000000#Project#Updated%20project%20metadata
27%2F05%2F2025#15%3A26#NorppuWamppu#000000000000#Project#Updated%20project%20metadata
27%2F05%2F2025#15%3A25#NorppuWamppu#000000000000#Project#Updated%20project%20metadata
27%2F05%2F2025#15%3A23#NorppuWamppu#000000000000#Project#Updated%20project%20metadata
27%2F05%2F2025#15%3A23#NorppuWamppu#HB4HvsqREERD#Vocab#Updated%20vocabulary%20for%20skill%20'Greetings%20and%20first%20words'
26%2F05%2F2025#22%3A25#NorppuWamppu#000000000000#Project#Updated%20project%20metadata
26%2F05%2F2025#22%3A25#NorppuWamppu#rB4evknLdRhR#Skill#Updated%20skill%20'Describing%20things'%20details
26%2F05%2F2025#22%3A24#NorppuWamppu#000000000000#Project#Updated%20project%20metadata
26%2F05%2F2025#22%3A23#NorppuWamppu#000000000000#Project#Updated%20project%20metadata
26%2F05%2F2025#22%3A22#NorppuWamppu#000000000000#Project#Updated%20project%20metadata
26%2F05%2F2025#22%3A22#NorppuWamppu#000000000000#Project#Updated%20project%20metadata
26%2F05%2F2025#08%3A26#NorppuWamppu#000000000000#Project#Updated%20project%20metadata
26%2F05%2F2025#08%3A26#NorppuWamppu#5eZGDDHSBeHQ#Skill#Updated%20skill%20'Conjugating%20in%20present%20tense'%20details
26%2F05%2F2025#08%3A26#NorppuWamppu#5eZGDDHSBeHQ#Skill#Updated%20skill%20'Conjugating%20in%20present%20tense'%20details
26%2F05%2F2025#08%3A24#NorppuWamppu#000000000000#Project#Updated%20project%20metadata
26%2F05%2F2025#08%3A24#NorppuWamppu#5eZGDDHSBeHQ#Vocab#Updated%20vocabulary%20for%20skill%20'Conjugating%20in%20present%20tense'
26%2F05%2F2025#08%3A23#NorppuWamppu#000000000000#Project#Updated%20project%20metadata
26%2F05%2F2025#08%3A23#NorppuWamppu#5eZGDDHSBeHQ#Sentences#Updated%20sentences%20for%20skill%20'Conjugating%20in%20present%20tense'
26%2F05%2F2025#08%3A13#NorppuWamppu#000000000000#Project#Updated%20project%20metadata
26%2F05%2F2025#08%3A13#NorppuWamppu#5eZGDDHSBeHQ#Vocab#Updated%20vocabulary%20for%20skill%20'Conjugating%20in%20present%20tense'
26%2F05%2F2025#07%3A55#NorppuWamppu#6GNxyU9jZeGe#Skill#Updated%20skill%20'Simple%20verbs%20in%20nominative'%20details
26%2F05%2F2025#07%3A55#NorppuWamppu#000000000000#Project#Updated%20project%20metadata
26%2F05%2F2025#07%3A55#NorppuWamppu#6GNxyU9jZeGe#Vocab#Updated%20vocabulary%20for%20skill%20'Simple%20verbs%20in%20nominative'
26%2F05%2F2025#07%3A42#NorppuWamppu#000000000000#Project#Updated%20project%20metadata
26%2F05%2F2025#07%3A42#NorppuWamppu#6GNxyU9jZeGe#Vocab#Updated%20vocabulary%20for%20skill%20'Simple%20verbs%20in%20nominative'
26%2F05%2F2025#07%3A40#NorppuWamppu#000000000000#Project#Updated%20project%20metadata
26%2F05%2F2025#07%3A40#NorppuWamppu#6GNxyU9jZeGe#Vocab#Updated%20vocabulary%20for%20skill%20'Simple%20verbs%20in%20nominative'
26%2F05%2F2025#07%3A36#NorppuWamppu#6GNxyU9jZeGe#Skill#Updated%20skill%20'Simple%20verbs%20in%20nominative'%20details
26%2F05%2F2025#07%3A15#NorppuWamppu#5eZGDDHSBeHQ#Skill#Updated%20skill%20'Conjugating%20in%20present%20tense'%20details
26%2F05%2F2025#07%3A15#NorppuWamppu#5eZGDDHSBeHQ#Skill#Updated%20skill%20'Conjugating%20in%20present%20tense'%20details
26%2F05%2F2025#07%3A15#NorppuWamppu#5eZGDDHSBeHQ#Skill#Updated%20skill%20'Conjugating%20in%20present%20tense'%20details
26%2F05%2F2025#07%3A15#NorppuWamppu#5eZGDDHSBeHQ#Skill#Updated%20skill%20'Conjugating%20in%20present%20tense'%20details
26%2F05%2F2025#07%3A14#NorppuWamppu#5eZGDDHSBeHQ#Skill#Updated%20skill%20'Conjugating%20in%20present%20tense'%20details
26%2F05%2F2025#07%3A14#NorppuWamppu#5eZGDDHSBeHQ#Skill#Added%20new%20skill%20'New%20Skill'%20to%20unit%201
25%2F05%2F2025#15%3A18#NorppuWamppu#000000000000#Project#Updated%20project%20metadata
25%2F05%2F2025#15%3A18#NorppuWamppu#HB4HvsqREERD#Vocab#Updated%20vocabulary%20for%20skill%20'Greetings%20and%20first%20words'
25%2F05%2F2025#15%3A18#NorppuWamppu#HB4HvsqREERD#Sentences#Updated%20sentences%20for%20skill%20'Greetings%20and%20first%20words'
25%2F05%2F2025#15%3A17#NorppuWamppu#000000000000#Project#Updated%20project%20metadata
25%2F05%2F2025#15%3A14#NorppuWamppu#QR2nGm0AC02p#Skill#Updated%20skill%20'Nouns'%20details
25%2F05%2F2025#15%3A14#NorppuWamppu#QR2nGm0AC02p#Skill#Updated%20skill%20'New%20Skill'%20details
25%2F05%2F2025#15%3A14#NorppuWamppu#QR2nGm0AC02p#Skill#Updated%20skill%20'New%20Skill'%20details
25%2F05%2F2025#15%3A14#NorppuWamppu#QR2nGm0AC02p#Skill#Added%20new%20skill%20'New%20Skill'%20to%20unit%201
25%2F05%2F2025#15%3A13#NorppuWamppu#135Oz1Px1YtM#Skill#Updated%20skill%20'Adjectives'%20details
25%2F05%2F2025#15%3A13#NorppuWamppu#135Oz1Px1YtM#Skill#Updated%20skill%20'Adjectives'%20details
25%2F05%2F2025#15%3A13#NorppuWamppu#135Oz1Px1YtM#Skill#Updated%20skill%20'Adjectives'%20details
25%2F05%2F2025#15%3A13#NorppuWamppu#135Oz1Px1YtM#Skill#Updated%20skill%20'Adjectives'%20details
25%2F05%2F2025#15%3A13#NorppuWamppu#135Oz1Px1YtM#Skill#Added%20new%20skill%20'New%20Skill'%20to%20unit%201
25%2F05%2F2025#15%3A13#NorppuWamppu#DOqU6jYzutd9#Skill#Updated%20skill%20'Verbs%20in%20past%20tense'%20details
25%2F05%2F2025#15%3A13#NorppuWamppu#DOqU6jYzutd9#Skill#Updated%20skill%20'Verbs%20in%20past%20tense'%20details
25%2F05%2F2025#15%3A12#NorppuWamppu#DOqU6jYzutd9#Skill#Updated%20skill%20'Verbs%20in%20past%20tense'%20details
25%2F05%2F2025#15%3A12#NorppuWamppu#DOqU6jYzutd9#Skill#Updated%20skill%20'Verbs%20in%20past%20tense'%20details
25%2F05%2F2025#15%3A12#NorppuWamppu#DOqU6jYzutd9#Skill#Updated%20skill%20'Verbs%20in%20past%20tense'%20details
25%2F05%2F2025#15%3A12#NorppuWamppu#DOqU6jYzutd9#Skill#Updated%20skill%20'Verbs%20in%20past%20tense'%20details
25%2F05%2F2025#15%3A12#NorppuWamppu#DOqU6jYzutd9#Skill#Added%20new%20skill%20'New%20Skill'%20to%20unit%201
25%2F05%2F2025#15%3A12#NorppuWamppu#000000000000#Project#Updated%20project%20metadata
25%2F05%2F2025#15%3A12#NorppuWamppu#1#Unit#Deleted%20unit%201
25%2F05%2F2025#15%3A12#NorppuWamppu#d1Ui7ARgsJZ8#Skill#Deleted%20skill%20'Numbers%20and%20simple%20plural%20of%20nouns'%20from%20unit%201
25%2F05%2F2025#15%3A12#NorppuWamppu#vRpOO2iJw48L#Skill#Deleted%20skill%20'Home%20and%20family'%20from%20unit%201
25%2F05%2F2025#15%3A12#NorppuWamppu#kdpSGFVANBOf#Skill#Updated%20skill%20'Numbers%20and%20simple%20plural%20of%20nouns'%20details
25%2F05%2F2025#15%3A12#NorppuWamppu#kdpSGFVANBOf#Skill#Updated%20skill%20'Numbers%20and%20simple%20plural%20of%20nouns'%20details
25%2F05%2F2025#15%3A12#NorppuWamppu#kdpSGFVANBOf#Skill#Updated%20skill%20'Numbers%20and%20simple%20plural%20of%20nouns'%20details
25%2F05%2F2025#15%3A12#NorppuWamppu#VaXsCVkESVpX#Skill#Deleted%20skill%20'Weather'%20from%20unit%202
25%2F05%2F2025#15%3A12#NorppuWamppu#y4NCYDGjln9n#Skill#Deleted%20skill%20'Months%20and%20seasons'%20from%20unit%202
25%2F05%2F2025#15%3A12#NorppuWamppu#mAAHEy2Fd7Xs#Skill#Updated%20skill%20'Talking%20about%20time'%20details
25%2F05%2F2025#15%3A11#NorppuWamppu#kdpSGFVANBOf#Skill#Updated%20skill%20'Numbers%20and%20simple%20plural%20of%20nouns'%20details
25%2F05%2F2025#15%3A11#NorppuWamppu#kdpSGFVANBOf#Skill#Added%20new%20skill%20'New%20Skill'%20to%20unit%202
25%2F05%2F2025#15%3A09#NorppuWamppu#rB4evknLdRhR#Skill#Updated%20skill%20'Describing%20things'%20details
25%2F05%2F2025#15%3A08#NorppuWamppu#HB4HvsqREERD#Skill#Updated%20skill%20'Greetings%20and%20first%20words'%20details
25%2F05%2F2025#15%3A08#NorppuWamppu#HB4HvsqREERD#Vocab#Updated%20vocabulary%20for%20skill%20'Greetings%20and%20first%20words'
25%2F05%2F2025#15%3A07#NorppuWamppu#HB4HvsqREERD#Sentences#Updated%20sentences%20for%20skill%20'Greetings%20and%20first%20words'
25%2F05%2F2025#14%3A56#NorppuWamppu#000000000000#Project#Updated%20project%20metadata
25%2F05%2F2025#14%3A22#NorppuWamppu#000000000000#Project#Updated%20project%20metadata
25%2F05%2F2025#14%3A22#NorppuWamppu#BMEhbIil0jYu#Question#Deleted%20question%20'BMEhbIil0jYu'%20from%20lesson%20'3csbuIf6lbsz'
25%2F05%2F2025#14%3A21#NorppuWamppu#BMEhbIil0jYu#Question#Added%20new%20'PickOneMeaning'%20question%20to%20lesson%20'3csbuIf6lbsz'
25%2F05%2F2025#14%3A21#NorppuWamppu#bCzziojf1qjH#Question#Deleted%20question%20'bCzziojf1qjH'%20from%20lesson%20'3csbuIf6lbsz'
25%2F05%2F2025#14%3A21#NorppuWamppu#bCzziojf1qjH#Question#Added%20new%20'PickOneAudio'%20question%20to%20lesson%20'3csbuIf6lbsz'
25%2F05%2F2025#14%3A21#NorppuWamppu#mnWWPvjkrHaX#Question#Deleted%20question%20'mnWWPvjkrHaX'%20from%20lesson%20'3csbuIf6lbsz'
25%2F05%2F2025#14%3A21#NorppuWamppu#mnWWPvjkrHaX#Question#Added%20new%20'PickOneMeaning'%20question%20to%20lesson%20'3csbuIf6lbsz'
25%2F05%2F2025#14%3A17#NorppuWamppu#VUUFI5sjGBwQ#Question#Added%20new%20'FlashCard'%20question%20to%20lesson%20'3csbuIf6lbsz'
25%2F05%2F2025#14%3A16#NorppuWamppu#xv4tZjFWgr63#Question#Added%20new%20'FlashCard'%20question%20to%20lesson%20'3csbuIf6lbsz'
25%2F05%2F2025#14%3A16#NorppuWamppu#I4cY7aeh61Hu#Question#Added%20new%20'FlashCard'%20question%20to%20lesson%20'3csbuIf6lbsz'
25%2F05%2F2025#14%3A16#NorppuWamppu#80SNBN9zZBbG#Question#Added%20new%20'FlashCard'%20question%20to%20lesson%20'3csbuIf6lbsz'
25%2F05%2F2025#14%3A16#NorppuWamppu#9srolLAmja8j#Question#Added%20new%20'FlashCard'%20question%20to%20lesson%20'3csbuIf6lbsz'
25%2F05%2F2025#14%3A15#NorppuWamppu#FZoyfP3XGoln#Question#Added%20new%20'FlashCard'%20question%20to%20lesson%20'3csbuIf6lbsz'
25%2F05%2F2025#14%3A15#NorppuWamppu#HB4HvsqREERD#Skill#Updated%20skill%20'Greetings%20and%20first%20words'%20details
25%2F05%2F2025#14%3A15#NorppuWamppu#HB4HvsqREERD#Skill#Updated%20skill%20'Greetings%20and%20first%20words'%20details
25%2F05%2F2025#14%3A14#NorppuWamppu#MUsuH5eF3PlY#Lesson#Added%20new%20lesson%2015%20to%20skill%20'HB4HvsqREERD'
25%2F05%2F2025#14%3A14#NorppuWamppu#biUpShemSaIW#Lesson#Deleted%20lesson%2015%20from%20skill%20'HB4HvsqREERD'
25%2F05%2F2025#14%3A14#NorppuWamppu#HB4HvsqREERD#Skill#Updated%20skill%20'Greetings%20and%20first%20words'%20details
25%2F05%2F2025#14%3A14#NorppuWamppu#HB4HvsqREERD#Skill#Updated%20skill%20'Greetings%20and%20first%20words'%20details
24%2F05%2F2025#20%3A41#NorppuWamppu#000000000000#Project#Updated%20project%20metadata
24%2F05%2F2025#20%3A40#NorppuWamppu#HB4HvsqREERD#Skill#Updated%20skill%20'Greetings%20and%20first%20words'%20details
24%2F05%2F2025#20%3A40#NorppuWamppu#rB4evknLdRhR#Skill#Updated%20skill%20'Describing%20things'%20details
24%2F05%2F2025#20%3A40#NorppuWamppu#rB4evknLdRhR#Skill#Updated%20skill%20'Describing%20things'%20details
24%2F05%2F2025#20%3A39#NorppuWamppu#zxMIzpgW1ynC#Skill#Updated%20skill%20'Describing%20yourself'%20details
24%2F05%2F2025#20%3A39#NorppuWamppu#zxMIzpgW1ynC#Skill#Updated%20skill%20'Describing%20yourself'%20details
24%2F05%2F2025#20%3A39#NorppuWamppu#zxMIzpgW1ynC#Skill#Updated%20skill%20'Describing%20yourself'%20details
24%2F05%2F2025#20%3A39#NorppuWamppu#zxMIzpgW1ynC#Skill#Updated%20skill%20'Describing%20yourself'%20details
24%2F05%2F2025#20%3A39#NorppuWamppu#zxMIzpgW1ynC#Skill#Updated%20skill%20'Describing%20yourself'%20details
24%2F05%2F2025#20%3A38#NorppuWamppu#zxMIzpgW1ynC#Skill#Updated%20skill%20'Describing%20yourself'%20details
24%2F05%2F2025#20%3A38#NorppuWamppu#zxMIzpgW1ynC#Skill#Updated%20skill%20'Describing%20yourself'%20details
24%2F05%2F2025#20%3A38#NorppuWamppu#zxMIzpgW1ynC#Skill#Updated%20skill%20'Describing%20yourself'%20details
24%2F05%2F2025#20%3A38#NorppuWamppu#zxMIzpgW1ynC#Skill#Updated%20skill%20'Describing%20yourself'%20details
24%2F05%2F2025#20%3A38#NorppuWamppu#zxMIzpgW1ynC#Skill#Updated%20skill%20'Describing%20yourself'%20details
24%2F05%2F2025#20%3A38#NorppuWamppu#zxMIzpgW1ynC#Skill#Added%20new%20skill%20'New%20Skill'%20to%20unit%200
24%2F05%2F2025#20%3A38#NorppuWamppu#JjUvqCIAsh57#Lesson#Deleted%20lesson%201%20from%20skill%20'rB4evknLdRhR'
24%2F05%2F2025#20%3A38#NorppuWamppu#dGf8N8AzfVH7#Lesson#Added%20new%20lesson%202%20to%20skill%20'rB4evknLdRhR'
24%2F05%2F2025#20%3A38#NorppuWamppu#CyV9K4uqTKZB#Lesson#Deleted%20lesson%202%20from%20skill%20'rB4evknLdRhR'
24%2F05%2F2025#20%3A38#NorppuWamppu#aqt9TbbH41lL#Lesson#Deleted%20lesson%203%20from%20skill%20'rB4evknLdRhR'
24%2F05%2F2025#20%3A38#NorppuWamppu#iOl8MmkVl5Ua#Lesson#Deleted%20lesson%204%20from%20skill%20'rB4evknLdRhR'
24%2F05%2F2025#20%3A37#NorppuWamppu#avOn0kvCZdSj#Lesson#Deleted%20lesson%205%20from%20skill%20'rB4evknLdRhR'
24%2F05%2F2025#20%3A37#NorppuWamppu#sIBeLJTWRECx#Lesson#Deleted%20lesson%206%20from%20skill%20'rB4evknLdRhR'
24%2F05%2F2025#20%3A37#NorppuWamppu#TTWRlr8xmJNA#Lesson#Deleted%20lesson%207%20from%20skill%20'rB4evknLdRhR'
24%2F05%2F2025#20%3A37#NorppuWamppu#Gn3jiPQmq3wS#Lesson#Deleted%20lesson%207%20from%20skill%20'rB4evknLdRhR'
24%2F05%2F2025#20%3A37#NorppuWamppu#CDSSOhhFszUo#Lesson#Deleted%20lesson%207%20from%20skill%20'rB4evknLdRhR'
24%2F05%2F2025#20%3A37#NorppuWamppu#R3spLKr1YXV1#Lesson#Deleted%20lesson%207%20from%20skill%20'rB4evknLdRhR'
24%2F05%2F2025#20%3A37#NorppuWamppu#dUQHFbmWRavD#Lesson#Deleted%20lesson%207%20from%20skill%20'rB4evknLdRhR'
24%2F05%2F2025#20%3A37#NorppuWamppu#YVKBYUHafhdo#Lesson#Deleted%20lesson%207%20from%20skill%20'rB4evknLdRhR'
24%2F05%2F2025#20%3A37#NorppuWamppu#Hhc3Vbk0EIQe#Lesson#Deleted%20lesson%207%20from%20skill%20'rB4evknLdRhR'
24%2F05%2F2025#20%3A37#NorppuWamppu#2xC71AalyiXq#Lesson#Deleted%20lesson%207%20from%20skill%20'rB4evknLdRhR'
24%2F05%2F2025#20%3A37#NorppuWamppu#hxresvoFr9Cm#Lesson#Deleted%20lesson%205%20from%20skill%20'rB4evknLdRhR'
24%2F05%2F2025#20%3A37#NorppuWamppu#rB4evknLdRhR#Sentences#Updated%20sentences%20for%20skill%20'Describing%20things'
24%2F05%2F2025#20%3A36#NorppuWamppu#rB4evknLdRhR#Sentences#Updated%20sentences%20for%20skill%20'Describing%20things'
24%2F05%2F2025#20%3A35#NorppuWamppu#iNJHDfQIEdWY#Skill#Deleted%20skill%20'Nouns'%20from%20unit%200
24%2F05%2F2025#20%3A34#NorppuWamppu#iNJHDfQIEdWY#Skill#Updated%20skill%20'Nouns'%20details
24%2F05%2F2025#20%3A34#NorppuWamppu#iNJHDfQIEdWY#Skill#Updated%20skill%20'Nouns'%20details
24%2F05%2F2025#20%3A34#NorppuWamppu#iNJHDfQIEdWY#Skill#Updated%20skill%20'Nouns'%20details
24%2F05%2F2025#20%3A34#NorppuWamppu#iNJHDfQIEdWY#Skill#Updated%20skill%20'Nouns'%20details
24%2F05%2F2025#20%3A33#NorppuWamppu#iNJHDfQIEdWY#Skill#Added%20new%20skill%20'New%20Skill'%20to%20unit%200
24%2F05%2F2025#20%3A33#NorppuWamppu#000000000000#Project#Updated%20project%20metadata
24%2F05%2F2025#20%3A31#NorppuWamppu#ggbIzL3bkfIG#Question#Added%20new%20'Match'%20question%20to%20lesson%20'UyFgaUJmHUpm'
24%2F05%2F2025#20%3A30#NorppuWamppu#IyInilOVfhRB#Question#Added%20new%20'WriteWords'%20question%20to%20lesson%20'UyFgaUJmHUpm'
24%2F05%2F2025#20%3A27#NorppuWamppu#P6STFEB4I8WJ#Question#Added%20new%20'PickWords'%20question%20to%20lesson%20'UyFgaUJmHUpm'
24%2F05%2F2025#20%3A27#NorppuWamppu#y1n0X9w8IP8b#Question#Added%20new%20'FlashCard'%20question%20to%20lesson%20'UyFgaUJmHUpm'
24%2F05%2F2025#20%3A25#NorppuWamppu#Bt81lbD7N6MR#Question#Added%20new%20'FlashCard'%20question%20to%20lesson%20'UyFgaUJmHUpm'
24%2F05%2F2025#20%3A25#NorppuWamppu#lpCzAKsMBH6b#Question#Added%20new%20'FlashCard'%20question%20to%20lesson%20'UyFgaUJmHUpm'
24%2F05%2F2025#20%3A24#NorppuWamppu#XAHjl9pLVEOl#Question#Added%20new%20'PickOne'%20question%20to%20lesson%20'UyFgaUJmHUpm'
24%2F05%2F2025#20%3A24#NorppuWamppu#4bekK8rrLhy6#Question#Added%20new%20'FlashCard'%20question%20to%20lesson%20'UyFgaUJmHUpm'
24%2F05%2F2025#20%3A23#NorppuWamppu#gSUlqovlZC3L#Question#Added%20new%20'PickOne'%20question%20to%20lesson%20'UyFgaUJmHUpm'
24%2F05%2F2025#20%3A23#NorppuWamppu#mhoQtyTsB05K#Question#Deleted%20question%20'mhoQtyTsB05K'%20from%20lesson%20'UyFgaUJmHUpm'
24%2F05%2F2025#20%3A23#NorppuWamppu#0KS6sKAGnYyv#Question#Added%20new%20'FlashCard'%20question%20to%20lesson%20'UyFgaUJmHUpm'
24%2F05%2F2025#20%3A22#NorppuWamppu#mnZ3JYpyBgnu#Question#Added%20new%20'PickOne'%20question%20to%20lesson%20'UyFgaUJmHUpm'
24%2F05%2F2025#20%3A21#NorppuWamppu#LP9JAxwR0f72#Question#Added%20new%20'PickOne'%20question%20to%20lesson%20'UyFgaUJmHUpm'
24%2F05%2F2025#20%3A21#NorppuWamppu#rG3yKuoGJLR5#Question#Added%20new%20'PickOne'%20question%20to%20lesson%20'UyFgaUJmHUpm'
24%2F05%2F2025#20%3A21#NorppuWamppu#Jz45DhQvQj5M#Question#Deleted%20question%20'Jz45DhQvQj5M'%20from%20lesson%20'UyFgaUJmHUpm'
24%2F05%2F2025#20%3A20#NorppuWamppu#Jz45DhQvQj5M#Question#Added%20new%20'Match'%20question%20to%20lesson%20'UyFgaUJmHUpm'
24%2F05%2F2025#20%3A20#NorppuWamppu#mPnLHh1Wb7Jl#Question#Added%20new%20'PickOne'%20question%20to%20lesson%20'UyFgaUJmHUpm'
24%2F05%2F2025#20%3A20#NorppuWamppu#piZRldbcfzk2#Question#Deleted%20question%20'piZRldbcfzk2'%20from%20lesson%20'UyFgaUJmHUpm'
24%2F05%2F2025#20%3A19#NorppuWamppu#piZRldbcfzk2#Question#Added%20new%20'PickOneAudio'%20question%20to%20lesson%20'UyFgaUJmHUpm'
24%2F05%2F2025#20%3A17#NorppuWamppu#UyFgaUJmHUpm#Lesson#Added%20new%20lesson%206%20to%20skill%20'HB4HvsqREERD'
24%2F05%2F2025#20%3A17#NorppuWamppu#HB4HvsqREERD#Skill#Updated%20skill%20'Greetings%20and%20first%20words'%20details
24%2F05%2F2025#20%3A16#NorppuWamppu#000000000000#Project#Updated%20project%20metadata
24%2F05%2F2025#20%3A16#NorppuWamppu#HB4HvsqREERD#Sentences#Updated%20sentences%20for%20skill%20'Greetings%20and%20first%20words'
24%2F05%2F2025#20%3A14#NorppuWamppu#000000000000#Project#Updated%20project%20metadata
24%2F05%2F2025#20%3A14#NorppuWamppu#AZnAzsVqoJvP#Lesson#Deleted%20lesson%201%20from%20skill%20'HB4HvsqREERD'
24%2F05%2F2025#20%3A14#NorppuWamppu#ZPVJwCXn0hZo#Lesson#Deleted%20lesson%202%20from%20skill%20'HB4HvsqREERD'
24%2F05%2F2025#20%3A14#NorppuWamppu#Y7lEN36Wj6Y1#Lesson#Deleted%20lesson%202%20from%20skill%20'HB4HvsqREERD'
24%2F05%2F2025#20%3A14#NorppuWamppu#vNVJ2kgjpYVi#Lesson#Deleted%20lesson%203%20from%20skill%20'HB4HvsqREERD'
24%2F05%2F2025#20%3A14#NorppuWamppu#silGRs2J8CAm#Lesson#Deleted%20lesson%203%20from%20skill%20'HB4HvsqREERD'
24%2F05%2F2025#20%3A14#NorppuWamppu#vXrz67u8c1qN#Lesson#Deleted%20lesson%203%20from%20skill%20'HB4HvsqREERD'
24%2F05%2F2025#20%3A14#NorppuWamppu#1iq9VmfMIT9R#Lesson#Deleted%20lesson%203%20from%20skill%20'HB4HvsqREERD'
24%2F05%2F2025#20%3A14#NorppuWamppu#cfzkZL8yYIvb#Lesson#Deleted%20lesson%208%20from%20skill%20'HB4HvsqREERD'
24%2F05%2F2025#20%3A14#NorppuWamppu#GnXkXIlUb1qh#Lesson#Deleted%20lesson%208%20from%20skill%20'HB4HvsqREERD'
24%2F05%2F2025#20%3A14#NorppuWamppu#rf5DoUYDxW4W#Lesson#Deleted%20lesson%205%20from%20skill%20'HB4HvsqREERD'
24%2F05%2F2025#20%3A13#NorppuWamppu#FbwUuBTImxlO#Lesson#Added%20new%20lesson%2011%20to%20skill%20'HB4HvsqREERD'
24%2F05%2F2025#20%3A13#NorppuWamppu#HB4HvsqREERD#Skill#Updated%20skill%20'Greetings%20and%20first%20words'%20details
24%2F05%2F2025#20%3A12#NorppuWamppu#HB4HvsqREERD#Sentences#Updated%20sentences%20for%20skill%20'Greetings%20and%20first%20words'
24%2F05%2F2025#20%3A12#NorppuWamppu#HB4HvsqREERD#Vocab#Updated%20vocabulary%20for%20skill%20'Greetings%20and%20first%20words'
24%2F05%2F2025#20%3A11#NorppuWamppu#Ymh2jjF9AOeM#Question#Deleted%20question%20'Ymh2jjF9AOeM'%20from%20lesson%20'3ctn2QtGCuTA'
24%2F05%2F2025#20%3A11#NorppuWamppu#gxIW2YPc0hCh#Question#Deleted%20question%20'gxIW2YPc0hCh'%20from%20lesson%20'3ctn2QtGCuTA'
24%2F05%2F2025#20%3A11#NorppuWamppu#JFdSQ9Ct3VEg#Question#Deleted%20question%20'JFdSQ9Ct3VEg'%20from%20lesson%20'3ctn2QtGCuTA'
24%2F05%2F2025#20%3A11#NorppuWamppu#4C0kpE63rICr#Question#Deleted%20question%20'4C0kpE63rICr'%20from%20lesson%20'3ctn2QtGCuTA'
24%2F05%2F2025#20%3A11#NorppuWamppu#akXUMpHbg8BE#Question#Deleted%20question%20'akXUMpHbg8BE'%20from%20lesson%20'3ctn2QtGCuTA'
24%2F05%2F2025#20%3A11#NorppuWamppu#gi1X96W0wFtZ#Question#Deleted%20question%20'gi1X96W0wFtZ'%20from%20lesson%20'3ctn2QtGCuTA'
24%2F05%2F2025#20%3A11#NorppuWamppu#pK5KCBFxqs8D#Question#Deleted%20question%20'pK5KCBFxqs8D'%20from%20lesson%20'3ctn2QtGCuTA'
24%2F05%2F2025#20%3A11#NorppuWamppu#4JER0b4KSMvL#Question#Deleted%20question%20'4JER0b4KSMvL'%20from%20lesson%20'3ctn2QtGCuTA'
24%2F05%2F2025#20%3A11#NorppuWamppu#uPB652mlW3Pt#Question#Deleted%20question%20'uPB652mlW3Pt'%20from%20lesson%20'3ctn2QtGCuTA'
24%2F05%2F2025#20%3A11#NorppuWamppu#k5kpi7poTQMC#Question#Deleted%20question%20'k5kpi7poTQMC'%20from%20lesson%20'3ctn2QtGCuTA'
24%2F05%2F2025#20%3A11#NorppuWamppu#xVtE85bpEj0V#Question#Deleted%20question%20'xVtE85bpEj0V'%20from%20lesson%20'3ctn2QtGCuTA'
24%2F05%2F2025#20%3A11#NorppuWamppu#lgoWXMZNdwE9#Question#Deleted%20question%20'lgoWXMZNdwE9'%20from%20lesson%20'3ctn2QtGCuTA'
24%2F05%2F2025#20%3A11#NorppuWamppu#fyCa0qkPrjoI#Question#Deleted%20question%20'fyCa0qkPrjoI'%20from%20lesson%20'3ctn2QtGCuTA'
24%2F05%2F2025#20%3A11#NorppuWamppu#GdFPo9G1UeU9#Question#Deleted%20question%20'GdFPo9G1UeU9'%20from%20lesson%20'3ctn2QtGCuTA'
24%2F05%2F2025#20%3A11#NorppuWamppu#pDaFY8RMK4Wu#Question#Deleted%20question%20'pDaFY8RMK4Wu'%20from%20lesson%20'3ctn2QtGCuTA'
24%2F05%2F2025#20%3A10#NorppuWamppu#h5YvaV3VCL8f#Question#Deleted%20question%20'h5YvaV3VCL8f'%20from%20lesson%20'3ctn2QtGCuTA'
24%2F05%2F2025#20%3A10#NorppuWamppu#opV55PQHTEBz#Question#Deleted%20question%20'opV55PQHTEBz'%20from%20lesson%20'3ctn2QtGCuTA'
24%2F05%2F2025#20%3A10#NorppuWamppu#6S36uY1hrN1h#Question#Deleted%20question%20'6S36uY1hrN1h'%20from%20lesson%20'3ctn2QtGCuTA'
24%2F05%2F2025#20%3A10#NorppuWamppu#pW5WBRQLgWUS#Question#Deleted%20question%20'pW5WBRQLgWUS'%20from%20lesson%20'3ctn2QtGCuTA'
24%2F05%2F2025#20%3A10#NorppuWamppu#428oUKOwu6Pw#Lesson#Deleted%20lesson%202%20from%20skill%20'HB4HvsqREERD'
24%2F05%2F2025#20%3A10#NorppuWamppu#7oYf3KvGWqjU#Lesson#Deleted%20lesson%203%20from%20skill%20'HB4HvsqREERD'
24%2F05%2F2025#20%3A10#NorppuWamppu#iWnB5g2dW9Mz#Lesson#Deleted%20lesson%204%20from%20skill%20'HB4HvsqREERD'
24%2F05%2F2025#20%3A10#NorppuWamppu#fArKSYdPWZ4H#Lesson#Deleted%20lesson%205%20from%20skill%20'HB4HvsqREERD'
24%2F05%2F2025#20%3A10#NorppuWamppu#brqd2dNz26eM#Lesson#Deleted%20lesson%206%20from%20skill%20'HB4HvsqREERD'
24%2F05%2F2025#20%3A10#NorppuWamppu#pQWPUy315KGK#Lesson#Deleted%20lesson%207%20from%20skill%20'HB4HvsqREERD'
24%2F05%2F2025#20%3A10#NorppuWamppu#FcSfww0kO8Fi#Lesson#Deleted%20lesson%208%20from%20skill%20'HB4HvsqREERD'
24%2F05%2F2025#20%3A10#NorppuWamppu#Q5LxMPke6SJI#Lesson#Deleted%20lesson%209%20from%20skill%20'HB4HvsqREERD'
24%2F05%2F2025#20%3A10#NorppuWamppu#LyvhmHTsxp7k#Lesson#Deleted%20lesson%209%20from%20skill%20'HB4HvsqREERD'
24%2F05%2F2025#20%3A10#NorppuWamppu#l3bERs9Bhe4H#Lesson#Deleted%20lesson%2010%20from%20skill%20'HB4HvsqREERD'
24%2F05%2F2025#20%3A10#NorppuWamppu#2byCdRk0Hsxr#Lesson#Deleted%20lesson%209%20from%20skill%20'HB4HvsqREERD'
24%2F05%2F2025#20%3A10#NorppuWamppu#8ci2ZLySERrG#Lesson#Deleted%20lesson%209%20from%20skill%20'HB4HvsqREERD'
24%2F05%2F2025#20%3A10#NorppuWamppu#sIS1Pr0ToDl2#Lesson#Deleted%20lesson%2011%20from%20skill%20'HB4HvsqREERD'
24%2F05%2F2025#20%3A10#NorppuWamppu#OOlrzSLwQ6O3#Lesson#Deleted%20lesson%2011%20from%20skill%20'HB4HvsqREERD'
24%2F05%2F2025#20%3A09#NorppuWamppu#HB4HvsqREERD#Vocab#Updated%20vocabulary%20for%20skill%20'Greetings%20and%20first%20words'
24%2F05%2F2025#20%3A05#NorppuWamppu#HB4HvsqREERD#Sentences#Updated%20sentences%20for%20skill%20'Greetings%20and%20first%20words'
24%2F05%2F2025#20%3A00#NorppuWamppu#wrKNudFuHJhT#Skill#Deleted%20skill%20'New%20Skill'%20from%20unit%200
24%2F05%2F2025#20%3A00#NorppuWamppu#wrKNudFuHJhT#Skill#Added%20new%20skill%20'New%20Skill'%20to%20unit%200
24%2F05%2F2025#15%3A29#NorppuWamppu#000000000000#Project#Updated%20project%20metadata
24%2F05%2F2025#15%3A28#NorppuWamppu#mAAHEy2Fd7Xs#Skill#Updated%20skill%20'Time%20and%20day'%20details
24%2F05%2F2025#15%3A28#NorppuWamppu#mAAHEy2Fd7Xs#Skill#Updated%20skill%20'Time%20of%20day'%20details
24%2F05%2F2025#15%3A28#NorppuWamppu#mAAHEy2Fd7Xs#Skill#Updated%20skill%20'Time%20of%20day'%20details
24%2F05%2F2025#15%3A28#NorppuWamppu#mAAHEy2Fd7Xs#Skill#Updated%20skill%20'Time%20of%20day'%20details
24%2F05%2F2025#15%3A28#NorppuWamppu#mAAHEy2Fd7Xs#Skill#Updated%20skill%20'Time%20of%20day'%20details
24%2F05%2F2025#15%3A28#NorppuWamppu#mAAHEy2Fd7Xs#Skill#Updated%20skill%20'Time%20of%20day'%20details
24%2F05%2F2025#15%3A27#NorppuWamppu#mAAHEy2Fd7Xs#Skill#Updated%20skill%20'Time%20of%20day'%20details
24%2F05%2F2025#15%3A27#NorppuWamppu#mAAHEy2Fd7Xs#Skill#Updated%20skill%20'Time%20of%20day'%20details
24%2F05%2F2025#15%3A27#NorppuWamppu#mAAHEy2Fd7Xs#Skill#Updated%20skill%20'Time%20of%20day'%20details
24%2F05%2F2025#15%3A27#NorppuWamppu#mAAHEy2Fd7Xs#Skill#Updated%20skill%20'Time%20of%20day'%20details
24%2F05%2F2025#15%3A27#NorppuWamppu#bWZrT3FBThRB#Skill#Deleted%20skill%20'New%20Skill'%20from%20unit%202
24%2F05%2F2025#15%3A27#NorppuWamppu#bWZrT3FBThRB#Skill#Added%20new%20skill%20'New%20Skill'%20to%20unit%202
24%2F05%2F2025#15%3A27#NorppuWamppu#y4NCYDGjln9n#Skill#Updated%20skill%20'Months%20and%20seasons'%20details
24%2F05%2F2025#15%3A27#NorppuWamppu#oqxILlItyJV7#Skill#Deleted%20skill%20'Months%20and%20seasons'%20from%20unit%202
24%2F05%2F2025#15%3A26#NorppuWamppu#oqxILlItyJV7#Skill#Updated%20skill%20'Months%20and%20seasons'%20details
24%2F05%2F2025#15%3A26#NorppuWamppu#oqxILlItyJV7#Skill#Updated%20skill%20'Months%20and%20seasons'%20details
24%2F05%2F2025#15%3A26#NorppuWamppu#oqxILlItyJV7#Skill#Updated%20skill%20'Months%20and%20seasons'%20details
24%2F05%2F2025#15%3A26#NorppuWamppu#oqxILlItyJV7#Skill#Added%20new%20skill%20'New%20Skill'%20to%20unit%202
24%2F05%2F2025#15%3A25#NorppuWamppu#5wiYp3BG64Op#Skill#Deleted%20skill%20'Weather'%20from%20unit%202
24%2F05%2F2025#15%3A25#NorppuWamppu#VaXsCVkESVpX#Skill#Updated%20skill%20'Weather'%20details
24%2F05%2F2025#15%3A25#NorppuWamppu#5wiYp3BG64Op#Skill#Updated%20skill%20'Weather'%20details
24%2F05%2F2025#15%3A25#NorppuWamppu#5wiYp3BG64Op#Skill#Updated%20skill%20'Weather'%20details
24%2F05%2F2025#15%3A25#NorppuWamppu#5wiYp3BG64Op#Skill#Added%20new%20skill%20'New%20Skill'%20to%20unit%202
24%2F05%2F2025#15%3A24#NorppuWamppu#VaXsCVkESVpX#Skill#Updated%20skill%20'Months%20and%20seasons'%20details
24%2F05%2F2025#15%3A24#NorppuWamppu#VaXsCVkESVpX#Skill#Updated%20skill%20'Months%20and%20seasons'%20details
24%2F05%2F2025#15%3A24#NorppuWamppu#VaXsCVkESVpX#Skill#Updated%20skill%20'Months%20and%20seasons'%20details
24%2F05%2F2025#15%3A24#NorppuWamppu#VaXsCVkESVpX#Skill#Updated%20skill%20'Months%20and%20seasons'%20details
24%2F05%2F2025#15%3A24#NorppuWamppu#y4NCYDGjln9n#Skill#Updated%20skill%20'Days%20of%20the%20week'%20details
24%2F05%2F2025#15%3A24#NorppuWamppu#y4NCYDGjln9n#Skill#Updated%20skill%20'Days%20of%20the%20week'%20details
24%2F05%2F2025#15%3A24#NorppuWamppu#mAAHEy2Fd7Xs#Skill#Updated%20skill%20'Time%20of%20day'%20details
24%2F05%2F2025#15%3A24#NorppuWamppu#mAAHEy2Fd7Xs#Skill#Updated%20skill%20'Time%20of%20day'%20details
24%2F05%2F2025#15%3A24#NorppuWamppu#mAAHEy2Fd7Xs#Skill#Updated%20skill%20'Time%20of%20day'%20details
24%2F05%2F2025#15%3A23#NorppuWamppu#6GNxyU9jZeGe#Skill#Updated%20skill%20'Verbs%20in%20the%20present%20tense'%20details
24%2F05%2F2025#15%3A23#NorppuWamppu#6GNxyU9jZeGe#Skill#Updated%20skill%20'Verbs%20in%20the%20present%20tense'%20details
24%2F05%2F2025#15%3A23#NorppuWamppu#6GNxyU9jZeGe#Skill#Updated%20skill%20'Verbs%20in%20the%20present%20tense'%20details
24%2F05%2F2025#15%3A23#NorppuWamppu#6GNxyU9jZeGe#Skill#Updated%20skill%20'Verbs%20in%20the%20present%20tense'%20details
24%2F05%2F2025#15%3A23#NorppuWamppu#6GNxyU9jZeGe#Skill#Updated%20skill%20'Verbs%20in%20the%20present%20tense'%20details
24%2F05%2F2025#15%3A23#NorppuWamppu#6GNxyU9jZeGe#Skill#Updated%20skill%20'Verbs%20in%20the%20present%20tense'%20details
24%2F05%2F2025#15%3A23#NorppuWamppu#d1Ui7ARgsJZ8#Skill#Updated%20skill%20'Numbers%20and%20simple%20plural%20of%20nouns'%20details
24%2F05%2F2025#15%3A23#NorppuWamppu#d1Ui7ARgsJZ8#Skill#Updated%20skill%20'Numbers%20and%20simple%20plural%20of%20nouns'%20details
24%2F05%2F2025#15%3A22#NorppuWamppu#d1Ui7ARgsJZ8#Skill#Updated%20skill%20'Numbers%20and%20simple%20plural%20of%20nouns'%20details
24%2F05%2F2025#15%3A22#NorppuWamppu#d1Ui7ARgsJZ8#Skill#Updated%20skill%20'Numbers%20and%20simple%20plural%20of%20nouns'%20details
24%2F05%2F2025#15%3A22#NorppuWamppu#d1Ui7ARgsJZ8#Skill#Updated%20skill%20'Numbers%20and%20simple%20plural%20of%20nouns'%20details
24%2F05%2F2025#15%3A22#NorppuWamppu#d1Ui7ARgsJZ8#Skill#Updated%20skill%20'Numbers%20and%20simple%20plural%20of%20nouns'%20details
24%2F05%2F2025#15%3A22#NorppuWamppu#d1Ui7ARgsJZ8#Skill#Updated%20skill%20'Numbers%20and%20simple%20plural%20of%20nouns'%20details
24%2F05%2F2025#15%3A22#NorppuWamppu#t7KXLuSjgIUf#Skill#Updated%20skill%20'Colors'%20details
24%2F05%2F2025#15%3A22#NorppuWamppu#t7KXLuSjgIUf#Skill#Updated%20skill%20'Colors'%20details
24%2F05%2F2025#15%3A21#NorppuWamppu#vRpOO2iJw48L#Skill#Updated%20skill%20'Home%20and%20family'%20details
24%2F05%2F2025#15%3A21#NorppuWamppu#vRpOO2iJw48L#Skill#Updated%20skill%20'Home%20and%20family'%20details
24%2F05%2F2025#15%3A20#NorppuWamppu#d1Ui7ARgsJZ8#Skill#Updated%20skill%20'Numbers%20and%20simple%20plural%20of%20nouns'%20details
24%2F05%2F2025#15%3A20#NorppuWamppu#d1Ui7ARgsJZ8#Skill#Updated%20skill%20'Numbers%20and%20simple%20plural%20of%20nouns'%20details
24%2F05%2F2025#15%3A20#NorppuWamppu#d1Ui7ARgsJZ8#Skill#Updated%20skill%20'Numbers%20and%20simple%20plural%20of%20nouns'%20details
24%2F05%2F2025#15%3A20#NorppuWamppu#d1Ui7ARgsJZ8#Skill#Updated%20skill%20'Numbers%20and%20simple%20plural%20of%20nouns'%20details
24%2F05%2F2025#15%3A20#NorppuWamppu#d1Ui7ARgsJZ8#Skill#Updated%20skill%20'Numbers%20and%20simple%20plural%20of%20nouns'%20details
24%2F05%2F2025#15%3A20#NorppuWamppu#d1Ui7ARgsJZ8#Skill#Updated%20skill%20'Numbers%20and%20simple%20plural%20of%20nouns'%20details
24%2F05%2F2025#15%3A20#NorppuWamppu#d1Ui7ARgsJZ8#Skill#Updated%20skill%20'Numbers%20and%20simple%20plural%20of%20nouns'%20details
24%2F05%2F2025#15%3A20#NorppuWamppu#wD4Qq1ThSBFN#Skill#Updated%20skill%20'Countries%20and%20nationalities'%20details
24%2F05%2F2025#15%3A20#NorppuWamppu#wD4Qq1ThSBFN#Skill#Updated%20skill%20'Countries%20and%20nationalities'%20details
24%2F05%2F2025#15%3A19#NorppuWamppu#wD4Qq1ThSBFN#Skill#Updated%20skill%20'Countries%20and%20nationalities'%20details
24%2F05%2F2025#15%3A19#NorppuWamppu#000000000000#Project#Updated%20project%20metadata
24%2F05%2F2025#15%3A18#NorppuWamppu#4rrW3JlKwf7L#Lesson#Deleted%20lesson%2016%20from%20skill%20'HB4HvsqREERD'
24%2F05%2F2025#15%3A18#NorppuWamppu#4rrW3JlKwf7L#Lesson#Added%20new%20lesson%2016%20to%20skill%20'HB4HvsqREERD'
24%2F05%2F2025#15%3A17#NorppuWamppu#d1Ui7ARgsJZ8#Skill#Updated%20skill%20'Numbers%20and%20simple%20plural%20of%20nouns'%20details
24%2F05%2F2025#15%3A17#NorppuWamppu#t7KXLuSjgIUf#Skill#Updated%20skill%20'Colors'%20details
24%2F05%2F2025#15%3A16#NorppuWamppu#t7KXLuSjgIUf#Skill#Added%20new%20skill%20'New%20Skill'%20to%20unit%201
24%2F05%2F2025#15%3A16#NorppuWamppu#SpQjuLwrDqnf#Skill#Deleted%20skill%20'Colors'%20from%20unit%201
24%2F05%2F2025#15%3A16#NorppuWamppu#W5Gb1Zl6AKPP#Skill#Deleted%20skill%20'Numbers%201-10'%20from%20unit%201
24%2F05%2F2025#15%3A16#NorppuWamppu#W5Gb1Zl6AKPP#Skill#Updated%20skill%20'Numbers%201-10'%20details
24%2F05%2F2025#15%3A16#NorppuWamppu#W5Gb1Zl6AKPP#Skill#Added%20new%20skill%20'New%20Skill'%20to%20unit%201
24%2F05%2F2025#15%3A16#NorppuWamppu#vRpOO2iJw48L#Skill#Updated%20skill%20'Home%20and%20family'%20details
24%2F05%2F2025#15%3A16#NorppuWamppu#vRpOO2iJw48L#Skill#Added%20new%20skill%20'New%20Skill'%20to%20unit%201
24%2F05%2F2025#15%3A16#NorppuWamppu#fjlYjspwasVv#Skill#Deleted%20skill%20'Home%20and%20family'%20from%20unit%201
24%2F05%2F2025#15%3A15#NorppuWamppu#Tkh7QL1l9gi0#Skill#Deleted%20skill%20'New%20Skill'%20from%20unit%201
24%2F05%2F2025#15%3A15#NorppuWamppu#TVczMgMblIdX#Skill#Deleted%20skill%20'New%20Skill'%20from%20unit%201
24%2F05%2F2025#15%3A15#NorppuWamppu#TVczMgMblIdX#Skill#Added%20new%20skill%20'New%20Skill'%20to%20unit%201
24%2F05%2F2025#15%3A15#NorppuWamppu#Tkh7QL1l9gi0#Skill#Added%20new%20skill%20'New%20Skill'%20to%20unit%201
24%2F05%2F2025#15%3A15#NorppuWamppu#d1Ui7ARgsJZ8#Skill#Updated%20skill%20'Simple%20plural%20of%20nouns'%20details
24%2F05%2F2025#15%3A15#NorppuWamppu#d1Ui7ARgsJZ8#Skill#Added%20new%20skill%20'New%20Skill'%20to%20unit%201
24%2F05%2F2025#15%3A15#NorppuWamppu#fjlYjspwasVv#Skill#Updated%20skill%20'Home%20and%20family'%20details
24%2F05%2F2025#15%3A15#NorppuWamppu#fjlYjspwasVv#Skill#Added%20new%20skill%20'New%20Skill'%20to%20unit%201
24%2F05%2F2025#15%3A14#NorppuWamppu#SpQjuLwrDqnf#Skill#Updated%20skill%20'Colors'%20details
24%2F05%2F2025#15%3A14#NorppuWamppu#SpQjuLwrDqnf#Skill#Added%20new%20skill%20'New%20Skill'%20to%20unit%201
24%2F05%2F2025#15%3A14#NorppuWamppu#wD4Qq1ThSBFN#Skill#Updated%20skill%20'Countries%20and%20nationalities'%20details
24%2F05%2F2025#15%3A13#NorppuWamppu#am0WAPr1tk2t#Skill#Deleted%20skill%20'Questions%20and%20nouns'%20from%20unit%200
24%2F05%2F2025#14%3A55#NorppuWamppu#HB4HvsqREERD#Skill#Updated%20skill%20'Greetings%20and%20first%20words'%20details
24%2F05%2F2025#14%3A55#NorppuWamppu#HB4HvsqREERD#Skill#Updated%20skill%20'Greetings%20and%20first%20words'%20details
24%2F05%2F2025#14%3A55#NorppuWamppu#HB4HvsqREERD#Skill#Updated%20skill%20'Greetings%20and%20first%20words'%20details
24%2F05%2F2025#14%3A55#NorppuWamppu#HB4HvsqREERD#Skill#Updated%20skill%20'Greetings%20and%20first%20words'%20details
24%2F05%2F2025#14%3A55#NorppuWamppu#HB4HvsqREERD#Skill#Updated%20skill%20'Greetings%20and%20first%20words'%20details
24%2F05%2F2025#14%3A55#NorppuWamppu#HB4HvsqREERD#Skill#Updated%20skill%20'Greetings%20and%20first%20words'%20details
24%2F05%2F2025#14%3A55#NorppuWamppu#HB4HvsqREERD#Skill#Updated%20skill%20'Greetings%20and%20first%20words'%20details
24%2F05%2F2025#14%3A55#NorppuWamppu#HB4HvsqREERD#Skill#Updated%20skill%20'Greetings%20and%20first%20words'%20details
24%2F05%2F2025#14%3A55#NorppuWamppu#HB4HvsqREERD#Skill#Updated%20skill%20'Greetings%20and%20first%20words'%20details
24%2F05%2F2025#14%3A54#NorppuWamppu#HB4HvsqREERD#Skill#Updated%20skill%20'Greetings%20and%20first%20words'%20details
24%2F05%2F2025#14%3A54#NorppuWamppu#HB4HvsqREERD#Skill#Updated%20skill%20'Greetings%20and%20first%20words'%20details
24%2F05%2F2025#14%3A54#NorppuWamppu#HB4HvsqREERD#Skill#Updated%20skill%20'Greetings%20and%20first%20words'%20details
24%2F05%2F2025#14%3A54#NorppuWamppu#HB4HvsqREERD#Skill#Updated%20skill%20'Greetings%20and%20first%20words'%20details
24%2F05%2F2025#14%3A54#NorppuWamppu#HB4HvsqREERD#Skill#Updated%20skill%20'Greetings%20and%20first%20words'%20details
24%2F05%2F2025#14%3A54#NorppuWamppu#HB4HvsqREERD#Skill#Updated%20skill%20'Greetings%20and%20first%20words'%20details
24%2F05%2F2025#14%3A54#NorppuWamppu#HB4HvsqREERD#Skill#Updated%20skill%20'Greetings%20and%20first%20words'%20details
24%2F05%2F2025#14%3A53#NorppuWamppu#rB4evknLdRhR#Skill#Updated%20skill%20'Describing%20things'%20details
24%2F05%2F2025#14%3A53#NorppuWamppu#HB4HvsqREERD#Skill#Updated%20skill%20'Greetings%20and%20first%20words'%20details
24%2F05%2F2025#14%3A52#NorppuWamppu#HB4HvsqREERD#Vocab#Updated%20vocabulary%20for%20skill%20'Greetings%20and%20first%20words'
24%2F05%2F2025#14%3A51#NorppuWamppu#HB4HvsqREERD#Skill#Updated%20skill%20'Greetings%20and%20first%20words'%20details
24%2F05%2F2025#14%3A51#NorppuWamppu#HB4HvsqREERD#Skill#Updated%20skill%20'Greetings%20and%20first%20words'%20details
24%2F05%2F2025#14%3A51#NorppuWamppu#HB4HvsqREERD#Skill#Updated%20skill%20'Greetings%20and%20first%20words'%20details
24%2F05%2F2025#14%3A51#NorppuWamppu#HB4HvsqREERD#Skill#Updated%20skill%20'Greetings%20and%20first%20words'%20details
24%2F05%2F2025#14%3A51#NorppuWamppu#HB4HvsqREERD#Skill#Updated%20skill%20'Greetings%20and%20first%20words'%20details
24%2F05%2F2025#14%3A50#NorppuWamppu#HB4HvsqREERD#Skill#Updated%20skill%20'Greetings%20and%20first%20words'%20details
24%2F05%2F2025#14%3A50#NorppuWamppu#HB4HvsqREERD#Skill#Updated%20skill%20'Greetings%20and%20first%20words'%20details
24%2F05%2F2025#14%3A50#NorppuWamppu#HB4HvsqREERD#Skill#Updated%20skill%20'Greetings%20and%20first%20words'%20details
24%2F05%2F2025#14%3A50#NorppuWamppu#HB4HvsqREERD#Skill#Updated%20skill%20'Greetings%20and%20first%20words'%20details
24%2F05%2F2025#14%3A50#NorppuWamppu#HB4HvsqREERD#Skill#Updated%20skill%20'Greetings%20and%20first%20words'%20details
24%2F05%2F2025#14%3A36#NorppuWamppu#Cr11FG7jNovN#Lesson#Deleted%20lesson%201%20from%20skill%20'rB4evknLdRhR'
24%2F05%2F2025#14%3A36#NorppuWamppu#UNiW25Lbe9An#Lesson#Added%20new%20lesson%202%20to%20skill%20'rB4evknLdRhR'
24%2F05%2F2025#14%3A36#NorppuWamppu#45QmuZV3RJcK#Lesson#Deleted%20lesson%202%20from%20skill%20'rB4evknLdRhR'
24%2F05%2F2025#14%3A36#NorppuWamppu#tPRAaw1h2KXd#Lesson#Deleted%20lesson%203%20from%20skill%20'rB4evknLdRhR'
24%2F05%2F2025#14%3A36#NorppuWamppu#C87qqZCEPiEB#Lesson#Deleted%20lesson%204%20from%20skill%20'rB4evknLdRhR'
24%2F05%2F2025#14%3A36#NorppuWamppu#FFKxtdbE4lqW#Lesson#Deleted%20lesson%205%20from%20skill%20'rB4evknLdRhR'
24%2F05%2F2025#14%3A36#NorppuWamppu#IlwmWYNdEDs0#Lesson#Deleted%20lesson%206%20from%20skill%20'rB4evknLdRhR'
24%2F05%2F2025#14%3A36#NorppuWamppu#cq2sKMEG6qxx#Lesson#Deleted%20lesson%207%20from%20skill%20'rB4evknLdRhR'
24%2F05%2F2025#14%3A36#NorppuWamppu#5XxuX6pVKPAP#Lesson#Deleted%20lesson%207%20from%20skill%20'rB4evknLdRhR'
24%2F05%2F2025#14%3A36#NorppuWamppu#Bu3Jq0LJ1nrU#Lesson#Deleted%20lesson%207%20from%20skill%20'rB4evknLdRhR'
24%2F05%2F2025#14%3A36#NorppuWamppu#9zeqBA9lw7NY#Lesson#Deleted%20lesson%207%20from%20skill%20'rB4evknLdRhR'
24%2F05%2F2025#14%3A36#NorppuWamppu#BV8EZ7EexdLF#Lesson#Deleted%20lesson%207%20from%20skill%20'rB4evknLdRhR'
24%2F05%2F2025#14%3A36#NorppuWamppu#BAesgBG4ZaTd#Lesson#Deleted%20lesson%207%20from%20skill%20'rB4evknLdRhR'
24%2F05%2F2025#14%3A36#NorppuWamppu#caiwgGLg2ubY#Lesson#Deleted%20lesson%207%20from%20skill%20'rB4evknLdRhR'
24%2F05%2F2025#14%3A35#NorppuWamppu#N9CeT51qvieh#Lesson#Deleted%20lesson%206%20from%20skill%20'rB4evknLdRhR'
24%2F05%2F2025#14%3A35#NorppuWamppu#UVdgpHekeEFH#Lesson#Deleted%20lesson%204%20from%20skill%20'rB4evknLdRhR'
24%2F05%2F2025#14%3A35#NorppuWamppu#2f9OQhmdWvHL#Lesson#Deleted%20lesson%201%20from%20skill%20'HB4HvsqREERD'
24%2F05%2F2025#14%3A35#NorppuWamppu#b5pntlrPTIjR#Lesson#Added%20new%20lesson%202%20to%20skill%20'HB4HvsqREERD'
24%2F05%2F2025#14%3A35#NorppuWamppu#jrDmlbwMRlRm#Lesson#Deleted%20lesson%202%20from%20skill%20'HB4HvsqREERD'
24%2F05%2F2025#14%3A35#NorppuWamppu#Nvb3WilfImWa#Lesson#Deleted%20lesson%203%20from%20skill%20'HB4HvsqREERD'
24%2F05%2F2025#14%3A35#NorppuWamppu#wMW6wKJf28WP#Lesson#Deleted%20lesson%204%20from%20skill%20'HB4HvsqREERD'
24%2F05%2F2025#14%3A35#NorppuWamppu#uRzZC8pguZhY#Lesson#Deleted%20lesson%205%20from%20skill%20'HB4HvsqREERD'
24%2F05%2F2025#14%3A35#NorppuWamppu#CEWVxXReg6cx#Lesson#Deleted%20lesson%206%20from%20skill%20'HB4HvsqREERD'
24%2F05%2F2025#14%3A35#NorppuWamppu#TWPO6FyMH4D0#Lesson#Deleted%20lesson%207%20from%20skill%20'HB4HvsqREERD'
24%2F05%2F2025#14%3A35#NorppuWamppu#jwRffH3LgEFD#Lesson#Deleted%20lesson%208%20from%20skill%20'HB4HvsqREERD'
24%2F05%2F2025#14%3A35#NorppuWamppu#5VgHLh7uxwX2#Lesson#Deleted%20lesson%209%20from%20skill%20'HB4HvsqREERD'
24%2F05%2F2025#14%3A35#NorppuWamppu#vxiVJFDPArKb#Lesson#Deleted%20lesson%2010%20from%20skill%20'HB4HvsqREERD'
24%2F05%2F2025#14%3A35#NorppuWamppu#alPCptwhfK6n#Lesson#Deleted%20lesson%2011%20from%20skill%20'HB4HvsqREERD'
24%2F05%2F2025#14%3A34#NorppuWamppu#MUKXi7mFn6Re#Lesson#Deleted%20lesson%2012%20from%20skill%20'HB4HvsqREERD'
24%2F05%2F2025#14%3A34#NorppuWamppu#uYgIDxMSNEGP#Lesson#Deleted%20lesson%2013%20from%20skill%20'HB4HvsqREERD'
24%2F05%2F2025#14%3A34#NorppuWamppu#a9AxVojsfoKv#Lesson#Deleted%20lesson%2013%20from%20skill%20'HB4HvsqREERD'
24%2F05%2F2025#14%3A34#NorppuWamppu#6Gsa66yXQ2ae#Lesson#Deleted%20lesson%2015%20from%20skill%20'HB4HvsqREERD'
22%2F05%2F2025#11%3A22#NorppuWamppu#000000000000#Project#Updated%20project%20metadata
22%2F05%2F2025#11%3A22#NorppuWamppu#WdoSZeZMD25X#Skill#Deleted%20skill%20'New%20Skill'%20from%20unit%202
22%2F05%2F2025#11%3A22#NorppuWamppu#VaXsCVkESVpX#Skill#Updated%20skill%20'Months%20and%20seasons'%20details
22%2F05%2F2025#11%3A22#NorppuWamppu#VaXsCVkESVpX#Skill#Updated%20skill%20'Months%20and%20seasons'%20details
22%2F05%2F2025#11%3A22#NorppuWamppu#WdoSZeZMD25X#Skill#Updated%20skill%20'New%20Skill'%20details
22%2F05%2F2025#11%3A22#NorppuWamppu#WdoSZeZMD25X#Skill#Added%20new%20skill%20'New%20Skill'%20to%20unit%202
22%2F05%2F2025#11%3A22#NorppuWamppu#VaXsCVkESVpX#Skill#Updated%20skill%20'Months'%20details
22%2F05%2F2025#11%3A22#NorppuWamppu#VaXsCVkESVpX#Skill#Updated%20skill%20'Months'%20details
22%2F05%2F2025#11%3A21#NorppuWamppu#VaXsCVkESVpX#Skill#Updated%20skill%20'Months'%20details
22%2F05%2F2025#11%3A21#NorppuWamppu#VaXsCVkESVpX#Skill#Updated%20skill%20'Months'%20details
22%2F05%2F2025#11%3A21#NorppuWamppu#VaXsCVkESVpX#Skill#Updated%20skill%20'Months'%20details
22%2F05%2F2025#11%3A21#NorppuWamppu#VaXsCVkESVpX#Skill#Updated%20skill%20'Months%20and%20seasons'%20details
22%2F05%2F2025#11%3A21#NorppuWamppu#y4NCYDGjln9n#Skill#Updated%20skill%20'Days%20of%20the%20week'%20details
22%2F05%2F2025#11%3A21#NorppuWamppu#y4NCYDGjln9n#Skill#Updated%20skill%20'Days%20of%20the%20week'%20details
22%2F05%2F2025#11%3A21#NorppuWamppu#y4NCYDGjln9n#Skill#Updated%20skill%20'Days%20of%20the%20week'%20details
22%2F05%2F2025#11%3A20#NorppuWamppu#y4NCYDGjln9n#Skill#Updated%20skill%20'Days%20of%20the%20week'%20details
22%2F05%2F2025#11%3A20#NorppuWamppu#mAAHEy2Fd7Xs#Skill#Updated%20skill%20'Time%20of%20day'%20details
22%2F05%2F2025#11%3A20#NorppuWamppu#VaXsCVkESVpX#Skill#Updated%20skill%20'Time%20of%20day'%20details
22%2F05%2F2025#11%3A20#NorppuWamppu#VaXsCVkESVpX#Skill#Updated%20skill%20'Time%20of%20day'%20details
22%2F05%2F2025#11%3A20#NorppuWamppu#VaXsCVkESVpX#Skill#Added%20new%20skill%20'New%20Skill'%20to%20unit%202
22%2F05%2F2025#11%3A19#NorppuWamppu#mAAHEy2Fd7Xs#Skill#Updated%20skill%20'Days%20of%20the%20week'%20details
22%2F05%2F2025#11%3A19#NorppuWamppu#mAAHEy2Fd7Xs#Skill#Updated%20skill%20'Days%20of%20the%20week'%20details
22%2F05%2F2025#11%3A19#NorppuWamppu#mAAHEy2Fd7Xs#Skill#Updated%20skill%20'Days%20of%20the%20week'%20details
22%2F05%2F2025#11%3A19#NorppuWamppu#y4NCYDGjln9n#Skill#Updated%20skill%20'Months%20and%20seasons'%20details
22%2F05%2F2025#11%3A19#NorppuWamppu#y4NCYDGjln9n#Skill#Updated%20skill%20'Months%20and%20seasons'%20details
22%2F05%2F2025#11%3A19#NorppuWamppu#y4NCYDGjln9n#Skill#Updated%20skill%20'Months%20and%20seasons'%20details
22%2F05%2F2025#11%3A19#NorppuWamppu#y4NCYDGjln9n#Skill#Updated%20skill%20'Months%20and%20seasons'%20details
22%2F05%2F2025#11%3A18#NorppuWamppu#y4NCYDGjln9n#Skill#Updated%20skill%20'Months%20and%20seasons'%20details
22%2F05%2F2025#11%3A18#NorppuWamppu#y4NCYDGjln9n#Skill#Updated%20skill%20'Months%20and%20seasons'%20details
22%2F05%2F2025#11%3A18#NorppuWamppu#y4NCYDGjln9n#Skill#Updated%20skill%20'Months%20and%20seasons'%20details
22%2F05%2F2025#11%3A18#NorppuWamppu#y4NCYDGjln9n#Skill#Updated%20skill%20'Months%20and%20seasons'%20details
22%2F05%2F2025#11%3A18#NorppuWamppu#y4NCYDGjln9n#Skill#Added%20new%20skill%20'New%20Skill'%20to%20unit%202
22%2F05%2F2025#11%3A18#NorppuWamppu#mAAHEy2Fd7Xs#Skill#Updated%20skill%20'Days%20of%20the%20week'%20details
22%2F05%2F2025#11%3A17#NorppuWamppu#6GNxyU9jZeGe#Skill#Updated%20skill%20'Verbs%20in%20the%20present%20tense'%20details
22%2F05%2F2025#11%3A17#NorppuWamppu#mAAHEy2Fd7Xs#Skill#Added%20new%20skill%20'New%20Skill'%20to%20unit%202
22%2F05%2F2025#11%3A17#NorppuWamppu#6GNxyU9jZeGe#Skill#Updated%20skill%20'Verbs'%20details
22%2F05%2F2025#11%3A17#NorppuWamppu#6GNxyU9jZeGe#Skill#Updated%20skill%20'New%20Skill'%20details
22%2F05%2F2025#11%3A17#NorppuWamppu#6GNxyU9jZeGe#Skill#Updated%20skill%20'New%20Skill'%20details
22%2F05%2F2025#11%3A16#NorppuWamppu#6GNxyU9jZeGe#Skill#Updated%20skill%20'New%20Skill'%20details
22%2F05%2F2025#11%3A16#NorppuWamppu#2#Unit#Added%20new%20unit%202
22%2F05%2F2025#11%3A16#NorppuWamppu#000000000000#Project#Updated%20project%20metadata
22%2F05%2F2025#11%3A15#NorppuWamppu#1#Unit#Added%20new%20unit%201
22%2F05%2F2025#11%3A15#NorppuWamppu#000000000000#Project#Updated%20project%20metadata
21%2F05%2F2025#22%3A41#NorppuWamppu#000000000000#Project#Updated%20project%20metadata
21%2F05%2F2025#22%3A40#NorppuWamppu#000000000000#Project#Updated%20project%20metadata
21%2F05%2F2025#22%3A39#NorppuWamppu#000000000000#Project#Updated%20project%20metadata
21%2F05%2F2025#22%3A39#NorppuWamppu#am0WAPr1tk2t#Skill#Updated%20skill%20'Questions%20and%20nouns'%20details
21%2F05%2F2025#22%3A39#NorppuWamppu#am0WAPr1tk2t#Skill#Updated%20skill%20'Questions%20and%20nouns'%20details
21%2F05%2F2025#22%3A38#NorppuWamppu#am0WAPr1tk2t#Skill#Updated%20skill%20'Questions%20and%20nouns'%20details
21%2F05%2F2025#22%3A38#NorppuWamppu#am0WAPr1tk2t#Skill#Updated%20skill%20'Questions%20and%20nouns'%20details
21%2F05%2F2025#22%3A38#NorppuWamppu#am0WAPr1tk2t#Skill#Updated%20skill%20'Questions%20and%20nouns'%20details
21%2F05%2F2025#22%3A38#NorppuWamppu#am0WAPr1tk2t#Skill#Updated%20skill%20'Questions%20and%20nouns'%20details
21%2F05%2F2025#22%3A38#NorppuWamppu#am0WAPr1tk2t#Skill#Updated%20skill%20'Questions%20and%20nouns'%20details
21%2F05%2F2025#22%3A38#NorppuWamppu#am0WAPr1tk2t#Skill#Updated%20skill%20'Questions%20and%20nouns'%20details
21%2F05%2F2025#22%3A38#NorppuWamppu#am0WAPr1tk2t#Skill#Updated%20skill%20'Questions%20and%20nouns'%20details
21%2F05%2F2025#22%3A38#NorppuWamppu#am0WAPr1tk2t#Skill#Updated%20skill%20'Questions%20and%20nouns'%20details
21%2F05%2F2025#22%3A38#NorppuWamppu#am0WAPr1tk2t#Skill#Updated%20skill%20'Questions%20and%20nouns'%20details
21%2F05%2F2025#22%3A38#NorppuWamppu#am0WAPr1tk2t#Skill#Updated%20skill%20'Questions%20and%20nouns'%20details
21%2F05%2F2025#22%3A38#NorppuWamppu#am0WAPr1tk2t#Skill#Updated%20skill%20'Questions%20and%20nouns'%20details
21%2F05%2F2025#22%3A38#NorppuWamppu#am0WAPr1tk2t#Skill#Updated%20skill%20'Questions%20and%20nouns'%20details
21%2F05%2F2025#22%3A37#NorppuWamppu#am0WAPr1tk2t#Skill#Updated%20skill%20'Questions%20and%20nouns'%20details
21%2F05%2F2025#22%3A37#NorppuWamppu#am0WAPr1tk2t#Skill#Updated%20skill%20'Nouns%20and%20questions'%20details
21%2F05%2F2025#22%3A37#NorppuWamppu#am0WAPr1tk2t#Skill#Updated%20skill%20'Nouns%20and%20questions'%20details
21%2F05%2F2025#22%3A36#NorppuWamppu#am0WAPr1tk2t#Skill#Updated%20skill%20'More%20nouns'%20details
21%2F05%2F2025#22%3A35#NorppuWamppu#000000000000#Project#Updated%20project%20metadata
21%2F05%2F2025#22%3A35#NorppuWamppu#AOEYIHOissju#Question#Deleted%20question%20'AOEYIHOissju'%20from%20lesson%20'FFKxtdbE4lqW'
21%2F05%2F2025#22%3A35#NorppuWamppu#haTV0c6VThUs#Question#Deleted%20question%20'haTV0c6VThUs'%20from%20lesson%20'C87qqZCEPiEB'
21%2F05%2F2025#22%3A35#NorppuWamppu#zuh6BinSsxXe#Question#Deleted%20question%20'zuh6BinSsxXe'%20from%20lesson%20'C87qqZCEPiEB'
21%2F05%2F2025#22%3A35#NorppuWamppu#pHY1JyRXFQRe#Question#Deleted%20question%20'pHY1JyRXFQRe'%20from%20lesson%20'C87qqZCEPiEB'
21%2F05%2F2025#22%3A35#NorppuWamppu#uV2gjOnMpTjc#Question#Deleted%20question%20'uV2gjOnMpTjc'%20from%20lesson%20'C87qqZCEPiEB'
21%2F05%2F2025#22%3A35#NorppuWamppu#SKxxZmUuKbnZ#Question#Deleted%20question%20'SKxxZmUuKbnZ'%20from%20lesson%20'UVdgpHekeEFH'
21%2F05%2F2025#22%3A35#NorppuWamppu#2Toy1yjYnI91#Question#Deleted%20question%20'2Toy1yjYnI91'%20from%20lesson%20'UVdgpHekeEFH'
21%2F05%2F2025#22%3A35#NorppuWamppu#cHcwUq3rwycJ#Question#Deleted%20question%20'cHcwUq3rwycJ'%20from%20lesson%20'UVdgpHekeEFH'
21%2F05%2F2025#22%3A34#NorppuWamppu#v3w5YrUXuu1t#Question#Deleted%20question%20'v3w5YrUXuu1t'%20from%20lesson%20'UVdgpHekeEFH'
21%2F05%2F2025#22%3A34#NorppuWamppu#xS2ntj8Kh8lz#Question#Deleted%20question%20'xS2ntj8Kh8lz'%20from%20lesson%20'UVdgpHekeEFH'
21%2F05%2F2025#22%3A34#NorppuWamppu#iRmb9ohqDKcw#Question#Deleted%20question%20'iRmb9ohqDKcw'%20from%20lesson%20'tPRAaw1h2KXd'
21%2F05%2F2025#22%3A34#NorppuWamppu#Bokc9aonVmgd#Question#Deleted%20question%20'Bokc9aonVmgd'%20from%20lesson%20'tPRAaw1h2KXd'
21%2F05%2F2025#22%3A34#NorppuWamppu#TwG0LaytPRCY#Question#Deleted%20question%20'TwG0LaytPRCY'%20from%20lesson%20'tPRAaw1h2KXd'
21%2F05%2F2025#22%3A34#NorppuWamppu#ZALZJhsjBmAB#Question#Deleted%20question%20'ZALZJhsjBmAB'%20from%20lesson%20'tPRAaw1h2KXd'
21%2F05%2F2025#22%3A34#NorppuWamppu#C8PptQWbzw2A#Question#Deleted%20question%20'C8PptQWbzw2A'%20from%20lesson%20'tPRAaw1h2KXd'
21%2F05%2F2025#22%3A34#NorppuWamppu#kACeyy2C5VjB#Question#Deleted%20question%20'kACeyy2C5VjB'%20from%20lesson%20'45QmuZV3RJcK'
21%2F05%2F2025#22%3A33#NorppuWamppu#ruxvq2irDwRa#Question#Deleted%20question%20'ruxvq2irDwRa'%20from%20lesson%20'45QmuZV3RJcK'
21%2F05%2F2025#22%3A33#NorppuWamppu#iDRjGZMEIx25#Question#Deleted%20question%20'iDRjGZMEIx25'%20from%20lesson%20'45QmuZV3RJcK'
21%2F05%2F2025#22%3A33#NorppuWamppu#SglXFAZFTG1G#Question#Deleted%20question%20'SglXFAZFTG1G'%20from%20lesson%20'45QmuZV3RJcK'
21%2F05%2F2025#22%3A33#NorppuWamppu#s5mRRbyRXgvJ#Question#Deleted%20question%20's5mRRbyRXgvJ'%20from%20lesson%20'45QmuZV3RJcK'
21%2F05%2F2025#22%3A33#NorppuWamppu#T8YgsDG7YILl#Question#Deleted%20question%20'T8YgsDG7YILl'%20from%20lesson%20'45QmuZV3RJcK'
21%2F05%2F2025#22%3A33#NorppuWamppu#vgggiX8g1BVr#Question#Deleted%20question%20'vgggiX8g1BVr'%20from%20lesson%20'Cr11FG7jNovN'
21%2F05%2F2025#22%3A33#NorppuWamppu#bCIdGjVOkKwL#Question#Deleted%20question%20'bCIdGjVOkKwL'%20from%20lesson%20'Cr11FG7jNovN'
21%2F05%2F2025#22%3A33#NorppuWamppu#ymwEUENhsNnE#Question#Deleted%20question%20'ymwEUENhsNnE'%20from%20lesson%20'Cr11FG7jNovN'
21%2F05%2F2025#22%3A33#NorppuWamppu#YQSPOkgi1ftx#Question#Deleted%20question%20'YQSPOkgi1ftx'%20from%20lesson%20'Cr11FG7jNovN'
21%2F05%2F2025#22%3A33#NorppuWamppu#NVc4RTpyk4j7#Question#Deleted%20question%20'NVc4RTpyk4j7'%20from%20lesson%20'Cr11FG7jNovN'
21%2F05%2F2025#22%3A33#NorppuWamppu#000000000000#Project#Updated%20project%20metadata
21%2F05%2F2025#22%3A32#NorppuWamppu#am0WAPr1tk2t#Skill#Updated%20skill%20'Negation'%20details
21%2F05%2F2025#22%3A32#NorppuWamppu#am0WAPr1tk2t#Skill#Updated%20skill%20'Negation'%20details
21%2F05%2F2025#22%3A32#NorppuWamppu#am0WAPr1tk2t#Skill#Updated%20skill%20'Negation'%20details
21%2F05%2F2025#22%3A32#NorppuWamppu#am0WAPr1tk2t#Skill#Updated%20skill%20'Negation'%20details
21%2F05%2F2025#22%3A28#NorppuWamppu#am0WAPr1tk2t#Skill#Updated%20skill%20'Negation'%20details
21%2F05%2F2025#22%3A28#NorppuWamppu#am0WAPr1tk2t#Skill#Updated%20skill%20'Negation'%20details
21%2F05%2F2025#22%3A28#NorppuWamppu#am0WAPr1tk2t#Skill#Updated%20skill%20'Negation'%20details
21%2F05%2F2025#22%3A28#NorppuWamppu#am0WAPr1tk2t#Skill#Updated%20skill%20'Negation'%20details
21%2F05%2F2025#22%3A28#NorppuWamppu#am0WAPr1tk2t#Skill#Updated%20skill%20'Negation'%20details
21%2F05%2F2025#22%3A28#NorppuWamppu#am0WAPr1tk2t#Skill#Updated%20skill%20'Negation'%20details
21%2F05%2F2025#22%3A28#NorppuWamppu#am0WAPr1tk2t#Skill#Updated%20skill%20'Negation'%20details
21%2F05%2F2025#22%3A27#NorppuWamppu#am0WAPr1tk2t#Skill#Updated%20skill%20'Negation'%20details
21%2F05%2F2025#22%3A26#NorppuWamppu#am0WAPr1tk2t#Skill#Updated%20skill%20'Negation'%20details
21%2F05%2F2025#22%3A26#NorppuWamppu#am0WAPr1tk2t#Skill#Added%20new%20skill%20'New%20Skill'%20to%20unit%200
21%2F05%2F2025#22%3A25#NorppuWamppu#g8Zd6rGoOzeE#Question#Added%20new%20'FlashCard'%20question%20to%20lesson%20'tPRAaw1h2KXd'
21%2F05%2F2025#22%3A25#NorppuWamppu#BC1N7y9ERh9U#Question#Added%20new%20'FlashCard'%20question%20to%20lesson%20'tPRAaw1h2KXd'
21%2F05%2F2025#22%3A25#NorppuWamppu#oxN5GV6cCTZx#Question#Deleted%20question%20'oxN5GV6cCTZx'%20from%20lesson%20'tPRAaw1h2KXd'
21%2F05%2F2025#22%3A23#NorppuWamppu#gKtQbRtlkgKF#Question#Added%20new%20'PickOne'%20question%20to%20lesson%20'Cr11FG7jNovN'
21%2F05%2F2025#22%3A23#NorppuWamppu#DCtAjKIKwqaj#Question#Deleted%20question%20'DCtAjKIKwqaj'%20from%20lesson%20'Cr11FG7jNovN'
21%2F05%2F2025#22%3A21#NorppuWamppu#O7m5jZPT3RiT#Question#Added%20new%20'FlashCard'%20question%20to%20lesson%20'jrDmlbwMRlRm'
21%2F05%2F2025#22%3A20#NorppuWamppu#KYLhgDZWy2oW#Question#Added%20new%20'PickOne'%20question%20to%20lesson%20'2f9OQhmdWvHL'
21%2F05%2F2025#22%3A19#NorppuWamppu#r1H9u5vc1FMP#Question#Added%20new%20'SpellingPick'%20question%20to%20lesson%20'wMW6wKJf28WP'
21%2F05%2F2025#22%3A18#NorppuWamppu#kzr4s2KNbiq4#Question#Added%20new%20'FlashCard'%20question%20to%20lesson%20'Nvb3WilfImWa'
21%2F05%2F2025#22%3A18#NorppuWamppu#000000000000#Project#Updated%20project%20metadata
21%2F05%2F2025#22%3A17#NorppuWamppu#OUp7XwNI1hm6#Question#Added%20new%20'Match'%20question%20to%20lesson%20'jrDmlbwMRlRm'
21%2F05%2F2025#22%3A16#NorppuWamppu#3dNFi0JnjrKJ#Question#Added%20new%20'FlashCard'%20question%20to%20lesson%20'2f9OQhmdWvHL'
21%2F05%2F2025#22%3A15#NorppuWamppu#duMEsPpPKAzi#Question#Added%20new%20'PickOne'%20question%20to%20lesson%20'2f9OQhmdWvHL'
21%2F05%2F2025#22%3A15#NorppuWamppu#2m3fS6e7fSAk#Question#Added%20new%20'FlashCard'%20question%20to%20lesson%20'2f9OQhmdWvHL'
21%2F05%2F2025#22%3A13#NorppuWamppu#jMFwNriBLUek#Question#Added%20new%20'FlashCard'%20question%20to%20lesson%20'2f9OQhmdWvHL'
21%2F05%2F2025#22%3A12#NorppuWamppu#zB8DuiKsX7es#Question#Added%20new%20'PickOne'%20question%20to%20lesson%20'2f9OQhmdWvHL'
21%2F05%2F2025#22%3A11#NorppuWamppu#rB4evknLdRhR#Skill#Updated%20skill%20'Describing%20things'%20details
21%2F05%2F2025#22%3A07#NorppuWamppu#000000000000#Project#Updated%20project%20metadata
21%2F05%2F2025#22%3A07#NorppuWamppu#rB4evknLdRhR#Sentences#Updated%20sentences%20for%20skill%20'Describing%20things'
21%2F05%2F2025#21%3A55#NorppuWamppu#rB4evknLdRhR#Vocab#Updated%20vocabulary%20for%20skill%20'Describing%20things'
21%2F05%2F2025#21%3A47#NorppuWamppu#000000000000#Project#Updated%20project%20metadata
21%2F05%2F2025#21%3A47#NorppuWamppu#rB4evknLdRhR#Vocab#Updated%20vocabulary%20for%20skill%20'Describing%20things'
21%2F05%2F2025#21%3A38#NorppuWamppu#000000000000#Project#Updated%20project%20metadata
21%2F05%2F2025#21%3A37#NorppuWamppu#rB4evknLdRhR#Skill#Updated%20skill%20'Describing%20things'%20details
21%2F05%2F2025#21%3A37#NorppuWamppu#rB4evknLdRhR#Skill#Updated%20skill%20'Describing%20things'%20details
21%2F05%2F2025#21%3A37#NorppuWamppu#rB4evknLdRhR#Skill#Updated%20skill%20'Describing%20things'%20details
21%2F05%2F2025#21%3A36#NorppuWamppu#rB4evknLdRhR#Skill#Updated%20skill%20'Describing%20things'%20details
21%2F05%2F2025#21%3A36#NorppuWamppu#rB4evknLdRhR#Skill#Added%20new%20skill%20'New%20Skill'%20to%20unit%200
21%2F05%2F2025#21%3A36#NorppuWamppu#HB4HvsqREERD#Skill#Updated%20skill%20'Greetings%20and%20first%20words'%20details
21%2F05%2F2025#21%3A34#NorppuWamppu#000000000000#Project#Updated%20project%20metadata
21%2F05%2F2025#21%3A34#NorppuWamppu#KbxzGcYmL5eH#Question#Deleted%20question%20'KbxzGcYmL5eH'%20from%20lesson%20'jrDmlbwMRlRm'
21%2F05%2F2025#21%3A33#NorppuWamppu#8WrYLtuWwLda#Question#Deleted%20question%20'8WrYLtuWwLda'%20from%20lesson%20'jrDmlbwMRlRm'
21%2F05%2F2025#21%3A33#NorppuWamppu#6NgT7nMmYf8t#Question#Deleted%20question%20'6NgT7nMmYf8t'%20from%20lesson%20'jrDmlbwMRlRm'
21%2F05%2F2025#21%3A33#NorppuWamppu#UaFimnGyZWRZ#Question#Deleted%20question%20'UaFimnGyZWRZ'%20from%20lesson%20'jrDmlbwMRlRm'
21%2F05%2F2025#21%3A32#NorppuWamppu#T06eiVZKVupP#Question#Deleted%20question%20'T06eiVZKVupP'%20from%20lesson%20'jrDmlbwMRlRm'
21%2F05%2F2025#21%3A32#NorppuWamppu#GOPJpXOp78RT#Question#Deleted%20question%20'GOPJpXOp78RT'%20from%20lesson%20'2f9OQhmdWvHL'
21%2F05%2F2025#21%3A32#NorppuWamppu#Qs84YNBm2OiT#Question#Deleted%20question%20'Qs84YNBm2OiT'%20from%20lesson%20'2f9OQhmdWvHL'
21%2F05%2F2025#21%3A29#NorppuWamppu#DSzNrTfg42Xm#Question#Deleted%20question%20'DSzNrTfg42Xm'%20from%20lesson%20'6Gsa66yXQ2ae'
21%2F05%2F2025#21%3A29#NorppuWamppu#cVgd4N3auHC4#Question#Deleted%20question%20'cVgd4N3auHC4'%20from%20lesson%20'a9AxVojsfoKv'
21%2F05%2F2025#21%3A29#NorppuWamppu#v5IYERikTta3#Question#Deleted%20question%20'v5IYERikTta3'%20from%20lesson%20'MUKXi7mFn6Re'
21%2F05%2F2025#21%3A28#NorppuWamppu#4bx5ImkXE8pD#Question#Deleted%20question%20'4bx5ImkXE8pD'%20from%20lesson%20'jwRffH3LgEFD'
21%2F05%2F2025#21%3A27#NorppuWamppu#6dL4MNu4CjVQ#Question#Deleted%20question%20'6dL4MNu4CjVQ'%20from%20lesson%20'CEWVxXReg6cx'
21%2F05%2F2025#21%3A26#NorppuWamppu#bmIMIyqBGUwX#Question#Deleted%20question%20'bmIMIyqBGUwX'%20from%20lesson%20'uRzZC8pguZhY'
21%2F05%2F2025#21%3A25#NorppuWamppu#Myl2oog1pgjL#Question#Deleted%20question%20'Myl2oog1pgjL'%20from%20lesson%20'wMW6wKJf28WP'
21%2F05%2F2025#21%3A22#NorppuWamppu#ra6NfYRbI2Bp#Question#Deleted%20question%20'ra6NfYRbI2Bp'%20from%20lesson%20'6Gsa66yXQ2ae'
21%2F05%2F2025#21%3A22#NorppuWamppu#rZU955UEELiN#Question#Deleted%20question%20'rZU955UEELiN'%20from%20lesson%20'6Gsa66yXQ2ae'
21%2F05%2F2025#21%3A21#NorppuWamppu#i1A3ffXoHOVK#Question#Deleted%20question%20'i1A3ffXoHOVK'%20from%20lesson%20'uYgIDxMSNEGP'
21%2F05%2F2025#21%3A21#NorppuWamppu#MkWlpWsZvWBk#Question#Deleted%20question%20'MkWlpWsZvWBk'%20from%20lesson%20'uYgIDxMSNEGP'
21%2F05%2F2025#21%3A20#NorppuWamppu#000000000000#Project#Updated%20project%20metadata
21%2F05%2F2025#21%3A20#NorppuWamppu#sj0gcqWlXoQR#Question#Deleted%20question%20'sj0gcqWlXoQR'%20from%20lesson%20'a9AxVojsfoKv'
21%2F05%2F2025#21%3A20#NorppuWamppu#EAmCz4WMBCip#Question#Deleted%20question%20'EAmCz4WMBCip'%20from%20lesson%20'a9AxVojsfoKv'
21%2F05%2F2025#21%3A20#NorppuWamppu#Ci30gc01INy8#Question#Deleted%20question%20'Ci30gc01INy8'%20from%20lesson%20'MUKXi7mFn6Re'
21%2F05%2F2025#21%3A20#NorppuWamppu#4oxm7oiiOj5N#Question#Deleted%20question%20'4oxm7oiiOj5N'%20from%20lesson%20'MUKXi7mFn6Re'
21%2F05%2F2025#21%3A20#NorppuWamppu#cBalrx0uox6b#Question#Deleted%20question%20'cBalrx0uox6b'%20from%20lesson%20'alPCptwhfK6n'
21%2F05%2F2025#21%3A20#NorppuWamppu#9223qwZ0bZfb#Question#Deleted%20question%20'9223qwZ0bZfb'%20from%20lesson%20'alPCptwhfK6n'
21%2F05%2F2025#21%3A20#NorppuWamppu#c0azrz78x5vl#Question#Deleted%20question%20'c0azrz78x5vl'%20from%20lesson%20'alPCptwhfK6n'
21%2F05%2F2025#21%3A19#NorppuWamppu#dFrO8xG05kDa#Question#Deleted%20question%20'dFrO8xG05kDa'%20from%20lesson%20'vxiVJFDPArKb'
21%2F05%2F2025#21%3A19#NorppuWamppu#82JhVJdH4j2Z#Question#Deleted%20question%20'82JhVJdH4j2Z'%20from%20lesson%20'vxiVJFDPArKb'
21%2F05%2F2025#21%3A19#NorppuWamppu#Nzmmk8MHsiup#Question#Deleted%20question%20'Nzmmk8MHsiup'%20from%20lesson%20'5VgHLh7uxwX2'
21%2F05%2F2025#21%3A19#NorppuWamppu#QqYL7URbrHhl#Question#Deleted%20question%20'QqYL7URbrHhl'%20from%20lesson%20'5VgHLh7uxwX2'
21%2F05%2F2025#21%3A19#NorppuWamppu#qvrx4UasMGB6#Question#Deleted%20question%20'qvrx4UasMGB6'%20from%20lesson%20'5VgHLh7uxwX2'
21%2F05%2F2025#21%3A18#NorppuWamppu#3npiN47NnUFL#Question#Deleted%20question%20'3npiN47NnUFL'%20from%20lesson%20'jwRffH3LgEFD'
21%2F05%2F2025#21%3A18#NorppuWamppu#TFI4keUklJa5#Question#Deleted%20question%20'TFI4keUklJa5'%20from%20lesson%20'jwRffH3LgEFD'
21%2F05%2F2025#21%3A18#NorppuWamppu#dpnc0ev1VV18#Question#Deleted%20question%20'dpnc0ev1VV18'%20from%20lesson%20'TWPO6FyMH4D0'
21%2F05%2F2025#21%3A18#NorppuWamppu#4KbqZXp4SWqt#Question#Deleted%20question%20'4KbqZXp4SWqt'%20from%20lesson%20'TWPO6FyMH4D0'
21%2F05%2F2025#21%3A18#NorppuWamppu#Rd1wz8htUPyM#Question#Deleted%20question%20'Rd1wz8htUPyM'%20from%20lesson%20'TWPO6FyMH4D0'
21%2F05%2F2025#21%3A18#NorppuWamppu#Ph9HsKZXeg1E#Question#Deleted%20question%20'Ph9HsKZXeg1E'%20from%20lesson%20'CEWVxXReg6cx'
21%2F05%2F2025#21%3A18#NorppuWamppu#eXtR0mymtvKf#Question#Deleted%20question%20'eXtR0mymtvKf'%20from%20lesson%20'CEWVxXReg6cx'
21%2F05%2F2025#21%3A18#NorppuWamppu#7OEwcQrna5nQ#Question#Deleted%20question%20'7OEwcQrna5nQ'%20from%20lesson%20'CEWVxXReg6cx'
21%2F05%2F2025#21%3A17#NorppuWamppu#OZDzQD0dsi1d#Question#Deleted%20question%20'OZDzQD0dsi1d'%20from%20lesson%20'CEWVxXReg6cx'
21%2F05%2F2025#21%3A17#NorppuWamppu#cE9cvaFBUuTJ#Question#Deleted%20question%20'cE9cvaFBUuTJ'%20from%20lesson%20'uRzZC8pguZhY'
21%2F05%2F2025#21%3A17#NorppuWamppu#6UNSSnC0LC13#Question#Deleted%20question%20'6UNSSnC0LC13'%20from%20lesson%20'uRzZC8pguZhY'
21%2F05%2F2025#21%3A17#NorppuWamppu#jXkfSg5K2yK6#Question#Deleted%20question%20'jXkfSg5K2yK6'%20from%20lesson%20'uRzZC8pguZhY'
21%2F05%2F2025#21%3A17#NorppuWamppu#V6I72o0GabzW#Question#Deleted%20question%20'V6I72o0GabzW'%20from%20lesson%20'uRzZC8pguZhY'
21%2F05%2F2025#21%3A17#NorppuWamppu#SKH1uthMgWZT#Question#Deleted%20question%20'SKH1uthMgWZT'%20from%20lesson%20'wMW6wKJf28WP'
21%2F05%2F2025#21%3A17#NorppuWamppu#8HqZ7ltuRl4w#Question#Deleted%20question%20'8HqZ7ltuRl4w'%20from%20lesson%20'wMW6wKJf28WP'
21%2F05%2F2025#21%3A17#NorppuWamppu#aozgWTt124N4#Question#Deleted%20question%20'aozgWTt124N4'%20from%20lesson%20'wMW6wKJf28WP'
21%2F05%2F2025#21%3A17#NorppuWamppu#1LcltbgK5dm3#Question#Deleted%20question%20'1LcltbgK5dm3'%20from%20lesson%20'wMW6wKJf28WP'
21%2F05%2F2025#21%3A17#NorppuWamppu#Wgt6SSyM5YlC#Question#Deleted%20question%20'Wgt6SSyM5YlC'%20from%20lesson%20'Nvb3WilfImWa'
21%2F05%2F2025#21%3A17#NorppuWamppu#vK5rzFzg4f11#Question#Deleted%20question%20'vK5rzFzg4f11'%20from%20lesson%20'Nvb3WilfImWa'
21%2F05%2F2025#21%3A17#NorppuWamppu#g1tI19LLYkv0#Question#Deleted%20question%20'g1tI19LLYkv0'%20from%20lesson%20'Nvb3WilfImWa'
21%2F05%2F2025#21%3A17#NorppuWamppu#JPHqGPlIP4MJ#Question#Deleted%20question%20'JPHqGPlIP4MJ'%20from%20lesson%20'Nvb3WilfImWa'
21%2F05%2F2025#21%3A16#NorppuWamppu#QDEQHH8BX01P#Question#Deleted%20question%20'QDEQHH8BX01P'%20from%20lesson%20'Nvb3WilfImWa'
21%2F05%2F2025#21%3A16#NorppuWamppu#CJTeWyVwkr8t#Question#Deleted%20question%20'CJTeWyVwkr8t'%20from%20lesson%20'Nvb3WilfImWa'
21%2F05%2F2025#21%3A16#NorppuWamppu#enLd4vwfHPFx#Question#Deleted%20question%20'enLd4vwfHPFx'%20from%20lesson%20'2f9OQhmdWvHL'
21%2F05%2F2025#21%3A16#NorppuWamppu#g5zbudYyKIyt#Question#Deleted%20question%20'g5zbudYyKIyt'%20from%20lesson%20'jrDmlbwMRlRm'
21%2F05%2F2025#21%3A16#NorppuWamppu#XDVVnEkLpyFP#Question#Deleted%20question%20'XDVVnEkLpyFP'%20from%20lesson%20'jrDmlbwMRlRm'
21%2F05%2F2025#21%3A16#NorppuWamppu#oSBrzccwWD77#Question#Deleted%20question%20'oSBrzccwWD77'%20from%20lesson%20'2f9OQhmdWvHL'
21%2F05%2F2025#21%3A16#NorppuWamppu#A6WSHa1EFNwd#Question#Deleted%20question%20'A6WSHa1EFNwd'%20from%20lesson%20'2f9OQhmdWvHL'
21%2F05%2F2025#21%3A16#NorppuWamppu#ZxveERJ6XAkv#Question#Deleted%20question%20'ZxveERJ6XAkv'%20from%20lesson%20'2f9OQhmdWvHL'
21%2F05%2F2025#21%3A16#NorppuWamppu#ApXpjErbtoDs#Question#Deleted%20question%20'ApXpjErbtoDs'%20from%20lesson%20'2f9OQhmdWvHL'
21%2F05%2F2025#21%3A16#NorppuWamppu#lpuSQdZ2VCEI#Question#Deleted%20question%20'lpuSQdZ2VCEI'%20from%20lesson%20'2f9OQhmdWvHL'
21%2F05%2F2025#21%3A15#NorppuWamppu#4jxLp61mVUkF#Question#Deleted%20question%20'4jxLp61mVUkF'%20from%20lesson%20'2f9OQhmdWvHL'
21%2F05%2F2025#21%3A15#NorppuWamppu#zoyCSZknh41F#Question#Deleted%20question%20'zoyCSZknh41F'%20from%20lesson%20'2f9OQhmdWvHL'
21%2F05%2F2025#21%3A15#NorppuWamppu#pbL0BcZF2gRc#Question#Deleted%20question%20'pbL0BcZF2gRc'%20from%20lesson%20'jrDmlbwMRlRm'
21%2F05%2F2025#21%3A15#NorppuWamppu#yTLH0MM7DIga#Question#Deleted%20question%20'yTLH0MM7DIga'%20from%20lesson%20'jrDmlbwMRlRm'
21%2F05%2F2025#21%3A15#NorppuWamppu#mvazVaWDN43q#Question#Deleted%20question%20'mvazVaWDN43q'%20from%20lesson%20'jrDmlbwMRlRm'
21%2F05%2F2025#21%3A15#NorppuWamppu#3zFNPVzDToWM#Question#Deleted%20question%20'3zFNPVzDToWM'%20from%20lesson%20'jrDmlbwMRlRm'
21%2F05%2F2025#21%3A15#NorppuWamppu#5bNP4fIXBjFH#Question#Deleted%20question%20'5bNP4fIXBjFH'%20from%20lesson%20'jrDmlbwMRlRm'
21%2F05%2F2025#21%3A06#NorppuWamppu#zoyCSZknh41F#Question#Added%20new%20'ImagePick'%20question%20to%20lesson%20'2f9OQhmdWvHL'
21%2F05%2F2025#20%3A58#NorppuWamppu#g3IR6b8y6bie#Question#Deleted%20question%20'g3IR6b8y6bie'%20from%20lesson%20'2f9OQhmdWvHL'
21%2F05%2F2025#20%3A55#NorppuWamppu#HB4HvsqREERD#Skill#Updated%20skill%20'Greetings%20and%20goodbyes'%20details
21%2F05%2F2025#20%3A54#NorppuWamppu#wlLAnBt52LRp#Lesson#Deleted%20lesson%201%20from%20skill%20'HB4HvsqREERD'
21%2F05%2F2025#20%3A50#NorppuWamppu#000000000000#Project#Updated%20project%20metadata
21%2F05%2F2025#20%3A50#NorppuWamppu#HB4HvsqREERD#Vocab#Updated%20vocabulary%20for%20skill%20'Greetings%20and%20goodbyes'
21%2F05%2F2025#20%3A47#NorppuWamppu#HB4HvsqREERD#Sentences#Updated%20sentences%20for%20skill%20'Greetings%20and%20goodbyes'
21%2F05%2F2025#20%3A38#NorppuWamppu#HB4HvsqREERD#Vocab#Updated%20vocabulary%20for%20skill%20'Greetings%20and%20goodbyes'
21%2F05%2F2025#20%3A34#NorppuWamppu#vRy6OcrJsX8K#Skill#Deleted%20skill%20'Template%20Skill'%20from%20unit%200
21%2F05%2F2025#14%3A49#NorppuWamppu#000000000000#Project#Updated%20project%20metadata
21%2F05%2F2025#14%3A33#NorppuWamppu#000000000000#Project#Updated%20project%20metadata
21%2F05%2F2025#14%3A32#NorppuWamppu#HB4HvsqREERD#Sentences#Updated%20sentences%20for%20skill%20'Greetings%20and%20goodbyes'
21%2F05%2F2025#14%3A29#NorppuWamppu#000000000000#Project#Updated%20project%20metadata
21%2F05%2F2025#14%3A29#NorppuWamppu#HB4HvsqREERD#Skill#Updated%20skill%20'Greetings%20and%20goodbyes'%20details
21%2F05%2F2025#14%3A28#NorppuWamppu#HB4HvsqREERD#Skill#Updated%20skill%20'Greetings%20and%20goodbyes'%20details
21%2F05%2F2025#14%3A28#NorppuWamppu#HB4HvsqREERD#Skill#Updated%20skill%20'Greetings%20and%20goodbyes'%20details
21%2F05%2F2025#14%3A28#NorppuWamppu#HB4HvsqREERD#Skill#Updated%20skill%20'Greetings%20and%20goodbyes'%20details
21%2F05%2F2025#14%3A28#NorppuWamppu#HB4HvsqREERD#Skill#Updated%20skill%20'Greetings%20and%20goodbyes'%20details
21%2F05%2F2025#14%3A28#NorppuWamppu#HB4HvsqREERD#Skill#Updated%20skill%20'Greetings%20and%20goodbyes'%20details
21%2F05%2F2025#14%3A28#NorppuWamppu#HB4HvsqREERD#Skill#Updated%20skill%20'Greetings%20and%20goodbyes'%20details
21%2F05%2F2025#14%3A28#NorppuWamppu#HB4HvsqREERD#Skill#Updated%20skill%20'Greetings%20and%20goodbyes'%20details
21%2F05%2F2025#14%3A28#NorppuWamppu#HB4HvsqREERD#Skill#Updated%20skill%20'Greetings%20and%20goodbyes'%20details
21%2F05%2F2025#14%3A28#NorppuWamppu#HB4HvsqREERD#Skill#Updated%20skill%20'Greetings%20and%20goodbyes'%20details
21%2F05%2F2025#14%3A27#NorppuWamppu#HB4HvsqREERD#Skill#Updated%20skill%20'Greetings%20and%20goodbyes'%20details
21%2F05%2F2025#14%3A27#NorppuWamppu#HB4HvsqREERD#Skill#Added%20new%20skill%20'New%20Skill'%20to%20unit%200
21%2F05%2F2025#14%3A26#NorppuWamppu#000000000000#Project#Updated%20project%20metadata
21%2F05%2F2025#14%3A26#NorppuWamppu#000000000000#Project#Updated%20project%20metadata
21%2F05%2F2025#14%3A26#NorppuWamppu#000000000000#Project#Created%20new%20project%20'Finnish'